12:39:39.506 [main] INFO  testcases.Signin - SignIn successfully
12:44:07.576 [main] INFO  testcases.Signin - SignIn successfully
12:46:35.480 [main] ERROR testcases.Basiccontrol - Error occurred in signaturestep method: 
org.openqa.selenium.WebDriverException: target frame detached
  (failed to check if window was closed: disconnected: Unable to receive message from renderer)
  (Session info: chrome=137.0.7151.69)
Build info: version: '4.32.0', revision: 'd17c8aa950'
System info: os.name: 'Windows 10', os.arch: 'amd64', os.version: '10.0', java.version: '17.0.11'
Driver info: org.openqa.selenium.chrome.ChromeDriver
Command: [5d6d6fcd761c4c186e00a5b65f49fa22, findElement {using=xpath, value=(//span[@data-type='textfield'])[15]}]
Capabilities {acceptInsecureCerts: false, browserName: chrome, browserVersion: 137.0.7151.69, chrome: {chromedriverVersion: 137.0.7151.68 (2989ffee9373..., userDataDir: C:\Users\VSRIKA~1\AppData\L...}, fedcm:accounts: true, goog:chromeOptions: {debuggerAddress: localhost:50707}, networkConnectionEnabled: false, pageLoadStrategy: normal, platformName: windows, proxy: Proxy(), se:cdp: ws://localhost:50707/devtoo..., se:cdpVersion: 137.0.7151.69, setWindowRect: true, strictFileInteractability: false, timeouts: {implicit: 0, pageLoad: 300000, script: 30000}, unhandledPromptBehavior: dismiss and notify, webauthn:extension:credBlob: true, webauthn:extension:largeBlob: true, webauthn:extension:minPinLength: true, webauthn:extension:prf: true, webauthn:virtualAuthenticators: true}
Session ID: 5d6d6fcd761c4c186e00a5b65f49fa22
	at java.base/jdk.internal.reflect.NativeConstructorAccessorImpl.newInstance0(Native Method) ~[?:?]
	at java.base/jdk.internal.reflect.NativeConstructorAccessorImpl.newInstance(NativeConstructorAccessorImpl.java:77) ~[?:?]
	at java.base/jdk.internal.reflect.DelegatingConstructorAccessorImpl.newInstance(DelegatingConstructorAccessorImpl.java:45) ~[?:?]
	at java.base/java.lang.reflect.Constructor.newInstanceWithCaller(Constructor.java:499) ~[?:?]
	at java.base/java.lang.reflect.Constructor.newInstance(Constructor.java:480) ~[?:?]
	at org.openqa.selenium.remote.ErrorCodec.decode(ErrorCodec.java:167) ~[selenium-server-4.32.0.jar:?]
	at org.openqa.selenium.remote.codec.w3c.W3CHttpResponseCodec.decode(W3CHttpResponseCodec.java:138) ~[selenium-server-4.32.0.jar:?]
	at org.openqa.selenium.remote.codec.w3c.W3CHttpResponseCodec.decode(W3CHttpResponseCodec.java:50) ~[selenium-server-4.32.0.jar:?]
	at org.openqa.selenium.remote.HttpCommandExecutor.execute(HttpCommandExecutor.java:215) ~[selenium-server-4.32.0.jar:?]
	at org.openqa.selenium.remote.service.DriverCommandExecutor.invokeExecute(DriverCommandExecutor.java:216) ~[selenium-server-4.32.0.jar:?]
	at org.openqa.selenium.remote.service.DriverCommandExecutor.execute(DriverCommandExecutor.java:174) ~[selenium-server-4.32.0.jar:?]
	at org.openqa.selenium.remote.RemoteWebDriver.execute(RemoteWebDriver.java:545) ~[selenium-server-4.32.0.jar:?]
	at org.openqa.selenium.remote.ElementLocation$ElementFinder$2.findElement(ElementLocation.java:165) ~[selenium-server-4.32.0.jar:?]
	at org.openqa.selenium.remote.ElementLocation.findElement(ElementLocation.java:59) ~[selenium-server-4.32.0.jar:?]
	at org.openqa.selenium.remote.RemoteWebDriver.findElement(RemoteWebDriver.java:368) ~[selenium-server-4.32.0.jar:?]
	at org.openqa.selenium.remote.RemoteWebDriver.findElement(RemoteWebDriver.java:362) ~[selenium-server-4.32.0.jar:?]
	at org.openqa.selenium.support.ui.ExpectedConditions$7.apply(ExpectedConditions.java:194) ~[selenium-server-4.32.0.jar:?]
	at org.openqa.selenium.support.ui.ExpectedConditions$7.apply(ExpectedConditions.java:190) ~[selenium-server-4.32.0.jar:?]
	at org.openqa.selenium.support.ui.ExpectedConditions$22.apply(ExpectedConditions.java:627) ~[selenium-server-4.32.0.jar:?]
	at org.openqa.selenium.support.ui.ExpectedConditions$22.apply(ExpectedConditions.java:624) ~[selenium-server-4.32.0.jar:?]
	at org.openqa.selenium.support.ui.FluentWait.until(FluentWait.java:203) ~[selenium-server-4.32.0.jar:?]
	at testcases.Basiccontrol.signaturestep(Basiccontrol.java:134) ~[test-classes/:?]
	at java.base/jdk.internal.reflect.NativeMethodAccessorImpl.invoke0(Native Method) ~[?:?]
	at java.base/jdk.internal.reflect.NativeMethodAccessorImpl.invoke(NativeMethodAccessorImpl.java:77) ~[?:?]
	at java.base/jdk.internal.reflect.DelegatingMethodAccessorImpl.invoke(DelegatingMethodAccessorImpl.java:43) ~[?:?]
	at java.base/java.lang.reflect.Method.invoke(Method.java:568) ~[?:?]
	at org.testng.internal.MethodInvocationHelper.invokeMethod(MethodInvocationHelper.java:133) ~[testng-7.4.0.jar:7.4.0]
	at org.testng.internal.TestInvoker.invokeMethod(TestInvoker.java:598) ~[testng-7.4.0.jar:7.4.0]
	at org.testng.internal.TestInvoker.invokeTestMethod(TestInvoker.java:173) ~[testng-7.4.0.jar:7.4.0]
	at org.testng.internal.MethodRunner.runInSequence(MethodRunner.java:46) ~[testng-7.4.0.jar:7.4.0]
	at org.testng.internal.TestInvoker$MethodInvocationAgent.invoke(TestInvoker.java:824) ~[testng-7.4.0.jar:7.4.0]
	at org.testng.internal.TestInvoker.invokeTestMethods(TestInvoker.java:146) ~[testng-7.4.0.jar:7.4.0]
	at org.testng.internal.TestMethodWorker.invokeTestMethods(TestMethodWorker.java:146) ~[testng-7.4.0.jar:7.4.0]
	at org.testng.internal.TestMethodWorker.run(TestMethodWorker.java:128) ~[testng-7.4.0.jar:7.4.0]
	at java.base/java.util.ArrayList.forEach(ArrayList.java:1511) [?:?]
	at org.testng.TestRunner.privateRun(TestRunner.java:794) [testng-7.4.0.jar:7.4.0]
	at org.testng.TestRunner.run(TestRunner.java:596) [testng-7.4.0.jar:7.4.0]
	at org.testng.SuiteRunner.runTest(SuiteRunner.java:377) [testng-7.4.0.jar:7.4.0]
	at org.testng.SuiteRunner.runSequentially(SuiteRunner.java:371) [testng-7.4.0.jar:7.4.0]
	at org.testng.SuiteRunner.privateRun(SuiteRunner.java:332) [testng-7.4.0.jar:7.4.0]
	at org.testng.SuiteRunner.run(SuiteRunner.java:276) [testng-7.4.0.jar:7.4.0]
	at org.testng.SuiteRunnerWorker.runSuite(SuiteRunnerWorker.java:53) [testng-7.4.0.jar:7.4.0]
	at org.testng.SuiteRunnerWorker.run(SuiteRunnerWorker.java:96) [testng-7.4.0.jar:7.4.0]
	at org.testng.TestNG.runSuitesSequentially(TestNG.java:1212) [testng-7.4.0.jar:7.4.0]
	at org.testng.TestNG.runSuitesLocally(TestNG.java:1134) [testng-7.4.0.jar:7.4.0]
	at org.testng.TestNG.runSuites(TestNG.java:1063) [testng-7.4.0.jar:7.4.0]
	at org.testng.TestNG.run(TestNG.java:1031) [testng-7.4.0.jar:7.4.0]
	at org.testng.remote.AbstractRemoteTestNG.run(AbstractRemoteTestNG.java:115) [testng-remote.jar:?]
	at org.testng.remote.RemoteTestNG.initAndRun(RemoteTestNG.java:293) [testng-remote.jar:?]
	at org.testng.remote.RemoteTestNG.main(RemoteTestNG.java:91) [testng-remote.jar:?]
12:48:24.178 [main] INFO  testcases.Signin - SignIn successfully
12:48:36.631 [main] INFO  testcases.Basiccontrol - Section process completed successfully.
12:50:39.890 [main] ERROR testcases.Basiccontrol - Error occurred in Dataentry method: 
org.openqa.selenium.NoSuchElementException: no such element: Unable to locate element: {"method":"xpath","selector":"//a[@class='dis-fl ng-tns-c230-0 dropdown-item pointer']"}
  (Session info: chrome=137.0.7151.69)
For documentation on this error, please visit: https://www.selenium.dev/documentation/webdriver/troubleshooting/errors#no-such-element-exception
Build info: version: '4.32.0', revision: 'd17c8aa950'
System info: os.name: 'Windows 10', os.arch: 'amd64', os.version: '10.0', java.version: '17.0.11'
Driver info: org.openqa.selenium.chrome.ChromeDriver
Command: [d6483773a76b53253a517f996902b1d7, findElement {value=//a[@class='dis-fl ng-tns-c230-0 dropdown-item pointer'], using=xpath}]
Capabilities {acceptInsecureCerts: false, browserName: chrome, browserVersion: 137.0.7151.69, chrome: {chromedriverVersion: 137.0.7151.68 (2989ffee9373..., userDataDir: C:\Users\VSRIKA~1\AppData\L...}, fedcm:accounts: true, goog:chromeOptions: {debuggerAddress: localhost:50759}, networkConnectionEnabled: false, pageLoadStrategy: normal, platformName: windows, proxy: Proxy(), se:cdp: ws://localhost:50759/devtoo..., se:cdpVersion: 137.0.7151.69, setWindowRect: true, strictFileInteractability: false, timeouts: {implicit: 0, pageLoad: 300000, script: 30000}, unhandledPromptBehavior: dismiss and notify, webauthn:extension:credBlob: true, webauthn:extension:largeBlob: true, webauthn:extension:minPinLength: true, webauthn:extension:prf: true, webauthn:virtualAuthenticators: true}
Session ID: d6483773a76b53253a517f996902b1d7
	at java.base/jdk.internal.reflect.NativeConstructorAccessorImpl.newInstance0(Native Method) ~[?:?]
	at java.base/jdk.internal.reflect.NativeConstructorAccessorImpl.newInstance(NativeConstructorAccessorImpl.java:77) ~[?:?]
	at java.base/jdk.internal.reflect.DelegatingConstructorAccessorImpl.newInstance(DelegatingConstructorAccessorImpl.java:45) ~[?:?]
	at java.base/java.lang.reflect.Constructor.newInstanceWithCaller(Constructor.java:499) ~[?:?]
	at java.base/java.lang.reflect.Constructor.newInstance(Constructor.java:480) ~[?:?]
	at org.openqa.selenium.remote.ErrorCodec.decode(ErrorCodec.java:167) ~[selenium-server-4.32.0.jar:?]
	at org.openqa.selenium.remote.codec.w3c.W3CHttpResponseCodec.decode(W3CHttpResponseCodec.java:138) ~[selenium-server-4.32.0.jar:?]
	at org.openqa.selenium.remote.codec.w3c.W3CHttpResponseCodec.decode(W3CHttpResponseCodec.java:50) ~[selenium-server-4.32.0.jar:?]
	at org.openqa.selenium.remote.HttpCommandExecutor.execute(HttpCommandExecutor.java:215) ~[selenium-server-4.32.0.jar:?]
	at org.openqa.selenium.remote.service.DriverCommandExecutor.invokeExecute(DriverCommandExecutor.java:216) ~[selenium-server-4.32.0.jar:?]
	at org.openqa.selenium.remote.service.DriverCommandExecutor.execute(DriverCommandExecutor.java:174) ~[selenium-server-4.32.0.jar:?]
	at org.openqa.selenium.remote.RemoteWebDriver.execute(RemoteWebDriver.java:545) ~[selenium-server-4.32.0.jar:?]
	at org.openqa.selenium.remote.ElementLocation$ElementFinder$2.findElement(ElementLocation.java:165) ~[selenium-server-4.32.0.jar:?]
	at org.openqa.selenium.remote.ElementLocation.findElement(ElementLocation.java:59) ~[selenium-server-4.32.0.jar:?]
	at org.openqa.selenium.remote.RemoteWebDriver.findElement(RemoteWebDriver.java:368) ~[selenium-server-4.32.0.jar:?]
	at org.openqa.selenium.remote.RemoteWebDriver.findElement(RemoteWebDriver.java:362) ~[selenium-server-4.32.0.jar:?]
	at testcases.Basiccontrol.Dataentry(Basiccontrol.java:406) ~[test-classes/:?]
	at java.base/jdk.internal.reflect.NativeMethodAccessorImpl.invoke0(Native Method) ~[?:?]
	at java.base/jdk.internal.reflect.NativeMethodAccessorImpl.invoke(NativeMethodAccessorImpl.java:77) ~[?:?]
	at java.base/jdk.internal.reflect.DelegatingMethodAccessorImpl.invoke(DelegatingMethodAccessorImpl.java:43) ~[?:?]
	at java.base/java.lang.reflect.Method.invoke(Method.java:568) ~[?:?]
	at org.testng.internal.MethodInvocationHelper.invokeMethod(MethodInvocationHelper.java:133) ~[testng-7.4.0.jar:7.4.0]
	at org.testng.internal.TestInvoker.invokeMethod(TestInvoker.java:598) ~[testng-7.4.0.jar:7.4.0]
	at org.testng.internal.TestInvoker.invokeTestMethod(TestInvoker.java:173) ~[testng-7.4.0.jar:7.4.0]
	at org.testng.internal.MethodRunner.runInSequence(MethodRunner.java:46) ~[testng-7.4.0.jar:7.4.0]
	at org.testng.internal.TestInvoker$MethodInvocationAgent.invoke(TestInvoker.java:824) ~[testng-7.4.0.jar:7.4.0]
	at org.testng.internal.TestInvoker.invokeTestMethods(TestInvoker.java:146) ~[testng-7.4.0.jar:7.4.0]
	at org.testng.internal.TestMethodWorker.invokeTestMethods(TestMethodWorker.java:146) ~[testng-7.4.0.jar:7.4.0]
	at org.testng.internal.TestMethodWorker.run(TestMethodWorker.java:128) ~[testng-7.4.0.jar:7.4.0]
	at java.base/java.util.ArrayList.forEach(ArrayList.java:1511) [?:?]
	at org.testng.TestRunner.privateRun(TestRunner.java:794) [testng-7.4.0.jar:7.4.0]
	at org.testng.TestRunner.run(TestRunner.java:596) [testng-7.4.0.jar:7.4.0]
	at org.testng.SuiteRunner.runTest(SuiteRunner.java:377) [testng-7.4.0.jar:7.4.0]
	at org.testng.SuiteRunner.runSequentially(SuiteRunner.java:371) [testng-7.4.0.jar:7.4.0]
	at org.testng.SuiteRunner.privateRun(SuiteRunner.java:332) [testng-7.4.0.jar:7.4.0]
	at org.testng.SuiteRunner.run(SuiteRunner.java:276) [testng-7.4.0.jar:7.4.0]
	at org.testng.SuiteRunnerWorker.runSuite(SuiteRunnerWorker.java:53) [testng-7.4.0.jar:7.4.0]
	at org.testng.SuiteRunnerWorker.run(SuiteRunnerWorker.java:96) [testng-7.4.0.jar:7.4.0]
	at org.testng.TestNG.runSuitesSequentially(TestNG.java:1212) [testng-7.4.0.jar:7.4.0]
	at org.testng.TestNG.runSuitesLocally(TestNG.java:1134) [testng-7.4.0.jar:7.4.0]
	at org.testng.TestNG.runSuites(TestNG.java:1063) [testng-7.4.0.jar:7.4.0]
	at org.testng.TestNG.run(TestNG.java:1031) [testng-7.4.0.jar:7.4.0]
	at org.testng.remote.AbstractRemoteTestNG.run(AbstractRemoteTestNG.java:115) [testng-remote.jar:?]
	at org.testng.remote.RemoteTestNG.initAndRun(RemoteTestNG.java:293) [testng-remote.jar:?]
	at org.testng.remote.RemoteTestNG.main(RemoteTestNG.java:91) [testng-remote.jar:?]
12:50:42.164 [main] ERROR testcases.Basiccontrol - Error occurred in Table method: 
org.openqa.selenium.NoSuchElementException: no such element: Unable to locate element: {"method":"xpath","selector":"//a[@class='dataentry ng-tns-c230-0 dropdown-item pointer']"}
  (Session info: chrome=137.0.7151.69)
For documentation on this error, please visit: https://www.selenium.dev/documentation/webdriver/troubleshooting/errors#no-such-element-exception
Build info: version: '4.32.0', revision: 'd17c8aa950'
System info: os.name: 'Windows 10', os.arch: 'amd64', os.version: '10.0', java.version: '17.0.11'
Driver info: org.openqa.selenium.chrome.ChromeDriver
Command: [d6483773a76b53253a517f996902b1d7, findElement {value=//a[@class='dataentry ng-tns-c230-0 dropdown-item pointer'], using=xpath}]
Capabilities {acceptInsecureCerts: false, browserName: chrome, browserVersion: 137.0.7151.69, chrome: {chromedriverVersion: 137.0.7151.68 (2989ffee9373..., userDataDir: C:\Users\VSRIKA~1\AppData\L...}, fedcm:accounts: true, goog:chromeOptions: {debuggerAddress: localhost:50759}, networkConnectionEnabled: false, pageLoadStrategy: normal, platformName: windows, proxy: Proxy(), se:cdp: ws://localhost:50759/devtoo..., se:cdpVersion: 137.0.7151.69, setWindowRect: true, strictFileInteractability: false, timeouts: {implicit: 0, pageLoad: 300000, script: 30000}, unhandledPromptBehavior: dismiss and notify, webauthn:extension:credBlob: true, webauthn:extension:largeBlob: true, webauthn:extension:minPinLength: true, webauthn:extension:prf: true, webauthn:virtualAuthenticators: true}
Session ID: d6483773a76b53253a517f996902b1d7
	at java.base/jdk.internal.reflect.NativeConstructorAccessorImpl.newInstance0(Native Method) ~[?:?]
	at java.base/jdk.internal.reflect.NativeConstructorAccessorImpl.newInstance(NativeConstructorAccessorImpl.java:77) ~[?:?]
	at java.base/jdk.internal.reflect.DelegatingConstructorAccessorImpl.newInstance(DelegatingConstructorAccessorImpl.java:45) ~[?:?]
	at java.base/java.lang.reflect.Constructor.newInstanceWithCaller(Constructor.java:499) ~[?:?]
	at java.base/java.lang.reflect.Constructor.newInstance(Constructor.java:480) ~[?:?]
	at org.openqa.selenium.remote.ErrorCodec.decode(ErrorCodec.java:167) ~[selenium-server-4.32.0.jar:?]
	at org.openqa.selenium.remote.codec.w3c.W3CHttpResponseCodec.decode(W3CHttpResponseCodec.java:138) ~[selenium-server-4.32.0.jar:?]
	at org.openqa.selenium.remote.codec.w3c.W3CHttpResponseCodec.decode(W3CHttpResponseCodec.java:50) ~[selenium-server-4.32.0.jar:?]
	at org.openqa.selenium.remote.HttpCommandExecutor.execute(HttpCommandExecutor.java:215) ~[selenium-server-4.32.0.jar:?]
	at org.openqa.selenium.remote.service.DriverCommandExecutor.invokeExecute(DriverCommandExecutor.java:216) ~[selenium-server-4.32.0.jar:?]
	at org.openqa.selenium.remote.service.DriverCommandExecutor.execute(DriverCommandExecutor.java:174) ~[selenium-server-4.32.0.jar:?]
	at org.openqa.selenium.remote.RemoteWebDriver.execute(RemoteWebDriver.java:545) ~[selenium-server-4.32.0.jar:?]
	at org.openqa.selenium.remote.ElementLocation$ElementFinder$2.findElement(ElementLocation.java:165) ~[selenium-server-4.32.0.jar:?]
	at org.openqa.selenium.remote.ElementLocation.findElement(ElementLocation.java:59) ~[selenium-server-4.32.0.jar:?]
	at org.openqa.selenium.remote.RemoteWebDriver.findElement(RemoteWebDriver.java:368) ~[selenium-server-4.32.0.jar:?]
	at org.openqa.selenium.remote.RemoteWebDriver.findElement(RemoteWebDriver.java:362) ~[selenium-server-4.32.0.jar:?]
	at testcases.Basiccontrol.Table(Basiccontrol.java:413) ~[test-classes/:?]
	at java.base/jdk.internal.reflect.NativeMethodAccessorImpl.invoke0(Native Method) ~[?:?]
	at java.base/jdk.internal.reflect.NativeMethodAccessorImpl.invoke(NativeMethodAccessorImpl.java:77) ~[?:?]
	at java.base/jdk.internal.reflect.DelegatingMethodAccessorImpl.invoke(DelegatingMethodAccessorImpl.java:43) ~[?:?]
	at java.base/java.lang.reflect.Method.invoke(Method.java:568) ~[?:?]
	at org.testng.internal.MethodInvocationHelper.invokeMethod(MethodInvocationHelper.java:133) ~[testng-7.4.0.jar:7.4.0]
	at org.testng.internal.TestInvoker.invokeMethod(TestInvoker.java:598) ~[testng-7.4.0.jar:7.4.0]
	at org.testng.internal.TestInvoker.invokeTestMethod(TestInvoker.java:173) ~[testng-7.4.0.jar:7.4.0]
	at org.testng.internal.MethodRunner.runInSequence(MethodRunner.java:46) ~[testng-7.4.0.jar:7.4.0]
	at org.testng.internal.TestInvoker$MethodInvocationAgent.invoke(TestInvoker.java:824) ~[testng-7.4.0.jar:7.4.0]
	at org.testng.internal.TestInvoker.invokeTestMethods(TestInvoker.java:146) ~[testng-7.4.0.jar:7.4.0]
	at org.testng.internal.TestMethodWorker.invokeTestMethods(TestMethodWorker.java:146) ~[testng-7.4.0.jar:7.4.0]
	at org.testng.internal.TestMethodWorker.run(TestMethodWorker.java:128) ~[testng-7.4.0.jar:7.4.0]
	at java.base/java.util.ArrayList.forEach(ArrayList.java:1511) [?:?]
	at org.testng.TestRunner.privateRun(TestRunner.java:794) [testng-7.4.0.jar:7.4.0]
	at org.testng.TestRunner.run(TestRunner.java:596) [testng-7.4.0.jar:7.4.0]
	at org.testng.SuiteRunner.runTest(SuiteRunner.java:377) [testng-7.4.0.jar:7.4.0]
	at org.testng.SuiteRunner.runSequentially(SuiteRunner.java:371) [testng-7.4.0.jar:7.4.0]
	at org.testng.SuiteRunner.privateRun(SuiteRunner.java:332) [testng-7.4.0.jar:7.4.0]
	at org.testng.SuiteRunner.run(SuiteRunner.java:276) [testng-7.4.0.jar:7.4.0]
	at org.testng.SuiteRunnerWorker.runSuite(SuiteRunnerWorker.java:53) [testng-7.4.0.jar:7.4.0]
	at org.testng.SuiteRunnerWorker.run(SuiteRunnerWorker.java:96) [testng-7.4.0.jar:7.4.0]
	at org.testng.TestNG.runSuitesSequentially(TestNG.java:1212) [testng-7.4.0.jar:7.4.0]
	at org.testng.TestNG.runSuitesLocally(TestNG.java:1134) [testng-7.4.0.jar:7.4.0]
	at org.testng.TestNG.runSuites(TestNG.java:1063) [testng-7.4.0.jar:7.4.0]
	at org.testng.TestNG.run(TestNG.java:1031) [testng-7.4.0.jar:7.4.0]
	at org.testng.remote.AbstractRemoteTestNG.run(AbstractRemoteTestNG.java:115) [testng-remote.jar:?]
	at org.testng.remote.RemoteTestNG.initAndRun(RemoteTestNG.java:293) [testng-remote.jar:?]
	at org.testng.remote.RemoteTestNG.main(RemoteTestNG.java:91) [testng-remote.jar:?]
12:50:44.391 [main] ERROR testcases.Basiccontrol - Error occurred in Column method: 
org.openqa.selenium.NoSuchElementException: no such element: Unable to locate element: {"method":"xpath","selector":"(//input[@type='number'])[1]"}
  (Session info: chrome=137.0.7151.69)
For documentation on this error, please visit: https://www.selenium.dev/documentation/webdriver/troubleshooting/errors#no-such-element-exception
Build info: version: '4.32.0', revision: 'd17c8aa950'
System info: os.name: 'Windows 10', os.arch: 'amd64', os.version: '10.0', java.version: '17.0.11'
Driver info: org.openqa.selenium.chrome.ChromeDriver
Command: [d6483773a76b53253a517f996902b1d7, findElement {value=(//input[@type='number'])[1], using=xpath}]
Capabilities {acceptInsecureCerts: false, browserName: chrome, browserVersion: 137.0.7151.69, chrome: {chromedriverVersion: 137.0.7151.68 (2989ffee9373..., userDataDir: C:\Users\VSRIKA~1\AppData\L...}, fedcm:accounts: true, goog:chromeOptions: {debuggerAddress: localhost:50759}, networkConnectionEnabled: false, pageLoadStrategy: normal, platformName: windows, proxy: Proxy(), se:cdp: ws://localhost:50759/devtoo..., se:cdpVersion: 137.0.7151.69, setWindowRect: true, strictFileInteractability: false, timeouts: {implicit: 0, pageLoad: 300000, script: 30000}, unhandledPromptBehavior: dismiss and notify, webauthn:extension:credBlob: true, webauthn:extension:largeBlob: true, webauthn:extension:minPinLength: true, webauthn:extension:prf: true, webauthn:virtualAuthenticators: true}
Session ID: d6483773a76b53253a517f996902b1d7
	at java.base/jdk.internal.reflect.NativeConstructorAccessorImpl.newInstance0(Native Method) ~[?:?]
	at java.base/jdk.internal.reflect.NativeConstructorAccessorImpl.newInstance(NativeConstructorAccessorImpl.java:77) ~[?:?]
	at java.base/jdk.internal.reflect.DelegatingConstructorAccessorImpl.newInstance(DelegatingConstructorAccessorImpl.java:45) ~[?:?]
	at java.base/java.lang.reflect.Constructor.newInstanceWithCaller(Constructor.java:499) ~[?:?]
	at java.base/java.lang.reflect.Constructor.newInstance(Constructor.java:480) ~[?:?]
	at org.openqa.selenium.remote.ErrorCodec.decode(ErrorCodec.java:167) ~[selenium-server-4.32.0.jar:?]
	at org.openqa.selenium.remote.codec.w3c.W3CHttpResponseCodec.decode(W3CHttpResponseCodec.java:138) ~[selenium-server-4.32.0.jar:?]
	at org.openqa.selenium.remote.codec.w3c.W3CHttpResponseCodec.decode(W3CHttpResponseCodec.java:50) ~[selenium-server-4.32.0.jar:?]
	at org.openqa.selenium.remote.HttpCommandExecutor.execute(HttpCommandExecutor.java:215) ~[selenium-server-4.32.0.jar:?]
	at org.openqa.selenium.remote.service.DriverCommandExecutor.invokeExecute(DriverCommandExecutor.java:216) ~[selenium-server-4.32.0.jar:?]
	at org.openqa.selenium.remote.service.DriverCommandExecutor.execute(DriverCommandExecutor.java:174) ~[selenium-server-4.32.0.jar:?]
	at org.openqa.selenium.remote.RemoteWebDriver.execute(RemoteWebDriver.java:545) ~[selenium-server-4.32.0.jar:?]
	at org.openqa.selenium.remote.ElementLocation$ElementFinder$2.findElement(ElementLocation.java:165) ~[selenium-server-4.32.0.jar:?]
	at org.openqa.selenium.remote.ElementLocation.findElement(ElementLocation.java:59) ~[selenium-server-4.32.0.jar:?]
	at org.openqa.selenium.remote.RemoteWebDriver.findElement(RemoteWebDriver.java:368) ~[selenium-server-4.32.0.jar:?]
	at org.openqa.selenium.remote.RemoteWebDriver.findElement(RemoteWebDriver.java:362) ~[selenium-server-4.32.0.jar:?]
	at testcases.Basiccontrol.Column(Basiccontrol.java:422) ~[test-classes/:?]
	at java.base/jdk.internal.reflect.NativeMethodAccessorImpl.invoke0(Native Method) ~[?:?]
	at java.base/jdk.internal.reflect.NativeMethodAccessorImpl.invoke(NativeMethodAccessorImpl.java:77) ~[?:?]
	at java.base/jdk.internal.reflect.DelegatingMethodAccessorImpl.invoke(DelegatingMethodAccessorImpl.java:43) ~[?:?]
	at java.base/java.lang.reflect.Method.invoke(Method.java:568) ~[?:?]
	at org.testng.internal.MethodInvocationHelper.invokeMethod(MethodInvocationHelper.java:133) ~[testng-7.4.0.jar:7.4.0]
	at org.testng.internal.TestInvoker.invokeMethod(TestInvoker.java:598) ~[testng-7.4.0.jar:7.4.0]
	at org.testng.internal.TestInvoker.invokeTestMethod(TestInvoker.java:173) ~[testng-7.4.0.jar:7.4.0]
	at org.testng.internal.MethodRunner.runInSequence(MethodRunner.java:46) ~[testng-7.4.0.jar:7.4.0]
	at org.testng.internal.TestInvoker$MethodInvocationAgent.invoke(TestInvoker.java:824) ~[testng-7.4.0.jar:7.4.0]
	at org.testng.internal.TestInvoker.invokeTestMethods(TestInvoker.java:146) ~[testng-7.4.0.jar:7.4.0]
	at org.testng.internal.TestMethodWorker.invokeTestMethods(TestMethodWorker.java:146) ~[testng-7.4.0.jar:7.4.0]
	at org.testng.internal.TestMethodWorker.run(TestMethodWorker.java:128) ~[testng-7.4.0.jar:7.4.0]
	at java.base/java.util.ArrayList.forEach(ArrayList.java:1511) [?:?]
	at org.testng.TestRunner.privateRun(TestRunner.java:794) [testng-7.4.0.jar:7.4.0]
	at org.testng.TestRunner.run(TestRunner.java:596) [testng-7.4.0.jar:7.4.0]
	at org.testng.SuiteRunner.runTest(SuiteRunner.java:377) [testng-7.4.0.jar:7.4.0]
	at org.testng.SuiteRunner.runSequentially(SuiteRunner.java:371) [testng-7.4.0.jar:7.4.0]
	at org.testng.SuiteRunner.privateRun(SuiteRunner.java:332) [testng-7.4.0.jar:7.4.0]
	at org.testng.SuiteRunner.run(SuiteRunner.java:276) [testng-7.4.0.jar:7.4.0]
	at org.testng.SuiteRunnerWorker.runSuite(SuiteRunnerWorker.java:53) [testng-7.4.0.jar:7.4.0]
	at org.testng.SuiteRunnerWorker.run(SuiteRunnerWorker.java:96) [testng-7.4.0.jar:7.4.0]
	at org.testng.TestNG.runSuitesSequentially(TestNG.java:1212) [testng-7.4.0.jar:7.4.0]
	at org.testng.TestNG.runSuitesLocally(TestNG.java:1134) [testng-7.4.0.jar:7.4.0]
	at org.testng.TestNG.runSuites(TestNG.java:1063) [testng-7.4.0.jar:7.4.0]
	at org.testng.TestNG.run(TestNG.java:1031) [testng-7.4.0.jar:7.4.0]
	at org.testng.remote.AbstractRemoteTestNG.run(AbstractRemoteTestNG.java:115) [testng-remote.jar:?]
	at org.testng.remote.RemoteTestNG.initAndRun(RemoteTestNG.java:293) [testng-remote.jar:?]
	at org.testng.remote.RemoteTestNG.main(RemoteTestNG.java:91) [testng-remote.jar:?]
12:50:46.619 [main] ERROR testcases.Basiccontrol - Error occurred in Row method: 
org.openqa.selenium.NoSuchElementException: no such element: Unable to locate element: {"method":"xpath","selector":"(//input[@type='number'])[2]"}
  (Session info: chrome=137.0.7151.69)
For documentation on this error, please visit: https://www.selenium.dev/documentation/webdriver/troubleshooting/errors#no-such-element-exception
Build info: version: '4.32.0', revision: 'd17c8aa950'
System info: os.name: 'Windows 10', os.arch: 'amd64', os.version: '10.0', java.version: '17.0.11'
Driver info: org.openqa.selenium.chrome.ChromeDriver
Command: [d6483773a76b53253a517f996902b1d7, findElement {value=(//input[@type='number'])[2], using=xpath}]
Capabilities {acceptInsecureCerts: false, browserName: chrome, browserVersion: 137.0.7151.69, chrome: {chromedriverVersion: 137.0.7151.68 (2989ffee9373..., userDataDir: C:\Users\VSRIKA~1\AppData\L...}, fedcm:accounts: true, goog:chromeOptions: {debuggerAddress: localhost:50759}, networkConnectionEnabled: false, pageLoadStrategy: normal, platformName: windows, proxy: Proxy(), se:cdp: ws://localhost:50759/devtoo..., se:cdpVersion: 137.0.7151.69, setWindowRect: true, strictFileInteractability: false, timeouts: {implicit: 0, pageLoad: 300000, script: 30000}, unhandledPromptBehavior: dismiss and notify, webauthn:extension:credBlob: true, webauthn:extension:largeBlob: true, webauthn:extension:minPinLength: true, webauthn:extension:prf: true, webauthn:virtualAuthenticators: true}
Session ID: d6483773a76b53253a517f996902b1d7
	at java.base/jdk.internal.reflect.NativeConstructorAccessorImpl.newInstance0(Native Method) ~[?:?]
	at java.base/jdk.internal.reflect.NativeConstructorAccessorImpl.newInstance(NativeConstructorAccessorImpl.java:77) ~[?:?]
	at java.base/jdk.internal.reflect.DelegatingConstructorAccessorImpl.newInstance(DelegatingConstructorAccessorImpl.java:45) ~[?:?]
	at java.base/java.lang.reflect.Constructor.newInstanceWithCaller(Constructor.java:499) ~[?:?]
	at java.base/java.lang.reflect.Constructor.newInstance(Constructor.java:480) ~[?:?]
	at org.openqa.selenium.remote.ErrorCodec.decode(ErrorCodec.java:167) ~[selenium-server-4.32.0.jar:?]
	at org.openqa.selenium.remote.codec.w3c.W3CHttpResponseCodec.decode(W3CHttpResponseCodec.java:138) ~[selenium-server-4.32.0.jar:?]
	at org.openqa.selenium.remote.codec.w3c.W3CHttpResponseCodec.decode(W3CHttpResponseCodec.java:50) ~[selenium-server-4.32.0.jar:?]
	at org.openqa.selenium.remote.HttpCommandExecutor.execute(HttpCommandExecutor.java:215) ~[selenium-server-4.32.0.jar:?]
	at org.openqa.selenium.remote.service.DriverCommandExecutor.invokeExecute(DriverCommandExecutor.java:216) ~[selenium-server-4.32.0.jar:?]
	at org.openqa.selenium.remote.service.DriverCommandExecutor.execute(DriverCommandExecutor.java:174) ~[selenium-server-4.32.0.jar:?]
	at org.openqa.selenium.remote.RemoteWebDriver.execute(RemoteWebDriver.java:545) ~[selenium-server-4.32.0.jar:?]
	at org.openqa.selenium.remote.ElementLocation$ElementFinder$2.findElement(ElementLocation.java:165) ~[selenium-server-4.32.0.jar:?]
	at org.openqa.selenium.remote.ElementLocation.findElement(ElementLocation.java:59) ~[selenium-server-4.32.0.jar:?]
	at org.openqa.selenium.remote.RemoteWebDriver.findElement(RemoteWebDriver.java:368) ~[selenium-server-4.32.0.jar:?]
	at org.openqa.selenium.remote.RemoteWebDriver.findElement(RemoteWebDriver.java:362) ~[selenium-server-4.32.0.jar:?]
	at testcases.Basiccontrol.Row(Basiccontrol.java:431) ~[test-classes/:?]
	at java.base/jdk.internal.reflect.NativeMethodAccessorImpl.invoke0(Native Method) ~[?:?]
	at java.base/jdk.internal.reflect.NativeMethodAccessorImpl.invoke(NativeMethodAccessorImpl.java:77) ~[?:?]
	at java.base/jdk.internal.reflect.DelegatingMethodAccessorImpl.invoke(DelegatingMethodAccessorImpl.java:43) ~[?:?]
	at java.base/java.lang.reflect.Method.invoke(Method.java:568) ~[?:?]
	at org.testng.internal.MethodInvocationHelper.invokeMethod(MethodInvocationHelper.java:133) ~[testng-7.4.0.jar:7.4.0]
	at org.testng.internal.TestInvoker.invokeMethod(TestInvoker.java:598) ~[testng-7.4.0.jar:7.4.0]
	at org.testng.internal.TestInvoker.invokeTestMethod(TestInvoker.java:173) ~[testng-7.4.0.jar:7.4.0]
	at org.testng.internal.MethodRunner.runInSequence(MethodRunner.java:46) ~[testng-7.4.0.jar:7.4.0]
	at org.testng.internal.TestInvoker$MethodInvocationAgent.invoke(TestInvoker.java:824) ~[testng-7.4.0.jar:7.4.0]
	at org.testng.internal.TestInvoker.invokeTestMethods(TestInvoker.java:146) ~[testng-7.4.0.jar:7.4.0]
	at org.testng.internal.TestMethodWorker.invokeTestMethods(TestMethodWorker.java:146) ~[testng-7.4.0.jar:7.4.0]
	at org.testng.internal.TestMethodWorker.run(TestMethodWorker.java:128) ~[testng-7.4.0.jar:7.4.0]
	at java.base/java.util.ArrayList.forEach(ArrayList.java:1511) [?:?]
	at org.testng.TestRunner.privateRun(TestRunner.java:794) [testng-7.4.0.jar:7.4.0]
	at org.testng.TestRunner.run(TestRunner.java:596) [testng-7.4.0.jar:7.4.0]
	at org.testng.SuiteRunner.runTest(SuiteRunner.java:377) [testng-7.4.0.jar:7.4.0]
	at org.testng.SuiteRunner.runSequentially(SuiteRunner.java:371) [testng-7.4.0.jar:7.4.0]
	at org.testng.SuiteRunner.privateRun(SuiteRunner.java:332) [testng-7.4.0.jar:7.4.0]
	at org.testng.SuiteRunner.run(SuiteRunner.java:276) [testng-7.4.0.jar:7.4.0]
	at org.testng.SuiteRunnerWorker.runSuite(SuiteRunnerWorker.java:53) [testng-7.4.0.jar:7.4.0]
	at org.testng.SuiteRunnerWorker.run(SuiteRunnerWorker.java:96) [testng-7.4.0.jar:7.4.0]
	at org.testng.TestNG.runSuitesSequentially(TestNG.java:1212) [testng-7.4.0.jar:7.4.0]
	at org.testng.TestNG.runSuitesLocally(TestNG.java:1134) [testng-7.4.0.jar:7.4.0]
	at org.testng.TestNG.runSuites(TestNG.java:1063) [testng-7.4.0.jar:7.4.0]
	at org.testng.TestNG.run(TestNG.java:1031) [testng-7.4.0.jar:7.4.0]
	at org.testng.remote.AbstractRemoteTestNG.run(AbstractRemoteTestNG.java:115) [testng-remote.jar:?]
	at org.testng.remote.RemoteTestNG.initAndRun(RemoteTestNG.java:293) [testng-remote.jar:?]
	at org.testng.remote.RemoteTestNG.main(RemoteTestNG.java:91) [testng-remote.jar:?]
12:50:48.853 [main] ERROR testcases.Basiccontrol - Error occurred in Ok method: 
org.openqa.selenium.NoSuchElementException: no such element: Unable to locate element: {"method":"xpath","selector":"(//button[@class='borderenable btn btn-sm button-border ng-star-inserted'])[1]"}
  (Session info: chrome=137.0.7151.69)
For documentation on this error, please visit: https://www.selenium.dev/documentation/webdriver/troubleshooting/errors#no-such-element-exception
Build info: version: '4.32.0', revision: 'd17c8aa950'
System info: os.name: 'Windows 10', os.arch: 'amd64', os.version: '10.0', java.version: '17.0.11'
Driver info: org.openqa.selenium.chrome.ChromeDriver
Command: [d6483773a76b53253a517f996902b1d7, findElement {value=(//button[@class='borderenable btn btn-sm button-border ng-star-inserted'])[1], using=xpath}]
Capabilities {acceptInsecureCerts: false, browserName: chrome, browserVersion: 137.0.7151.69, chrome: {chromedriverVersion: 137.0.7151.68 (2989ffee9373..., userDataDir: C:\Users\VSRIKA~1\AppData\L...}, fedcm:accounts: true, goog:chromeOptions: {debuggerAddress: localhost:50759}, networkConnectionEnabled: false, pageLoadStrategy: normal, platformName: windows, proxy: Proxy(), se:cdp: ws://localhost:50759/devtoo..., se:cdpVersion: 137.0.7151.69, setWindowRect: true, strictFileInteractability: false, timeouts: {implicit: 0, pageLoad: 300000, script: 30000}, unhandledPromptBehavior: dismiss and notify, webauthn:extension:credBlob: true, webauthn:extension:largeBlob: true, webauthn:extension:minPinLength: true, webauthn:extension:prf: true, webauthn:virtualAuthenticators: true}
Session ID: d6483773a76b53253a517f996902b1d7
	at java.base/jdk.internal.reflect.NativeConstructorAccessorImpl.newInstance0(Native Method) ~[?:?]
	at java.base/jdk.internal.reflect.NativeConstructorAccessorImpl.newInstance(NativeConstructorAccessorImpl.java:77) ~[?:?]
	at java.base/jdk.internal.reflect.DelegatingConstructorAccessorImpl.newInstance(DelegatingConstructorAccessorImpl.java:45) ~[?:?]
	at java.base/java.lang.reflect.Constructor.newInstanceWithCaller(Constructor.java:499) ~[?:?]
	at java.base/java.lang.reflect.Constructor.newInstance(Constructor.java:480) ~[?:?]
	at org.openqa.selenium.remote.ErrorCodec.decode(ErrorCodec.java:167) ~[selenium-server-4.32.0.jar:?]
	at org.openqa.selenium.remote.codec.w3c.W3CHttpResponseCodec.decode(W3CHttpResponseCodec.java:138) ~[selenium-server-4.32.0.jar:?]
	at org.openqa.selenium.remote.codec.w3c.W3CHttpResponseCodec.decode(W3CHttpResponseCodec.java:50) ~[selenium-server-4.32.0.jar:?]
	at org.openqa.selenium.remote.HttpCommandExecutor.execute(HttpCommandExecutor.java:215) ~[selenium-server-4.32.0.jar:?]
	at org.openqa.selenium.remote.service.DriverCommandExecutor.invokeExecute(DriverCommandExecutor.java:216) ~[selenium-server-4.32.0.jar:?]
	at org.openqa.selenium.remote.service.DriverCommandExecutor.execute(DriverCommandExecutor.java:174) ~[selenium-server-4.32.0.jar:?]
	at org.openqa.selenium.remote.RemoteWebDriver.execute(RemoteWebDriver.java:545) ~[selenium-server-4.32.0.jar:?]
	at org.openqa.selenium.remote.ElementLocation$ElementFinder$2.findElement(ElementLocation.java:165) ~[selenium-server-4.32.0.jar:?]
	at org.openqa.selenium.remote.ElementLocation.findElement(ElementLocation.java:59) ~[selenium-server-4.32.0.jar:?]
	at org.openqa.selenium.remote.RemoteWebDriver.findElement(RemoteWebDriver.java:368) ~[selenium-server-4.32.0.jar:?]
	at org.openqa.selenium.remote.RemoteWebDriver.findElement(RemoteWebDriver.java:362) ~[selenium-server-4.32.0.jar:?]
	at testcases.Basiccontrol.Ok(Basiccontrol.java:440) ~[test-classes/:?]
	at java.base/jdk.internal.reflect.NativeMethodAccessorImpl.invoke0(Native Method) ~[?:?]
	at java.base/jdk.internal.reflect.NativeMethodAccessorImpl.invoke(NativeMethodAccessorImpl.java:77) ~[?:?]
	at java.base/jdk.internal.reflect.DelegatingMethodAccessorImpl.invoke(DelegatingMethodAccessorImpl.java:43) ~[?:?]
	at java.base/java.lang.reflect.Method.invoke(Method.java:568) ~[?:?]
	at org.testng.internal.MethodInvocationHelper.invokeMethod(MethodInvocationHelper.java:133) ~[testng-7.4.0.jar:7.4.0]
	at org.testng.internal.TestInvoker.invokeMethod(TestInvoker.java:598) ~[testng-7.4.0.jar:7.4.0]
	at org.testng.internal.TestInvoker.invokeTestMethod(TestInvoker.java:173) ~[testng-7.4.0.jar:7.4.0]
	at org.testng.internal.MethodRunner.runInSequence(MethodRunner.java:46) ~[testng-7.4.0.jar:7.4.0]
	at org.testng.internal.TestInvoker$MethodInvocationAgent.invoke(TestInvoker.java:824) ~[testng-7.4.0.jar:7.4.0]
	at org.testng.internal.TestInvoker.invokeTestMethods(TestInvoker.java:146) ~[testng-7.4.0.jar:7.4.0]
	at org.testng.internal.TestMethodWorker.invokeTestMethods(TestMethodWorker.java:146) ~[testng-7.4.0.jar:7.4.0]
	at org.testng.internal.TestMethodWorker.run(TestMethodWorker.java:128) ~[testng-7.4.0.jar:7.4.0]
	at java.base/java.util.ArrayList.forEach(ArrayList.java:1511) [?:?]
	at org.testng.TestRunner.privateRun(TestRunner.java:794) [testng-7.4.0.jar:7.4.0]
	at org.testng.TestRunner.run(TestRunner.java:596) [testng-7.4.0.jar:7.4.0]
	at org.testng.SuiteRunner.runTest(SuiteRunner.java:377) [testng-7.4.0.jar:7.4.0]
	at org.testng.SuiteRunner.runSequentially(SuiteRunner.java:371) [testng-7.4.0.jar:7.4.0]
	at org.testng.SuiteRunner.privateRun(SuiteRunner.java:332) [testng-7.4.0.jar:7.4.0]
	at org.testng.SuiteRunner.run(SuiteRunner.java:276) [testng-7.4.0.jar:7.4.0]
	at org.testng.SuiteRunnerWorker.runSuite(SuiteRunnerWorker.java:53) [testng-7.4.0.jar:7.4.0]
	at org.testng.SuiteRunnerWorker.run(SuiteRunnerWorker.java:96) [testng-7.4.0.jar:7.4.0]
	at org.testng.TestNG.runSuitesSequentially(TestNG.java:1212) [testng-7.4.0.jar:7.4.0]
	at org.testng.TestNG.runSuitesLocally(TestNG.java:1134) [testng-7.4.0.jar:7.4.0]
	at org.testng.TestNG.runSuites(TestNG.java:1063) [testng-7.4.0.jar:7.4.0]
	at org.testng.TestNG.run(TestNG.java:1031) [testng-7.4.0.jar:7.4.0]
	at org.testng.remote.AbstractRemoteTestNG.run(AbstractRemoteTestNG.java:115) [testng-remote.jar:?]
	at org.testng.remote.RemoteTestNG.initAndRun(RemoteTestNG.java:293) [testng-remote.jar:?]
	at org.testng.remote.RemoteTestNG.main(RemoteTestNG.java:91) [testng-remote.jar:?]
12:50:51.072 [main] ERROR testcases.Basiccontrol - Error occurred in Columnbutton method: 
org.openqa.selenium.NoSuchElementException: no such element: Unable to locate element: {"method":"xpath","selector":"(//a[@class='nav-link'])"}
  (Session info: chrome=137.0.7151.69)
For documentation on this error, please visit: https://www.selenium.dev/documentation/webdriver/troubleshooting/errors#no-such-element-exception
Build info: version: '4.32.0', revision: 'd17c8aa950'
System info: os.name: 'Windows 10', os.arch: 'amd64', os.version: '10.0', java.version: '17.0.11'
Driver info: org.openqa.selenium.chrome.ChromeDriver
Command: [d6483773a76b53253a517f996902b1d7, findElement {value=(//a[@class='nav-link']), using=xpath}]
Capabilities {acceptInsecureCerts: false, browserName: chrome, browserVersion: 137.0.7151.69, chrome: {chromedriverVersion: 137.0.7151.68 (2989ffee9373..., userDataDir: C:\Users\VSRIKA~1\AppData\L...}, fedcm:accounts: true, goog:chromeOptions: {debuggerAddress: localhost:50759}, networkConnectionEnabled: false, pageLoadStrategy: normal, platformName: windows, proxy: Proxy(), se:cdp: ws://localhost:50759/devtoo..., se:cdpVersion: 137.0.7151.69, setWindowRect: true, strictFileInteractability: false, timeouts: {implicit: 0, pageLoad: 300000, script: 30000}, unhandledPromptBehavior: dismiss and notify, webauthn:extension:credBlob: true, webauthn:extension:largeBlob: true, webauthn:extension:minPinLength: true, webauthn:extension:prf: true, webauthn:virtualAuthenticators: true}
Session ID: d6483773a76b53253a517f996902b1d7
	at java.base/jdk.internal.reflect.NativeConstructorAccessorImpl.newInstance0(Native Method) ~[?:?]
	at java.base/jdk.internal.reflect.NativeConstructorAccessorImpl.newInstance(NativeConstructorAccessorImpl.java:77) ~[?:?]
	at java.base/jdk.internal.reflect.DelegatingConstructorAccessorImpl.newInstance(DelegatingConstructorAccessorImpl.java:45) ~[?:?]
	at java.base/java.lang.reflect.Constructor.newInstanceWithCaller(Constructor.java:499) ~[?:?]
	at java.base/java.lang.reflect.Constructor.newInstance(Constructor.java:480) ~[?:?]
	at org.openqa.selenium.remote.ErrorCodec.decode(ErrorCodec.java:167) ~[selenium-server-4.32.0.jar:?]
	at org.openqa.selenium.remote.codec.w3c.W3CHttpResponseCodec.decode(W3CHttpResponseCodec.java:138) ~[selenium-server-4.32.0.jar:?]
	at org.openqa.selenium.remote.codec.w3c.W3CHttpResponseCodec.decode(W3CHttpResponseCodec.java:50) ~[selenium-server-4.32.0.jar:?]
	at org.openqa.selenium.remote.HttpCommandExecutor.execute(HttpCommandExecutor.java:215) ~[selenium-server-4.32.0.jar:?]
	at org.openqa.selenium.remote.service.DriverCommandExecutor.invokeExecute(DriverCommandExecutor.java:216) ~[selenium-server-4.32.0.jar:?]
	at org.openqa.selenium.remote.service.DriverCommandExecutor.execute(DriverCommandExecutor.java:174) ~[selenium-server-4.32.0.jar:?]
	at org.openqa.selenium.remote.RemoteWebDriver.execute(RemoteWebDriver.java:545) ~[selenium-server-4.32.0.jar:?]
	at org.openqa.selenium.remote.ElementLocation$ElementFinder$2.findElement(ElementLocation.java:165) ~[selenium-server-4.32.0.jar:?]
	at org.openqa.selenium.remote.ElementLocation.findElement(ElementLocation.java:59) ~[selenium-server-4.32.0.jar:?]
	at org.openqa.selenium.remote.RemoteWebDriver.findElement(RemoteWebDriver.java:368) ~[selenium-server-4.32.0.jar:?]
	at org.openqa.selenium.remote.RemoteWebDriver.findElement(RemoteWebDriver.java:362) ~[selenium-server-4.32.0.jar:?]
	at testcases.Basiccontrol.Columnbutton(Basiccontrol.java:447) ~[test-classes/:?]
	at java.base/jdk.internal.reflect.NativeMethodAccessorImpl.invoke0(Native Method) ~[?:?]
	at java.base/jdk.internal.reflect.NativeMethodAccessorImpl.invoke(NativeMethodAccessorImpl.java:77) ~[?:?]
	at java.base/jdk.internal.reflect.DelegatingMethodAccessorImpl.invoke(DelegatingMethodAccessorImpl.java:43) ~[?:?]
	at java.base/java.lang.reflect.Method.invoke(Method.java:568) ~[?:?]
	at org.testng.internal.MethodInvocationHelper.invokeMethod(MethodInvocationHelper.java:133) ~[testng-7.4.0.jar:7.4.0]
	at org.testng.internal.TestInvoker.invokeMethod(TestInvoker.java:598) ~[testng-7.4.0.jar:7.4.0]
	at org.testng.internal.TestInvoker.invokeTestMethod(TestInvoker.java:173) ~[testng-7.4.0.jar:7.4.0]
	at org.testng.internal.MethodRunner.runInSequence(MethodRunner.java:46) ~[testng-7.4.0.jar:7.4.0]
	at org.testng.internal.TestInvoker$MethodInvocationAgent.invoke(TestInvoker.java:824) ~[testng-7.4.0.jar:7.4.0]
	at org.testng.internal.TestInvoker.invokeTestMethods(TestInvoker.java:146) ~[testng-7.4.0.jar:7.4.0]
	at org.testng.internal.TestMethodWorker.invokeTestMethods(TestMethodWorker.java:146) ~[testng-7.4.0.jar:7.4.0]
	at org.testng.internal.TestMethodWorker.run(TestMethodWorker.java:128) ~[testng-7.4.0.jar:7.4.0]
	at java.base/java.util.ArrayList.forEach(ArrayList.java:1511) [?:?]
	at org.testng.TestRunner.privateRun(TestRunner.java:794) [testng-7.4.0.jar:7.4.0]
	at org.testng.TestRunner.run(TestRunner.java:596) [testng-7.4.0.jar:7.4.0]
	at org.testng.SuiteRunner.runTest(SuiteRunner.java:377) [testng-7.4.0.jar:7.4.0]
	at org.testng.SuiteRunner.runSequentially(SuiteRunner.java:371) [testng-7.4.0.jar:7.4.0]
	at org.testng.SuiteRunner.privateRun(SuiteRunner.java:332) [testng-7.4.0.jar:7.4.0]
	at org.testng.SuiteRunner.run(SuiteRunner.java:276) [testng-7.4.0.jar:7.4.0]
	at org.testng.SuiteRunnerWorker.runSuite(SuiteRunnerWorker.java:53) [testng-7.4.0.jar:7.4.0]
	at org.testng.SuiteRunnerWorker.run(SuiteRunnerWorker.java:96) [testng-7.4.0.jar:7.4.0]
	at org.testng.TestNG.runSuitesSequentially(TestNG.java:1212) [testng-7.4.0.jar:7.4.0]
	at org.testng.TestNG.runSuitesLocally(TestNG.java:1134) [testng-7.4.0.jar:7.4.0]
	at org.testng.TestNG.runSuites(TestNG.java:1063) [testng-7.4.0.jar:7.4.0]
	at org.testng.TestNG.run(TestNG.java:1031) [testng-7.4.0.jar:7.4.0]
	at org.testng.remote.AbstractRemoteTestNG.run(AbstractRemoteTestNG.java:115) [testng-remote.jar:?]
	at org.testng.remote.RemoteTestNG.initAndRun(RemoteTestNG.java:293) [testng-remote.jar:?]
	at org.testng.remote.RemoteTestNG.main(RemoteTestNG.java:91) [testng-remote.jar:?]
12:50:53.303 [main] ERROR testcases.Basiccontrol - Error occurred in Datatypedropdown method: 
org.openqa.selenium.NoSuchElementException: no such element: Unable to locate element: {"method":"xpath","selector":"//select[contains(@class,'form-control ng-untouched ng-pristine ng-valid')]"}
  (Session info: chrome=137.0.7151.69)
For documentation on this error, please visit: https://www.selenium.dev/documentation/webdriver/troubleshooting/errors#no-such-element-exception
Build info: version: '4.32.0', revision: 'd17c8aa950'
System info: os.name: 'Windows 10', os.arch: 'amd64', os.version: '10.0', java.version: '17.0.11'
Driver info: org.openqa.selenium.chrome.ChromeDriver
Command: [d6483773a76b53253a517f996902b1d7, findElement {value=//select[contains(@class,'form-control ng-untouched ng-pristine ng-valid')], using=xpath}]
Capabilities {acceptInsecureCerts: false, browserName: chrome, browserVersion: 137.0.7151.69, chrome: {chromedriverVersion: 137.0.7151.68 (2989ffee9373..., userDataDir: C:\Users\VSRIKA~1\AppData\L...}, fedcm:accounts: true, goog:chromeOptions: {debuggerAddress: localhost:50759}, networkConnectionEnabled: false, pageLoadStrategy: normal, platformName: windows, proxy: Proxy(), se:cdp: ws://localhost:50759/devtoo..., se:cdpVersion: 137.0.7151.69, setWindowRect: true, strictFileInteractability: false, timeouts: {implicit: 0, pageLoad: 300000, script: 30000}, unhandledPromptBehavior: dismiss and notify, webauthn:extension:credBlob: true, webauthn:extension:largeBlob: true, webauthn:extension:minPinLength: true, webauthn:extension:prf: true, webauthn:virtualAuthenticators: true}
Session ID: d6483773a76b53253a517f996902b1d7
	at jdk.internal.reflect.GeneratedConstructorAccessor21.newInstance(Unknown Source) ~[?:?]
	at java.base/jdk.internal.reflect.DelegatingConstructorAccessorImpl.newInstance(DelegatingConstructorAccessorImpl.java:45) ~[?:?]
	at java.base/java.lang.reflect.Constructor.newInstanceWithCaller(Constructor.java:499) ~[?:?]
	at java.base/java.lang.reflect.Constructor.newInstance(Constructor.java:480) ~[?:?]
	at org.openqa.selenium.remote.ErrorCodec.decode(ErrorCodec.java:167) ~[selenium-server-4.32.0.jar:?]
	at org.openqa.selenium.remote.codec.w3c.W3CHttpResponseCodec.decode(W3CHttpResponseCodec.java:138) ~[selenium-server-4.32.0.jar:?]
	at org.openqa.selenium.remote.codec.w3c.W3CHttpResponseCodec.decode(W3CHttpResponseCodec.java:50) ~[selenium-server-4.32.0.jar:?]
	at org.openqa.selenium.remote.HttpCommandExecutor.execute(HttpCommandExecutor.java:215) ~[selenium-server-4.32.0.jar:?]
	at org.openqa.selenium.remote.service.DriverCommandExecutor.invokeExecute(DriverCommandExecutor.java:216) ~[selenium-server-4.32.0.jar:?]
	at org.openqa.selenium.remote.service.DriverCommandExecutor.execute(DriverCommandExecutor.java:174) ~[selenium-server-4.32.0.jar:?]
	at org.openqa.selenium.remote.RemoteWebDriver.execute(RemoteWebDriver.java:545) ~[selenium-server-4.32.0.jar:?]
	at org.openqa.selenium.remote.ElementLocation$ElementFinder$2.findElement(ElementLocation.java:165) ~[selenium-server-4.32.0.jar:?]
	at org.openqa.selenium.remote.ElementLocation.findElement(ElementLocation.java:59) ~[selenium-server-4.32.0.jar:?]
	at org.openqa.selenium.remote.RemoteWebDriver.findElement(RemoteWebDriver.java:368) ~[selenium-server-4.32.0.jar:?]
	at org.openqa.selenium.remote.RemoteWebDriver.findElement(RemoteWebDriver.java:362) ~[selenium-server-4.32.0.jar:?]
	at testcases.Basiccontrol.Datatypedropdown(Basiccontrol.java:454) ~[test-classes/:?]
	at java.base/jdk.internal.reflect.NativeMethodAccessorImpl.invoke0(Native Method) ~[?:?]
	at java.base/jdk.internal.reflect.NativeMethodAccessorImpl.invoke(NativeMethodAccessorImpl.java:77) ~[?:?]
	at java.base/jdk.internal.reflect.DelegatingMethodAccessorImpl.invoke(DelegatingMethodAccessorImpl.java:43) ~[?:?]
	at java.base/java.lang.reflect.Method.invoke(Method.java:568) ~[?:?]
	at org.testng.internal.MethodInvocationHelper.invokeMethod(MethodInvocationHelper.java:133) ~[testng-7.4.0.jar:7.4.0]
	at org.testng.internal.TestInvoker.invokeMethod(TestInvoker.java:598) ~[testng-7.4.0.jar:7.4.0]
	at org.testng.internal.TestInvoker.invokeTestMethod(TestInvoker.java:173) ~[testng-7.4.0.jar:7.4.0]
	at org.testng.internal.MethodRunner.runInSequence(MethodRunner.java:46) ~[testng-7.4.0.jar:7.4.0]
	at org.testng.internal.TestInvoker$MethodInvocationAgent.invoke(TestInvoker.java:824) ~[testng-7.4.0.jar:7.4.0]
	at org.testng.internal.TestInvoker.invokeTestMethods(TestInvoker.java:146) ~[testng-7.4.0.jar:7.4.0]
	at org.testng.internal.TestMethodWorker.invokeTestMethods(TestMethodWorker.java:146) ~[testng-7.4.0.jar:7.4.0]
	at org.testng.internal.TestMethodWorker.run(TestMethodWorker.java:128) ~[testng-7.4.0.jar:7.4.0]
	at java.base/java.util.ArrayList.forEach(ArrayList.java:1511) [?:?]
	at org.testng.TestRunner.privateRun(TestRunner.java:794) [testng-7.4.0.jar:7.4.0]
	at org.testng.TestRunner.run(TestRunner.java:596) [testng-7.4.0.jar:7.4.0]
	at org.testng.SuiteRunner.runTest(SuiteRunner.java:377) [testng-7.4.0.jar:7.4.0]
	at org.testng.SuiteRunner.runSequentially(SuiteRunner.java:371) [testng-7.4.0.jar:7.4.0]
	at org.testng.SuiteRunner.privateRun(SuiteRunner.java:332) [testng-7.4.0.jar:7.4.0]
	at org.testng.SuiteRunner.run(SuiteRunner.java:276) [testng-7.4.0.jar:7.4.0]
	at org.testng.SuiteRunnerWorker.runSuite(SuiteRunnerWorker.java:53) [testng-7.4.0.jar:7.4.0]
	at org.testng.SuiteRunnerWorker.run(SuiteRunnerWorker.java:96) [testng-7.4.0.jar:7.4.0]
	at org.testng.TestNG.runSuitesSequentially(TestNG.java:1212) [testng-7.4.0.jar:7.4.0]
	at org.testng.TestNG.runSuitesLocally(TestNG.java:1134) [testng-7.4.0.jar:7.4.0]
	at org.testng.TestNG.runSuites(TestNG.java:1063) [testng-7.4.0.jar:7.4.0]
	at org.testng.TestNG.run(TestNG.java:1031) [testng-7.4.0.jar:7.4.0]
	at org.testng.remote.AbstractRemoteTestNG.run(AbstractRemoteTestNG.java:115) [testng-remote.jar:?]
	at org.testng.remote.RemoteTestNG.initAndRun(RemoteTestNG.java:293) [testng-remote.jar:?]
	at org.testng.remote.RemoteTestNG.main(RemoteTestNG.java:91) [testng-remote.jar:?]
12:50:55.506 [main] ERROR testcases.Basiccontrol - Error occurred in Textdataentry method: 
org.openqa.selenium.NoSuchElementException: no such element: Unable to locate element: {"method":"xpath","selector":"//select[contains(@class,'form-control ng-untouched ng-pristine ng-valid')]"}
  (Session info: chrome=137.0.7151.69)
For documentation on this error, please visit: https://www.selenium.dev/documentation/webdriver/troubleshooting/errors#no-such-element-exception
Build info: version: '4.32.0', revision: 'd17c8aa950'
System info: os.name: 'Windows 10', os.arch: 'amd64', os.version: '10.0', java.version: '17.0.11'
Driver info: org.openqa.selenium.chrome.ChromeDriver
Command: [d6483773a76b53253a517f996902b1d7, findElement {value=//select[contains(@class,'form-control ng-untouched ng-pristine ng-valid')], using=xpath}]
Capabilities {acceptInsecureCerts: false, browserName: chrome, browserVersion: 137.0.7151.69, chrome: {chromedriverVersion: 137.0.7151.68 (2989ffee9373..., userDataDir: C:\Users\VSRIKA~1\AppData\L...}, fedcm:accounts: true, goog:chromeOptions: {debuggerAddress: localhost:50759}, networkConnectionEnabled: false, pageLoadStrategy: normal, platformName: windows, proxy: Proxy(), se:cdp: ws://localhost:50759/devtoo..., se:cdpVersion: 137.0.7151.69, setWindowRect: true, strictFileInteractability: false, timeouts: {implicit: 0, pageLoad: 300000, script: 30000}, unhandledPromptBehavior: dismiss and notify, webauthn:extension:credBlob: true, webauthn:extension:largeBlob: true, webauthn:extension:minPinLength: true, webauthn:extension:prf: true, webauthn:virtualAuthenticators: true}
Session ID: d6483773a76b53253a517f996902b1d7
	at jdk.internal.reflect.GeneratedConstructorAccessor21.newInstance(Unknown Source) ~[?:?]
	at java.base/jdk.internal.reflect.DelegatingConstructorAccessorImpl.newInstance(DelegatingConstructorAccessorImpl.java:45) ~[?:?]
	at java.base/java.lang.reflect.Constructor.newInstanceWithCaller(Constructor.java:499) ~[?:?]
	at java.base/java.lang.reflect.Constructor.newInstance(Constructor.java:480) ~[?:?]
	at org.openqa.selenium.remote.ErrorCodec.decode(ErrorCodec.java:167) ~[selenium-server-4.32.0.jar:?]
	at org.openqa.selenium.remote.codec.w3c.W3CHttpResponseCodec.decode(W3CHttpResponseCodec.java:138) ~[selenium-server-4.32.0.jar:?]
	at org.openqa.selenium.remote.codec.w3c.W3CHttpResponseCodec.decode(W3CHttpResponseCodec.java:50) ~[selenium-server-4.32.0.jar:?]
	at org.openqa.selenium.remote.HttpCommandExecutor.execute(HttpCommandExecutor.java:215) ~[selenium-server-4.32.0.jar:?]
	at org.openqa.selenium.remote.service.DriverCommandExecutor.invokeExecute(DriverCommandExecutor.java:216) ~[selenium-server-4.32.0.jar:?]
	at org.openqa.selenium.remote.service.DriverCommandExecutor.execute(DriverCommandExecutor.java:174) ~[selenium-server-4.32.0.jar:?]
	at org.openqa.selenium.remote.RemoteWebDriver.execute(RemoteWebDriver.java:545) ~[selenium-server-4.32.0.jar:?]
	at org.openqa.selenium.remote.ElementLocation$ElementFinder$2.findElement(ElementLocation.java:165) ~[selenium-server-4.32.0.jar:?]
	at org.openqa.selenium.remote.ElementLocation.findElement(ElementLocation.java:59) ~[selenium-server-4.32.0.jar:?]
	at org.openqa.selenium.remote.RemoteWebDriver.findElement(RemoteWebDriver.java:368) ~[selenium-server-4.32.0.jar:?]
	at org.openqa.selenium.remote.RemoteWebDriver.findElement(RemoteWebDriver.java:362) ~[selenium-server-4.32.0.jar:?]
	at testcases.Basiccontrol.Textdataentry(Basiccontrol.java:461) ~[test-classes/:?]
	at java.base/jdk.internal.reflect.NativeMethodAccessorImpl.invoke0(Native Method) ~[?:?]
	at java.base/jdk.internal.reflect.NativeMethodAccessorImpl.invoke(NativeMethodAccessorImpl.java:77) ~[?:?]
	at java.base/jdk.internal.reflect.DelegatingMethodAccessorImpl.invoke(DelegatingMethodAccessorImpl.java:43) ~[?:?]
	at java.base/java.lang.reflect.Method.invoke(Method.java:568) ~[?:?]
	at org.testng.internal.MethodInvocationHelper.invokeMethod(MethodInvocationHelper.java:133) ~[testng-7.4.0.jar:7.4.0]
	at org.testng.internal.TestInvoker.invokeMethod(TestInvoker.java:598) ~[testng-7.4.0.jar:7.4.0]
	at org.testng.internal.TestInvoker.invokeTestMethod(TestInvoker.java:173) ~[testng-7.4.0.jar:7.4.0]
	at org.testng.internal.MethodRunner.runInSequence(MethodRunner.java:46) ~[testng-7.4.0.jar:7.4.0]
	at org.testng.internal.TestInvoker$MethodInvocationAgent.invoke(TestInvoker.java:824) ~[testng-7.4.0.jar:7.4.0]
	at org.testng.internal.TestInvoker.invokeTestMethods(TestInvoker.java:146) ~[testng-7.4.0.jar:7.4.0]
	at org.testng.internal.TestMethodWorker.invokeTestMethods(TestMethodWorker.java:146) ~[testng-7.4.0.jar:7.4.0]
	at org.testng.internal.TestMethodWorker.run(TestMethodWorker.java:128) ~[testng-7.4.0.jar:7.4.0]
	at java.base/java.util.ArrayList.forEach(ArrayList.java:1511) [?:?]
	at org.testng.TestRunner.privateRun(TestRunner.java:794) [testng-7.4.0.jar:7.4.0]
	at org.testng.TestRunner.run(TestRunner.java:596) [testng-7.4.0.jar:7.4.0]
	at org.testng.SuiteRunner.runTest(SuiteRunner.java:377) [testng-7.4.0.jar:7.4.0]
	at org.testng.SuiteRunner.runSequentially(SuiteRunner.java:371) [testng-7.4.0.jar:7.4.0]
	at org.testng.SuiteRunner.privateRun(SuiteRunner.java:332) [testng-7.4.0.jar:7.4.0]
	at org.testng.SuiteRunner.run(SuiteRunner.java:276) [testng-7.4.0.jar:7.4.0]
	at org.testng.SuiteRunnerWorker.runSuite(SuiteRunnerWorker.java:53) [testng-7.4.0.jar:7.4.0]
	at org.testng.SuiteRunnerWorker.run(SuiteRunnerWorker.java:96) [testng-7.4.0.jar:7.4.0]
	at org.testng.TestNG.runSuitesSequentially(TestNG.java:1212) [testng-7.4.0.jar:7.4.0]
	at org.testng.TestNG.runSuitesLocally(TestNG.java:1134) [testng-7.4.0.jar:7.4.0]
	at org.testng.TestNG.runSuites(TestNG.java:1063) [testng-7.4.0.jar:7.4.0]
	at org.testng.TestNG.run(TestNG.java:1031) [testng-7.4.0.jar:7.4.0]
	at org.testng.remote.AbstractRemoteTestNG.run(AbstractRemoteTestNG.java:115) [testng-remote.jar:?]
	at org.testng.remote.RemoteTestNG.initAndRun(RemoteTestNG.java:293) [testng-remote.jar:?]
	at org.testng.remote.RemoteTestNG.main(RemoteTestNG.java:91) [testng-remote.jar:?]
12:51:09.941 [main] ERROR testcases.Basiccontrol - Error occurred in Datatypedropdown1 method: 
org.openqa.selenium.NoSuchElementException: no such element: Unable to locate element: {"method":"xpath","selector":"//select[contains(@class,'form-control ng-untouched ng-pristine ng-valid')]"}
  (Session info: chrome=137.0.7151.69)
For documentation on this error, please visit: https://www.selenium.dev/documentation/webdriver/troubleshooting/errors#no-such-element-exception
Build info: version: '4.32.0', revision: 'd17c8aa950'
System info: os.name: 'Windows 10', os.arch: 'amd64', os.version: '10.0', java.version: '17.0.11'
Driver info: org.openqa.selenium.chrome.ChromeDriver
Command: [d6483773a76b53253a517f996902b1d7, findElement {value=//select[contains(@class,'form-control ng-untouched ng-pristine ng-valid')], using=xpath}]
Capabilities {acceptInsecureCerts: false, browserName: chrome, browserVersion: 137.0.7151.69, chrome: {chromedriverVersion: 137.0.7151.68 (2989ffee9373..., userDataDir: C:\Users\VSRIKA~1\AppData\L...}, fedcm:accounts: true, goog:chromeOptions: {debuggerAddress: localhost:50759}, networkConnectionEnabled: false, pageLoadStrategy: normal, platformName: windows, proxy: Proxy(), se:cdp: ws://localhost:50759/devtoo..., se:cdpVersion: 137.0.7151.69, setWindowRect: true, strictFileInteractability: false, timeouts: {implicit: 0, pageLoad: 300000, script: 30000}, unhandledPromptBehavior: dismiss and notify, webauthn:extension:credBlob: true, webauthn:extension:largeBlob: true, webauthn:extension:minPinLength: true, webauthn:extension:prf: true, webauthn:virtualAuthenticators: true}
Session ID: d6483773a76b53253a517f996902b1d7
	at jdk.internal.reflect.GeneratedConstructorAccessor21.newInstance(Unknown Source) ~[?:?]
	at java.base/jdk.internal.reflect.DelegatingConstructorAccessorImpl.newInstance(DelegatingConstructorAccessorImpl.java:45) ~[?:?]
	at java.base/java.lang.reflect.Constructor.newInstanceWithCaller(Constructor.java:499) ~[?:?]
	at java.base/java.lang.reflect.Constructor.newInstance(Constructor.java:480) ~[?:?]
	at org.openqa.selenium.remote.ErrorCodec.decode(ErrorCodec.java:167) ~[selenium-server-4.32.0.jar:?]
	at org.openqa.selenium.remote.codec.w3c.W3CHttpResponseCodec.decode(W3CHttpResponseCodec.java:138) ~[selenium-server-4.32.0.jar:?]
	at org.openqa.selenium.remote.codec.w3c.W3CHttpResponseCodec.decode(W3CHttpResponseCodec.java:50) ~[selenium-server-4.32.0.jar:?]
	at org.openqa.selenium.remote.HttpCommandExecutor.execute(HttpCommandExecutor.java:215) ~[selenium-server-4.32.0.jar:?]
	at org.openqa.selenium.remote.service.DriverCommandExecutor.invokeExecute(DriverCommandExecutor.java:216) ~[selenium-server-4.32.0.jar:?]
	at org.openqa.selenium.remote.service.DriverCommandExecutor.execute(DriverCommandExecutor.java:174) ~[selenium-server-4.32.0.jar:?]
	at org.openqa.selenium.remote.RemoteWebDriver.execute(RemoteWebDriver.java:545) ~[selenium-server-4.32.0.jar:?]
	at org.openqa.selenium.remote.ElementLocation$ElementFinder$2.findElement(ElementLocation.java:165) ~[selenium-server-4.32.0.jar:?]
	at org.openqa.selenium.remote.ElementLocation.findElement(ElementLocation.java:59) ~[selenium-server-4.32.0.jar:?]
	at org.openqa.selenium.remote.RemoteWebDriver.findElement(RemoteWebDriver.java:368) ~[selenium-server-4.32.0.jar:?]
	at org.openqa.selenium.remote.RemoteWebDriver.findElement(RemoteWebDriver.java:362) ~[selenium-server-4.32.0.jar:?]
	at testcases.Basiccontrol.Datatypedropdown12(Basiccontrol.java:481) ~[test-classes/:?]
	at java.base/jdk.internal.reflect.NativeMethodAccessorImpl.invoke0(Native Method) ~[?:?]
	at java.base/jdk.internal.reflect.NativeMethodAccessorImpl.invoke(NativeMethodAccessorImpl.java:77) ~[?:?]
	at java.base/jdk.internal.reflect.DelegatingMethodAccessorImpl.invoke(DelegatingMethodAccessorImpl.java:43) ~[?:?]
	at java.base/java.lang.reflect.Method.invoke(Method.java:568) ~[?:?]
	at org.testng.internal.MethodInvocationHelper.invokeMethod(MethodInvocationHelper.java:133) ~[testng-7.4.0.jar:7.4.0]
	at org.testng.internal.TestInvoker.invokeMethod(TestInvoker.java:598) ~[testng-7.4.0.jar:7.4.0]
	at org.testng.internal.TestInvoker.invokeTestMethod(TestInvoker.java:173) ~[testng-7.4.0.jar:7.4.0]
	at org.testng.internal.MethodRunner.runInSequence(MethodRunner.java:46) ~[testng-7.4.0.jar:7.4.0]
	at org.testng.internal.TestInvoker$MethodInvocationAgent.invoke(TestInvoker.java:824) ~[testng-7.4.0.jar:7.4.0]
	at org.testng.internal.TestInvoker.invokeTestMethods(TestInvoker.java:146) ~[testng-7.4.0.jar:7.4.0]
	at org.testng.internal.TestMethodWorker.invokeTestMethods(TestMethodWorker.java:146) ~[testng-7.4.0.jar:7.4.0]
	at org.testng.internal.TestMethodWorker.run(TestMethodWorker.java:128) ~[testng-7.4.0.jar:7.4.0]
	at java.base/java.util.ArrayList.forEach(ArrayList.java:1511) [?:?]
	at org.testng.TestRunner.privateRun(TestRunner.java:794) [testng-7.4.0.jar:7.4.0]
	at org.testng.TestRunner.run(TestRunner.java:596) [testng-7.4.0.jar:7.4.0]
	at org.testng.SuiteRunner.runTest(SuiteRunner.java:377) [testng-7.4.0.jar:7.4.0]
	at org.testng.SuiteRunner.runSequentially(SuiteRunner.java:371) [testng-7.4.0.jar:7.4.0]
	at org.testng.SuiteRunner.privateRun(SuiteRunner.java:332) [testng-7.4.0.jar:7.4.0]
	at org.testng.SuiteRunner.run(SuiteRunner.java:276) [testng-7.4.0.jar:7.4.0]
	at org.testng.SuiteRunnerWorker.runSuite(SuiteRunnerWorker.java:53) [testng-7.4.0.jar:7.4.0]
	at org.testng.SuiteRunnerWorker.run(SuiteRunnerWorker.java:96) [testng-7.4.0.jar:7.4.0]
	at org.testng.TestNG.runSuitesSequentially(TestNG.java:1212) [testng-7.4.0.jar:7.4.0]
	at org.testng.TestNG.runSuitesLocally(TestNG.java:1134) [testng-7.4.0.jar:7.4.0]
	at org.testng.TestNG.runSuites(TestNG.java:1063) [testng-7.4.0.jar:7.4.0]
	at org.testng.TestNG.run(TestNG.java:1031) [testng-7.4.0.jar:7.4.0]
	at org.testng.remote.AbstractRemoteTestNG.run(AbstractRemoteTestNG.java:115) [testng-remote.jar:?]
	at org.testng.remote.RemoteTestNG.initAndRun(RemoteTestNG.java:293) [testng-remote.jar:?]
	at org.testng.remote.RemoteTestNG.main(RemoteTestNG.java:91) [testng-remote.jar:?]
12:51:12.232 [main] ERROR testcases.Basiccontrol - Error occurred in Textareadataentry method: 
org.openqa.selenium.ElementNotInteractableException: element not interactable: Element is not currently visible and may not be manipulated
  (Session info: chrome=137.0.7151.69)
Build info: version: '4.32.0', revision: 'd17c8aa950'
System info: os.name: 'Windows 10', os.arch: 'amd64', os.version: '10.0', java.version: '17.0.11'
Driver info: org.openqa.selenium.chrome.ChromeDriver
Command: [d6483773a76b53253a517f996902b1d7, clickElement {id=f.DB953545B7734432F052D322719081AD.d.4696C5768FDC2F4E77245A28A52FE281.e.733}]
Capabilities {acceptInsecureCerts: false, browserName: chrome, browserVersion: 137.0.7151.69, chrome: {chromedriverVersion: 137.0.7151.68 (2989ffee9373..., userDataDir: C:\Users\VSRIKA~1\AppData\L...}, fedcm:accounts: true, goog:chromeOptions: {debuggerAddress: localhost:50759}, networkConnectionEnabled: false, pageLoadStrategy: normal, platformName: windows, proxy: Proxy(), se:cdp: ws://localhost:50759/devtoo..., se:cdpVersion: 137.0.7151.69, setWindowRect: true, strictFileInteractability: false, timeouts: {implicit: 0, pageLoad: 300000, script: 30000}, unhandledPromptBehavior: dismiss and notify, webauthn:extension:credBlob: true, webauthn:extension:largeBlob: true, webauthn:extension:minPinLength: true, webauthn:extension:prf: true, webauthn:virtualAuthenticators: true}
Element: [[ChromeDriver: chrome on windows (d6483773a76b53253a517f996902b1d7)] -> xpath: (//option[@class='ng-star-inserted'])[2]]
Session ID: d6483773a76b53253a517f996902b1d7
	at java.base/jdk.internal.reflect.NativeConstructorAccessorImpl.newInstance0(Native Method) ~[?:?]
	at java.base/jdk.internal.reflect.NativeConstructorAccessorImpl.newInstance(NativeConstructorAccessorImpl.java:77) ~[?:?]
	at java.base/jdk.internal.reflect.DelegatingConstructorAccessorImpl.newInstance(DelegatingConstructorAccessorImpl.java:45) ~[?:?]
	at java.base/java.lang.reflect.Constructor.newInstanceWithCaller(Constructor.java:499) ~[?:?]
	at java.base/java.lang.reflect.Constructor.newInstance(Constructor.java:480) ~[?:?]
	at org.openqa.selenium.remote.ErrorCodec.decode(ErrorCodec.java:167) ~[selenium-server-4.32.0.jar:?]
	at org.openqa.selenium.remote.codec.w3c.W3CHttpResponseCodec.decode(W3CHttpResponseCodec.java:138) ~[selenium-server-4.32.0.jar:?]
	at org.openqa.selenium.remote.codec.w3c.W3CHttpResponseCodec.decode(W3CHttpResponseCodec.java:50) ~[selenium-server-4.32.0.jar:?]
	at org.openqa.selenium.remote.HttpCommandExecutor.execute(HttpCommandExecutor.java:215) ~[selenium-server-4.32.0.jar:?]
	at org.openqa.selenium.remote.service.DriverCommandExecutor.invokeExecute(DriverCommandExecutor.java:216) ~[selenium-server-4.32.0.jar:?]
	at org.openqa.selenium.remote.service.DriverCommandExecutor.execute(DriverCommandExecutor.java:174) ~[selenium-server-4.32.0.jar:?]
	at org.openqa.selenium.remote.RemoteWebDriver.execute(RemoteWebDriver.java:545) ~[selenium-server-4.32.0.jar:?]
	at org.openqa.selenium.remote.RemoteWebElement.execute(RemoteWebElement.java:223) ~[selenium-server-4.32.0.jar:?]
	at org.openqa.selenium.remote.RemoteWebElement.click(RemoteWebElement.java:76) ~[selenium-server-4.32.0.jar:?]
	at testcases.Basiccontrol.Textareadataentry(Basiccontrol.java:489) ~[test-classes/:?]
	at java.base/jdk.internal.reflect.NativeMethodAccessorImpl.invoke0(Native Method) ~[?:?]
	at java.base/jdk.internal.reflect.NativeMethodAccessorImpl.invoke(NativeMethodAccessorImpl.java:77) ~[?:?]
	at java.base/jdk.internal.reflect.DelegatingMethodAccessorImpl.invoke(DelegatingMethodAccessorImpl.java:43) ~[?:?]
	at java.base/java.lang.reflect.Method.invoke(Method.java:568) ~[?:?]
	at org.testng.internal.MethodInvocationHelper.invokeMethod(MethodInvocationHelper.java:133) ~[testng-7.4.0.jar:7.4.0]
	at org.testng.internal.TestInvoker.invokeMethod(TestInvoker.java:598) ~[testng-7.4.0.jar:7.4.0]
	at org.testng.internal.TestInvoker.invokeTestMethod(TestInvoker.java:173) ~[testng-7.4.0.jar:7.4.0]
	at org.testng.internal.MethodRunner.runInSequence(MethodRunner.java:46) ~[testng-7.4.0.jar:7.4.0]
	at org.testng.internal.TestInvoker$MethodInvocationAgent.invoke(TestInvoker.java:824) ~[testng-7.4.0.jar:7.4.0]
	at org.testng.internal.TestInvoker.invokeTestMethods(TestInvoker.java:146) ~[testng-7.4.0.jar:7.4.0]
	at org.testng.internal.TestMethodWorker.invokeTestMethods(TestMethodWorker.java:146) ~[testng-7.4.0.jar:7.4.0]
	at org.testng.internal.TestMethodWorker.run(TestMethodWorker.java:128) ~[testng-7.4.0.jar:7.4.0]
	at java.base/java.util.ArrayList.forEach(ArrayList.java:1511) [?:?]
	at org.testng.TestRunner.privateRun(TestRunner.java:794) [testng-7.4.0.jar:7.4.0]
	at org.testng.TestRunner.run(TestRunner.java:596) [testng-7.4.0.jar:7.4.0]
	at org.testng.SuiteRunner.runTest(SuiteRunner.java:377) [testng-7.4.0.jar:7.4.0]
	at org.testng.SuiteRunner.runSequentially(SuiteRunner.java:371) [testng-7.4.0.jar:7.4.0]
	at org.testng.SuiteRunner.privateRun(SuiteRunner.java:332) [testng-7.4.0.jar:7.4.0]
	at org.testng.SuiteRunner.run(SuiteRunner.java:276) [testng-7.4.0.jar:7.4.0]
	at org.testng.SuiteRunnerWorker.runSuite(SuiteRunnerWorker.java:53) [testng-7.4.0.jar:7.4.0]
	at org.testng.SuiteRunnerWorker.run(SuiteRunnerWorker.java:96) [testng-7.4.0.jar:7.4.0]
	at org.testng.TestNG.runSuitesSequentially(TestNG.java:1212) [testng-7.4.0.jar:7.4.0]
	at org.testng.TestNG.runSuitesLocally(TestNG.java:1134) [testng-7.4.0.jar:7.4.0]
	at org.testng.TestNG.runSuites(TestNG.java:1063) [testng-7.4.0.jar:7.4.0]
	at org.testng.TestNG.run(TestNG.java:1031) [testng-7.4.0.jar:7.4.0]
	at org.testng.remote.AbstractRemoteTestNG.run(AbstractRemoteTestNG.java:115) [testng-remote.jar:?]
	at org.testng.remote.RemoteTestNG.initAndRun(RemoteTestNG.java:293) [testng-remote.jar:?]
	at org.testng.remote.RemoteTestNG.main(RemoteTestNG.java:91) [testng-remote.jar:?]
12:51:16.703 [main] ERROR testcases.Basiccontrol - Error occurred in Numberdataentry method: 
org.openqa.selenium.ElementNotInteractableException: element not interactable: Element is not currently visible and may not be manipulated
  (Session info: chrome=137.0.7151.69)
Build info: version: '4.32.0', revision: 'd17c8aa950'
System info: os.name: 'Windows 10', os.arch: 'amd64', os.version: '10.0', java.version: '17.0.11'
Driver info: org.openqa.selenium.chrome.ChromeDriver
Command: [d6483773a76b53253a517f996902b1d7, clickElement {id=f.DB953545B7734432F052D322719081AD.d.4696C5768FDC2F4E77245A28A52FE281.e.735}]
Capabilities {acceptInsecureCerts: false, browserName: chrome, browserVersion: 137.0.7151.69, chrome: {chromedriverVersion: 137.0.7151.68 (2989ffee9373..., userDataDir: C:\Users\VSRIKA~1\AppData\L...}, fedcm:accounts: true, goog:chromeOptions: {debuggerAddress: localhost:50759}, networkConnectionEnabled: false, pageLoadStrategy: normal, platformName: windows, proxy: Proxy(), se:cdp: ws://localhost:50759/devtoo..., se:cdpVersion: 137.0.7151.69, setWindowRect: true, strictFileInteractability: false, timeouts: {implicit: 0, pageLoad: 300000, script: 30000}, unhandledPromptBehavior: dismiss and notify, webauthn:extension:credBlob: true, webauthn:extension:largeBlob: true, webauthn:extension:minPinLength: true, webauthn:extension:prf: true, webauthn:virtualAuthenticators: true}
Element: [[ChromeDriver: chrome on windows (d6483773a76b53253a517f996902b1d7)] -> xpath: (//option[@class='ng-star-inserted'])[3]]
Session ID: d6483773a76b53253a517f996902b1d7
	at java.base/jdk.internal.reflect.NativeConstructorAccessorImpl.newInstance0(Native Method) ~[?:?]
	at java.base/jdk.internal.reflect.NativeConstructorAccessorImpl.newInstance(NativeConstructorAccessorImpl.java:77) ~[?:?]
	at java.base/jdk.internal.reflect.DelegatingConstructorAccessorImpl.newInstance(DelegatingConstructorAccessorImpl.java:45) ~[?:?]
	at java.base/java.lang.reflect.Constructor.newInstanceWithCaller(Constructor.java:499) ~[?:?]
	at java.base/java.lang.reflect.Constructor.newInstance(Constructor.java:480) ~[?:?]
	at org.openqa.selenium.remote.ErrorCodec.decode(ErrorCodec.java:167) ~[selenium-server-4.32.0.jar:?]
	at org.openqa.selenium.remote.codec.w3c.W3CHttpResponseCodec.decode(W3CHttpResponseCodec.java:138) ~[selenium-server-4.32.0.jar:?]
	at org.openqa.selenium.remote.codec.w3c.W3CHttpResponseCodec.decode(W3CHttpResponseCodec.java:50) ~[selenium-server-4.32.0.jar:?]
	at org.openqa.selenium.remote.HttpCommandExecutor.execute(HttpCommandExecutor.java:215) ~[selenium-server-4.32.0.jar:?]
	at org.openqa.selenium.remote.service.DriverCommandExecutor.invokeExecute(DriverCommandExecutor.java:216) ~[selenium-server-4.32.0.jar:?]
	at org.openqa.selenium.remote.service.DriverCommandExecutor.execute(DriverCommandExecutor.java:174) ~[selenium-server-4.32.0.jar:?]
	at org.openqa.selenium.remote.RemoteWebDriver.execute(RemoteWebDriver.java:545) ~[selenium-server-4.32.0.jar:?]
	at org.openqa.selenium.remote.RemoteWebElement.execute(RemoteWebElement.java:223) ~[selenium-server-4.32.0.jar:?]
	at org.openqa.selenium.remote.RemoteWebElement.click(RemoteWebElement.java:76) ~[selenium-server-4.32.0.jar:?]
	at testcases.Basiccontrol.Numberdataentry(Basiccontrol.java:510) ~[test-classes/:?]
	at java.base/jdk.internal.reflect.NativeMethodAccessorImpl.invoke0(Native Method) ~[?:?]
	at java.base/jdk.internal.reflect.NativeMethodAccessorImpl.invoke(NativeMethodAccessorImpl.java:77) ~[?:?]
	at java.base/jdk.internal.reflect.DelegatingMethodAccessorImpl.invoke(DelegatingMethodAccessorImpl.java:43) ~[?:?]
	at java.base/java.lang.reflect.Method.invoke(Method.java:568) ~[?:?]
	at org.testng.internal.MethodInvocationHelper.invokeMethod(MethodInvocationHelper.java:133) ~[testng-7.4.0.jar:7.4.0]
	at org.testng.internal.TestInvoker.invokeMethod(TestInvoker.java:598) ~[testng-7.4.0.jar:7.4.0]
	at org.testng.internal.TestInvoker.invokeTestMethod(TestInvoker.java:173) ~[testng-7.4.0.jar:7.4.0]
	at org.testng.internal.MethodRunner.runInSequence(MethodRunner.java:46) ~[testng-7.4.0.jar:7.4.0]
	at org.testng.internal.TestInvoker$MethodInvocationAgent.invoke(TestInvoker.java:824) ~[testng-7.4.0.jar:7.4.0]
	at org.testng.internal.TestInvoker.invokeTestMethods(TestInvoker.java:146) ~[testng-7.4.0.jar:7.4.0]
	at org.testng.internal.TestMethodWorker.invokeTestMethods(TestMethodWorker.java:146) ~[testng-7.4.0.jar:7.4.0]
	at org.testng.internal.TestMethodWorker.run(TestMethodWorker.java:128) ~[testng-7.4.0.jar:7.4.0]
	at java.base/java.util.ArrayList.forEach(ArrayList.java:1511) [?:?]
	at org.testng.TestRunner.privateRun(TestRunner.java:794) [testng-7.4.0.jar:7.4.0]
	at org.testng.TestRunner.run(TestRunner.java:596) [testng-7.4.0.jar:7.4.0]
	at org.testng.SuiteRunner.runTest(SuiteRunner.java:377) [testng-7.4.0.jar:7.4.0]
	at org.testng.SuiteRunner.runSequentially(SuiteRunner.java:371) [testng-7.4.0.jar:7.4.0]
	at org.testng.SuiteRunner.privateRun(SuiteRunner.java:332) [testng-7.4.0.jar:7.4.0]
	at org.testng.SuiteRunner.run(SuiteRunner.java:276) [testng-7.4.0.jar:7.4.0]
	at org.testng.SuiteRunnerWorker.runSuite(SuiteRunnerWorker.java:53) [testng-7.4.0.jar:7.4.0]
	at org.testng.SuiteRunnerWorker.run(SuiteRunnerWorker.java:96) [testng-7.4.0.jar:7.4.0]
	at org.testng.TestNG.runSuitesSequentially(TestNG.java:1212) [testng-7.4.0.jar:7.4.0]
	at org.testng.TestNG.runSuitesLocally(TestNG.java:1134) [testng-7.4.0.jar:7.4.0]
	at org.testng.TestNG.runSuites(TestNG.java:1063) [testng-7.4.0.jar:7.4.0]
	at org.testng.TestNG.run(TestNG.java:1031) [testng-7.4.0.jar:7.4.0]
	at org.testng.remote.AbstractRemoteTestNG.run(AbstractRemoteTestNG.java:115) [testng-remote.jar:?]
	at org.testng.remote.RemoteTestNG.initAndRun(RemoteTestNG.java:293) [testng-remote.jar:?]
	at org.testng.remote.RemoteTestNG.main(RemoteTestNG.java:91) [testng-remote.jar:?]
12:51:16.915 [main] ERROR testcases.Basiccontrol - Error occurred in Column4 method: 
org.openqa.selenium.NoSuchElementException: no such element: Unable to locate element: {"method":"xpath","selector":"(//td[@class='text-center'])[4]"}
  (Session info: chrome=137.0.7151.69)
For documentation on this error, please visit: https://www.selenium.dev/documentation/webdriver/troubleshooting/errors#no-such-element-exception
Build info: version: '4.32.0', revision: 'd17c8aa950'
System info: os.name: 'Windows 10', os.arch: 'amd64', os.version: '10.0', java.version: '17.0.11'
Driver info: org.openqa.selenium.chrome.ChromeDriver
Command: [d6483773a76b53253a517f996902b1d7, findElement {value=(//td[@class='text-center'])[4], using=xpath}]
Capabilities {acceptInsecureCerts: false, browserName: chrome, browserVersion: 137.0.7151.69, chrome: {chromedriverVersion: 137.0.7151.68 (2989ffee9373..., userDataDir: C:\Users\VSRIKA~1\AppData\L...}, fedcm:accounts: true, goog:chromeOptions: {debuggerAddress: localhost:50759}, networkConnectionEnabled: false, pageLoadStrategy: normal, platformName: windows, proxy: Proxy(), se:cdp: ws://localhost:50759/devtoo..., se:cdpVersion: 137.0.7151.69, setWindowRect: true, strictFileInteractability: false, timeouts: {implicit: 0, pageLoad: 300000, script: 30000}, unhandledPromptBehavior: dismiss and notify, webauthn:extension:credBlob: true, webauthn:extension:largeBlob: true, webauthn:extension:minPinLength: true, webauthn:extension:prf: true, webauthn:virtualAuthenticators: true}
Session ID: d6483773a76b53253a517f996902b1d7
	at jdk.internal.reflect.GeneratedConstructorAccessor21.newInstance(Unknown Source) ~[?:?]
	at java.base/jdk.internal.reflect.DelegatingConstructorAccessorImpl.newInstance(DelegatingConstructorAccessorImpl.java:45) ~[?:?]
	at java.base/java.lang.reflect.Constructor.newInstanceWithCaller(Constructor.java:499) ~[?:?]
	at java.base/java.lang.reflect.Constructor.newInstance(Constructor.java:480) ~[?:?]
	at org.openqa.selenium.remote.ErrorCodec.decode(ErrorCodec.java:167) ~[selenium-server-4.32.0.jar:?]
	at org.openqa.selenium.remote.codec.w3c.W3CHttpResponseCodec.decode(W3CHttpResponseCodec.java:138) ~[selenium-server-4.32.0.jar:?]
	at org.openqa.selenium.remote.codec.w3c.W3CHttpResponseCodec.decode(W3CHttpResponseCodec.java:50) ~[selenium-server-4.32.0.jar:?]
	at org.openqa.selenium.remote.HttpCommandExecutor.execute(HttpCommandExecutor.java:215) ~[selenium-server-4.32.0.jar:?]
	at org.openqa.selenium.remote.service.DriverCommandExecutor.invokeExecute(DriverCommandExecutor.java:216) ~[selenium-server-4.32.0.jar:?]
	at org.openqa.selenium.remote.service.DriverCommandExecutor.execute(DriverCommandExecutor.java:174) ~[selenium-server-4.32.0.jar:?]
	at org.openqa.selenium.remote.RemoteWebDriver.execute(RemoteWebDriver.java:545) ~[selenium-server-4.32.0.jar:?]
	at org.openqa.selenium.remote.ElementLocation$ElementFinder$2.findElement(ElementLocation.java:165) ~[selenium-server-4.32.0.jar:?]
	at org.openqa.selenium.remote.ElementLocation.findElement(ElementLocation.java:59) ~[selenium-server-4.32.0.jar:?]
	at org.openqa.selenium.remote.RemoteWebDriver.findElement(RemoteWebDriver.java:368) ~[selenium-server-4.32.0.jar:?]
	at org.openqa.selenium.remote.RemoteWebDriver.findElement(RemoteWebDriver.java:362) ~[selenium-server-4.32.0.jar:?]
	at testcases.Basiccontrol.Column4(Basiccontrol.java:519) ~[test-classes/:?]
	at java.base/jdk.internal.reflect.NativeMethodAccessorImpl.invoke0(Native Method) ~[?:?]
	at java.base/jdk.internal.reflect.NativeMethodAccessorImpl.invoke(NativeMethodAccessorImpl.java:77) ~[?:?]
	at java.base/jdk.internal.reflect.DelegatingMethodAccessorImpl.invoke(DelegatingMethodAccessorImpl.java:43) ~[?:?]
	at java.base/java.lang.reflect.Method.invoke(Method.java:568) ~[?:?]
	at org.testng.internal.MethodInvocationHelper.invokeMethod(MethodInvocationHelper.java:133) ~[testng-7.4.0.jar:7.4.0]
	at org.testng.internal.TestInvoker.invokeMethod(TestInvoker.java:598) ~[testng-7.4.0.jar:7.4.0]
	at org.testng.internal.TestInvoker.invokeTestMethod(TestInvoker.java:173) ~[testng-7.4.0.jar:7.4.0]
	at org.testng.internal.MethodRunner.runInSequence(MethodRunner.java:46) ~[testng-7.4.0.jar:7.4.0]
	at org.testng.internal.TestInvoker$MethodInvocationAgent.invoke(TestInvoker.java:824) ~[testng-7.4.0.jar:7.4.0]
	at org.testng.internal.TestInvoker.invokeTestMethods(TestInvoker.java:146) ~[testng-7.4.0.jar:7.4.0]
	at org.testng.internal.TestMethodWorker.invokeTestMethods(TestMethodWorker.java:146) ~[testng-7.4.0.jar:7.4.0]
	at org.testng.internal.TestMethodWorker.run(TestMethodWorker.java:128) ~[testng-7.4.0.jar:7.4.0]
	at java.base/java.util.ArrayList.forEach(ArrayList.java:1511) [?:?]
	at org.testng.TestRunner.privateRun(TestRunner.java:794) [testng-7.4.0.jar:7.4.0]
	at org.testng.TestRunner.run(TestRunner.java:596) [testng-7.4.0.jar:7.4.0]
	at org.testng.SuiteRunner.runTest(SuiteRunner.java:377) [testng-7.4.0.jar:7.4.0]
	at org.testng.SuiteRunner.runSequentially(SuiteRunner.java:371) [testng-7.4.0.jar:7.4.0]
	at org.testng.SuiteRunner.privateRun(SuiteRunner.java:332) [testng-7.4.0.jar:7.4.0]
	at org.testng.SuiteRunner.run(SuiteRunner.java:276) [testng-7.4.0.jar:7.4.0]
	at org.testng.SuiteRunnerWorker.runSuite(SuiteRunnerWorker.java:53) [testng-7.4.0.jar:7.4.0]
	at org.testng.SuiteRunnerWorker.run(SuiteRunnerWorker.java:96) [testng-7.4.0.jar:7.4.0]
	at org.testng.TestNG.runSuitesSequentially(TestNG.java:1212) [testng-7.4.0.jar:7.4.0]
	at org.testng.TestNG.runSuitesLocally(TestNG.java:1134) [testng-7.4.0.jar:7.4.0]
	at org.testng.TestNG.runSuites(TestNG.java:1063) [testng-7.4.0.jar:7.4.0]
	at org.testng.TestNG.run(TestNG.java:1031) [testng-7.4.0.jar:7.4.0]
	at org.testng.remote.AbstractRemoteTestNG.run(AbstractRemoteTestNG.java:115) [testng-remote.jar:?]
	at org.testng.remote.RemoteTestNG.initAndRun(RemoteTestNG.java:293) [testng-remote.jar:?]
	at org.testng.remote.RemoteTestNG.main(RemoteTestNG.java:91) [testng-remote.jar:?]
12:51:24.162 [main] ERROR testcases.Basiccontrol - Error occurred in Datatypedropdown3 method: 
org.openqa.selenium.NoSuchElementException: no such element: Unable to locate element: {"method":"xpath","selector":"//select[contains(@class,'form-control ng-untouched ng-pristine ng-valid')]"}
  (Session info: chrome=137.0.7151.69)
For documentation on this error, please visit: https://www.selenium.dev/documentation/webdriver/troubleshooting/errors#no-such-element-exception
Build info: version: '4.32.0', revision: 'd17c8aa950'
System info: os.name: 'Windows 10', os.arch: 'amd64', os.version: '10.0', java.version: '17.0.11'
Driver info: org.openqa.selenium.chrome.ChromeDriver
Command: [d6483773a76b53253a517f996902b1d7, findElement {value=//select[contains(@class,'form-control ng-untouched ng-pristine ng-valid')], using=xpath}]
Capabilities {acceptInsecureCerts: false, browserName: chrome, browserVersion: 137.0.7151.69, chrome: {chromedriverVersion: 137.0.7151.68 (2989ffee9373..., userDataDir: C:\Users\VSRIKA~1\AppData\L...}, fedcm:accounts: true, goog:chromeOptions: {debuggerAddress: localhost:50759}, networkConnectionEnabled: false, pageLoadStrategy: normal, platformName: windows, proxy: Proxy(), se:cdp: ws://localhost:50759/devtoo..., se:cdpVersion: 137.0.7151.69, setWindowRect: true, strictFileInteractability: false, timeouts: {implicit: 0, pageLoad: 300000, script: 30000}, unhandledPromptBehavior: dismiss and notify, webauthn:extension:credBlob: true, webauthn:extension:largeBlob: true, webauthn:extension:minPinLength: true, webauthn:extension:prf: true, webauthn:virtualAuthenticators: true}
Session ID: d6483773a76b53253a517f996902b1d7
	at jdk.internal.reflect.GeneratedConstructorAccessor21.newInstance(Unknown Source) ~[?:?]
	at java.base/jdk.internal.reflect.DelegatingConstructorAccessorImpl.newInstance(DelegatingConstructorAccessorImpl.java:45) ~[?:?]
	at java.base/java.lang.reflect.Constructor.newInstanceWithCaller(Constructor.java:499) ~[?:?]
	at java.base/java.lang.reflect.Constructor.newInstance(Constructor.java:480) ~[?:?]
	at org.openqa.selenium.remote.ErrorCodec.decode(ErrorCodec.java:167) ~[selenium-server-4.32.0.jar:?]
	at org.openqa.selenium.remote.codec.w3c.W3CHttpResponseCodec.decode(W3CHttpResponseCodec.java:138) ~[selenium-server-4.32.0.jar:?]
	at org.openqa.selenium.remote.codec.w3c.W3CHttpResponseCodec.decode(W3CHttpResponseCodec.java:50) ~[selenium-server-4.32.0.jar:?]
	at org.openqa.selenium.remote.HttpCommandExecutor.execute(HttpCommandExecutor.java:215) ~[selenium-server-4.32.0.jar:?]
	at org.openqa.selenium.remote.service.DriverCommandExecutor.invokeExecute(DriverCommandExecutor.java:216) ~[selenium-server-4.32.0.jar:?]
	at org.openqa.selenium.remote.service.DriverCommandExecutor.execute(DriverCommandExecutor.java:174) ~[selenium-server-4.32.0.jar:?]
	at org.openqa.selenium.remote.RemoteWebDriver.execute(RemoteWebDriver.java:545) ~[selenium-server-4.32.0.jar:?]
	at org.openqa.selenium.remote.ElementLocation$ElementFinder$2.findElement(ElementLocation.java:165) ~[selenium-server-4.32.0.jar:?]
	at org.openqa.selenium.remote.ElementLocation.findElement(ElementLocation.java:59) ~[selenium-server-4.32.0.jar:?]
	at org.openqa.selenium.remote.RemoteWebDriver.findElement(RemoteWebDriver.java:368) ~[selenium-server-4.32.0.jar:?]
	at org.openqa.selenium.remote.RemoteWebDriver.findElement(RemoteWebDriver.java:362) ~[selenium-server-4.32.0.jar:?]
	at testcases.Basiccontrol.Datatypedropdown2(Basiccontrol.java:530) ~[test-classes/:?]
	at java.base/jdk.internal.reflect.NativeMethodAccessorImpl.invoke0(Native Method) ~[?:?]
	at java.base/jdk.internal.reflect.NativeMethodAccessorImpl.invoke(NativeMethodAccessorImpl.java:77) ~[?:?]
	at java.base/jdk.internal.reflect.DelegatingMethodAccessorImpl.invoke(DelegatingMethodAccessorImpl.java:43) ~[?:?]
	at java.base/java.lang.reflect.Method.invoke(Method.java:568) ~[?:?]
	at org.testng.internal.MethodInvocationHelper.invokeMethod(MethodInvocationHelper.java:133) ~[testng-7.4.0.jar:7.4.0]
	at org.testng.internal.TestInvoker.invokeMethod(TestInvoker.java:598) ~[testng-7.4.0.jar:7.4.0]
	at org.testng.internal.TestInvoker.invokeTestMethod(TestInvoker.java:173) ~[testng-7.4.0.jar:7.4.0]
	at org.testng.internal.MethodRunner.runInSequence(MethodRunner.java:46) ~[testng-7.4.0.jar:7.4.0]
	at org.testng.internal.TestInvoker$MethodInvocationAgent.invoke(TestInvoker.java:824) ~[testng-7.4.0.jar:7.4.0]
	at org.testng.internal.TestInvoker.invokeTestMethods(TestInvoker.java:146) ~[testng-7.4.0.jar:7.4.0]
	at org.testng.internal.TestMethodWorker.invokeTestMethods(TestMethodWorker.java:146) ~[testng-7.4.0.jar:7.4.0]
	at org.testng.internal.TestMethodWorker.run(TestMethodWorker.java:128) ~[testng-7.4.0.jar:7.4.0]
	at java.base/java.util.ArrayList.forEach(ArrayList.java:1511) [?:?]
	at org.testng.TestRunner.privateRun(TestRunner.java:794) [testng-7.4.0.jar:7.4.0]
	at org.testng.TestRunner.run(TestRunner.java:596) [testng-7.4.0.jar:7.4.0]
	at org.testng.SuiteRunner.runTest(SuiteRunner.java:377) [testng-7.4.0.jar:7.4.0]
	at org.testng.SuiteRunner.runSequentially(SuiteRunner.java:371) [testng-7.4.0.jar:7.4.0]
	at org.testng.SuiteRunner.privateRun(SuiteRunner.java:332) [testng-7.4.0.jar:7.4.0]
	at org.testng.SuiteRunner.run(SuiteRunner.java:276) [testng-7.4.0.jar:7.4.0]
	at org.testng.SuiteRunnerWorker.runSuite(SuiteRunnerWorker.java:53) [testng-7.4.0.jar:7.4.0]
	at org.testng.SuiteRunnerWorker.run(SuiteRunnerWorker.java:96) [testng-7.4.0.jar:7.4.0]
	at org.testng.TestNG.runSuitesSequentially(TestNG.java:1212) [testng-7.4.0.jar:7.4.0]
	at org.testng.TestNG.runSuitesLocally(TestNG.java:1134) [testng-7.4.0.jar:7.4.0]
	at org.testng.TestNG.runSuites(TestNG.java:1063) [testng-7.4.0.jar:7.4.0]
	at org.testng.TestNG.run(TestNG.java:1031) [testng-7.4.0.jar:7.4.0]
	at org.testng.remote.AbstractRemoteTestNG.run(AbstractRemoteTestNG.java:115) [testng-remote.jar:?]
	at org.testng.remote.RemoteTestNG.initAndRun(RemoteTestNG.java:293) [testng-remote.jar:?]
	at org.testng.remote.RemoteTestNG.main(RemoteTestNG.java:91) [testng-remote.jar:?]
12:51:26.433 [main] ERROR testcases.Basiccontrol - Error occurred in Datedataentry method: 
org.openqa.selenium.ElementNotInteractableException: element not interactable: Element is not currently visible and may not be manipulated
  (Session info: chrome=137.0.7151.69)
Build info: version: '4.32.0', revision: 'd17c8aa950'
System info: os.name: 'Windows 10', os.arch: 'amd64', os.version: '10.0', java.version: '17.0.11'
Driver info: org.openqa.selenium.chrome.ChromeDriver
Command: [d6483773a76b53253a517f996902b1d7, clickElement {id=f.DB953545B7734432F052D322719081AD.d.4696C5768FDC2F4E77245A28A52FE281.e.737}]
Capabilities {acceptInsecureCerts: false, browserName: chrome, browserVersion: 137.0.7151.69, chrome: {chromedriverVersion: 137.0.7151.68 (2989ffee9373..., userDataDir: C:\Users\VSRIKA~1\AppData\L...}, fedcm:accounts: true, goog:chromeOptions: {debuggerAddress: localhost:50759}, networkConnectionEnabled: false, pageLoadStrategy: normal, platformName: windows, proxy: Proxy(), se:cdp: ws://localhost:50759/devtoo..., se:cdpVersion: 137.0.7151.69, setWindowRect: true, strictFileInteractability: false, timeouts: {implicit: 0, pageLoad: 300000, script: 30000}, unhandledPromptBehavior: dismiss and notify, webauthn:extension:credBlob: true, webauthn:extension:largeBlob: true, webauthn:extension:minPinLength: true, webauthn:extension:prf: true, webauthn:virtualAuthenticators: true}
Element: [[ChromeDriver: chrome on windows (d6483773a76b53253a517f996902b1d7)] -> xpath: //option[@value='DateDataEntry']]
Session ID: d6483773a76b53253a517f996902b1d7
	at java.base/jdk.internal.reflect.NativeConstructorAccessorImpl.newInstance0(Native Method) ~[?:?]
	at java.base/jdk.internal.reflect.NativeConstructorAccessorImpl.newInstance(NativeConstructorAccessorImpl.java:77) ~[?:?]
	at java.base/jdk.internal.reflect.DelegatingConstructorAccessorImpl.newInstance(DelegatingConstructorAccessorImpl.java:45) ~[?:?]
	at java.base/java.lang.reflect.Constructor.newInstanceWithCaller(Constructor.java:499) ~[?:?]
	at java.base/java.lang.reflect.Constructor.newInstance(Constructor.java:480) ~[?:?]
	at org.openqa.selenium.remote.ErrorCodec.decode(ErrorCodec.java:167) ~[selenium-server-4.32.0.jar:?]
	at org.openqa.selenium.remote.codec.w3c.W3CHttpResponseCodec.decode(W3CHttpResponseCodec.java:138) ~[selenium-server-4.32.0.jar:?]
	at org.openqa.selenium.remote.codec.w3c.W3CHttpResponseCodec.decode(W3CHttpResponseCodec.java:50) ~[selenium-server-4.32.0.jar:?]
	at org.openqa.selenium.remote.HttpCommandExecutor.execute(HttpCommandExecutor.java:215) ~[selenium-server-4.32.0.jar:?]
	at org.openqa.selenium.remote.service.DriverCommandExecutor.invokeExecute(DriverCommandExecutor.java:216) ~[selenium-server-4.32.0.jar:?]
	at org.openqa.selenium.remote.service.DriverCommandExecutor.execute(DriverCommandExecutor.java:174) ~[selenium-server-4.32.0.jar:?]
	at org.openqa.selenium.remote.RemoteWebDriver.execute(RemoteWebDriver.java:545) ~[selenium-server-4.32.0.jar:?]
	at org.openqa.selenium.remote.RemoteWebElement.execute(RemoteWebElement.java:223) ~[selenium-server-4.32.0.jar:?]
	at org.openqa.selenium.remote.RemoteWebElement.click(RemoteWebElement.java:76) ~[selenium-server-4.32.0.jar:?]
	at testcases.Basiccontrol.Datedataentry(Basiccontrol.java:541) ~[test-classes/:?]
	at java.base/jdk.internal.reflect.NativeMethodAccessorImpl.invoke0(Native Method) ~[?:?]
	at java.base/jdk.internal.reflect.NativeMethodAccessorImpl.invoke(NativeMethodAccessorImpl.java:77) ~[?:?]
	at java.base/jdk.internal.reflect.DelegatingMethodAccessorImpl.invoke(DelegatingMethodAccessorImpl.java:43) ~[?:?]
	at java.base/java.lang.reflect.Method.invoke(Method.java:568) ~[?:?]
	at org.testng.internal.MethodInvocationHelper.invokeMethod(MethodInvocationHelper.java:133) ~[testng-7.4.0.jar:7.4.0]
	at org.testng.internal.TestInvoker.invokeMethod(TestInvoker.java:598) ~[testng-7.4.0.jar:7.4.0]
	at org.testng.internal.TestInvoker.invokeTestMethod(TestInvoker.java:173) ~[testng-7.4.0.jar:7.4.0]
	at org.testng.internal.MethodRunner.runInSequence(MethodRunner.java:46) ~[testng-7.4.0.jar:7.4.0]
	at org.testng.internal.TestInvoker$MethodInvocationAgent.invoke(TestInvoker.java:824) ~[testng-7.4.0.jar:7.4.0]
	at org.testng.internal.TestInvoker.invokeTestMethods(TestInvoker.java:146) ~[testng-7.4.0.jar:7.4.0]
	at org.testng.internal.TestMethodWorker.invokeTestMethods(TestMethodWorker.java:146) ~[testng-7.4.0.jar:7.4.0]
	at org.testng.internal.TestMethodWorker.run(TestMethodWorker.java:128) ~[testng-7.4.0.jar:7.4.0]
	at java.base/java.util.ArrayList.forEach(ArrayList.java:1511) [?:?]
	at org.testng.TestRunner.privateRun(TestRunner.java:794) [testng-7.4.0.jar:7.4.0]
	at org.testng.TestRunner.run(TestRunner.java:596) [testng-7.4.0.jar:7.4.0]
	at org.testng.SuiteRunner.runTest(SuiteRunner.java:377) [testng-7.4.0.jar:7.4.0]
	at org.testng.SuiteRunner.runSequentially(SuiteRunner.java:371) [testng-7.4.0.jar:7.4.0]
	at org.testng.SuiteRunner.privateRun(SuiteRunner.java:332) [testng-7.4.0.jar:7.4.0]
	at org.testng.SuiteRunner.run(SuiteRunner.java:276) [testng-7.4.0.jar:7.4.0]
	at org.testng.SuiteRunnerWorker.runSuite(SuiteRunnerWorker.java:53) [testng-7.4.0.jar:7.4.0]
	at org.testng.SuiteRunnerWorker.run(SuiteRunnerWorker.java:96) [testng-7.4.0.jar:7.4.0]
	at org.testng.TestNG.runSuitesSequentially(TestNG.java:1212) [testng-7.4.0.jar:7.4.0]
	at org.testng.TestNG.runSuitesLocally(TestNG.java:1134) [testng-7.4.0.jar:7.4.0]
	at org.testng.TestNG.runSuites(TestNG.java:1063) [testng-7.4.0.jar:7.4.0]
	at org.testng.TestNG.run(TestNG.java:1031) [testng-7.4.0.jar:7.4.0]
	at org.testng.remote.AbstractRemoteTestNG.run(AbstractRemoteTestNG.java:115) [testng-remote.jar:?]
	at org.testng.remote.RemoteTestNG.initAndRun(RemoteTestNG.java:293) [testng-remote.jar:?]
	at org.testng.remote.RemoteTestNG.main(RemoteTestNG.java:91) [testng-remote.jar:?]
12:51:34.696 [main] ERROR testcases.Basiccontrol - Error occurred in Column5 method: 
org.openqa.selenium.NoSuchElementException: no such element: Unable to locate element: {"method":"xpath","selector":"(//td[normalize-space()='5'])[1]"}
  (Session info: chrome=137.0.7151.69)
For documentation on this error, please visit: https://www.selenium.dev/documentation/webdriver/troubleshooting/errors#no-such-element-exception
Build info: version: '4.32.0', revision: 'd17c8aa950'
System info: os.name: 'Windows 10', os.arch: 'amd64', os.version: '10.0', java.version: '17.0.11'
Driver info: org.openqa.selenium.chrome.ChromeDriver
Command: [d6483773a76b53253a517f996902b1d7, findElement {value=(//td[normalize-space()='5'])[1], using=xpath}]
Capabilities {acceptInsecureCerts: false, browserName: chrome, browserVersion: 137.0.7151.69, chrome: {chromedriverVersion: 137.0.7151.68 (2989ffee9373..., userDataDir: C:\Users\VSRIKA~1\AppData\L...}, fedcm:accounts: true, goog:chromeOptions: {debuggerAddress: localhost:50759}, networkConnectionEnabled: false, pageLoadStrategy: normal, platformName: windows, proxy: Proxy(), se:cdp: ws://localhost:50759/devtoo..., se:cdpVersion: 137.0.7151.69, setWindowRect: true, strictFileInteractability: false, timeouts: {implicit: 0, pageLoad: 300000, script: 30000}, unhandledPromptBehavior: dismiss and notify, webauthn:extension:credBlob: true, webauthn:extension:largeBlob: true, webauthn:extension:minPinLength: true, webauthn:extension:prf: true, webauthn:virtualAuthenticators: true}
Session ID: d6483773a76b53253a517f996902b1d7
	at jdk.internal.reflect.GeneratedConstructorAccessor21.newInstance(Unknown Source) ~[?:?]
	at java.base/jdk.internal.reflect.DelegatingConstructorAccessorImpl.newInstance(DelegatingConstructorAccessorImpl.java:45) ~[?:?]
	at java.base/java.lang.reflect.Constructor.newInstanceWithCaller(Constructor.java:499) ~[?:?]
	at java.base/java.lang.reflect.Constructor.newInstance(Constructor.java:480) ~[?:?]
	at org.openqa.selenium.remote.ErrorCodec.decode(ErrorCodec.java:167) ~[selenium-server-4.32.0.jar:?]
	at org.openqa.selenium.remote.codec.w3c.W3CHttpResponseCodec.decode(W3CHttpResponseCodec.java:138) ~[selenium-server-4.32.0.jar:?]
	at org.openqa.selenium.remote.codec.w3c.W3CHttpResponseCodec.decode(W3CHttpResponseCodec.java:50) ~[selenium-server-4.32.0.jar:?]
	at org.openqa.selenium.remote.HttpCommandExecutor.execute(HttpCommandExecutor.java:215) ~[selenium-server-4.32.0.jar:?]
	at org.openqa.selenium.remote.service.DriverCommandExecutor.invokeExecute(DriverCommandExecutor.java:216) ~[selenium-server-4.32.0.jar:?]
	at org.openqa.selenium.remote.service.DriverCommandExecutor.execute(DriverCommandExecutor.java:174) ~[selenium-server-4.32.0.jar:?]
	at org.openqa.selenium.remote.RemoteWebDriver.execute(RemoteWebDriver.java:545) ~[selenium-server-4.32.0.jar:?]
	at org.openqa.selenium.remote.ElementLocation$ElementFinder$2.findElement(ElementLocation.java:165) ~[selenium-server-4.32.0.jar:?]
	at org.openqa.selenium.remote.ElementLocation.findElement(ElementLocation.java:59) ~[selenium-server-4.32.0.jar:?]
	at org.openqa.selenium.remote.RemoteWebDriver.findElement(RemoteWebDriver.java:368) ~[selenium-server-4.32.0.jar:?]
	at org.openqa.selenium.remote.RemoteWebDriver.findElement(RemoteWebDriver.java:362) ~[selenium-server-4.32.0.jar:?]
	at testcases.Basiccontrol.Column5(Basiccontrol.java:551) ~[test-classes/:?]
	at java.base/jdk.internal.reflect.NativeMethodAccessorImpl.invoke0(Native Method) ~[?:?]
	at java.base/jdk.internal.reflect.NativeMethodAccessorImpl.invoke(NativeMethodAccessorImpl.java:77) ~[?:?]
	at java.base/jdk.internal.reflect.DelegatingMethodAccessorImpl.invoke(DelegatingMethodAccessorImpl.java:43) ~[?:?]
	at java.base/java.lang.reflect.Method.invoke(Method.java:568) ~[?:?]
	at org.testng.internal.MethodInvocationHelper.invokeMethod(MethodInvocationHelper.java:133) ~[testng-7.4.0.jar:7.4.0]
	at org.testng.internal.TestInvoker.invokeMethod(TestInvoker.java:598) ~[testng-7.4.0.jar:7.4.0]
	at org.testng.internal.TestInvoker.invokeTestMethod(TestInvoker.java:173) ~[testng-7.4.0.jar:7.4.0]
	at org.testng.internal.MethodRunner.runInSequence(MethodRunner.java:46) ~[testng-7.4.0.jar:7.4.0]
	at org.testng.internal.TestInvoker$MethodInvocationAgent.invoke(TestInvoker.java:824) ~[testng-7.4.0.jar:7.4.0]
	at org.testng.internal.TestInvoker.invokeTestMethods(TestInvoker.java:146) ~[testng-7.4.0.jar:7.4.0]
	at org.testng.internal.TestMethodWorker.invokeTestMethods(TestMethodWorker.java:146) ~[testng-7.4.0.jar:7.4.0]
	at org.testng.internal.TestMethodWorker.run(TestMethodWorker.java:128) ~[testng-7.4.0.jar:7.4.0]
	at java.base/java.util.ArrayList.forEach(ArrayList.java:1511) [?:?]
	at org.testng.TestRunner.privateRun(TestRunner.java:794) [testng-7.4.0.jar:7.4.0]
	at org.testng.TestRunner.run(TestRunner.java:596) [testng-7.4.0.jar:7.4.0]
	at org.testng.SuiteRunner.runTest(SuiteRunner.java:377) [testng-7.4.0.jar:7.4.0]
	at org.testng.SuiteRunner.runSequentially(SuiteRunner.java:371) [testng-7.4.0.jar:7.4.0]
	at org.testng.SuiteRunner.privateRun(SuiteRunner.java:332) [testng-7.4.0.jar:7.4.0]
	at org.testng.SuiteRunner.run(SuiteRunner.java:276) [testng-7.4.0.jar:7.4.0]
	at org.testng.SuiteRunnerWorker.runSuite(SuiteRunnerWorker.java:53) [testng-7.4.0.jar:7.4.0]
	at org.testng.SuiteRunnerWorker.run(SuiteRunnerWorker.java:96) [testng-7.4.0.jar:7.4.0]
	at org.testng.TestNG.runSuitesSequentially(TestNG.java:1212) [testng-7.4.0.jar:7.4.0]
	at org.testng.TestNG.runSuitesLocally(TestNG.java:1134) [testng-7.4.0.jar:7.4.0]
	at org.testng.TestNG.runSuites(TestNG.java:1063) [testng-7.4.0.jar:7.4.0]
	at org.testng.TestNG.run(TestNG.java:1031) [testng-7.4.0.jar:7.4.0]
	at org.testng.remote.AbstractRemoteTestNG.run(AbstractRemoteTestNG.java:115) [testng-remote.jar:?]
	at org.testng.remote.RemoteTestNG.initAndRun(RemoteTestNG.java:293) [testng-remote.jar:?]
	at org.testng.remote.RemoteTestNG.main(RemoteTestNG.java:91) [testng-remote.jar:?]
12:51:34.897 [main] ERROR testcases.Basiccontrol - Error occurred in Datatypedropdown4 method: 
org.openqa.selenium.NoSuchElementException: no such element: Unable to locate element: {"method":"xpath","selector":"//select[contains(@class,'form-control ng-untouched ng-pristine ng-valid')]"}
  (Session info: chrome=137.0.7151.69)
For documentation on this error, please visit: https://www.selenium.dev/documentation/webdriver/troubleshooting/errors#no-such-element-exception
Build info: version: '4.32.0', revision: 'd17c8aa950'
System info: os.name: 'Windows 10', os.arch: 'amd64', os.version: '10.0', java.version: '17.0.11'
Driver info: org.openqa.selenium.chrome.ChromeDriver
Command: [d6483773a76b53253a517f996902b1d7, findElement {value=//select[contains(@class,'form-control ng-untouched ng-pristine ng-valid')], using=xpath}]
Capabilities {acceptInsecureCerts: false, browserName: chrome, browserVersion: 137.0.7151.69, chrome: {chromedriverVersion: 137.0.7151.68 (2989ffee9373..., userDataDir: C:\Users\VSRIKA~1\AppData\L...}, fedcm:accounts: true, goog:chromeOptions: {debuggerAddress: localhost:50759}, networkConnectionEnabled: false, pageLoadStrategy: normal, platformName: windows, proxy: Proxy(), se:cdp: ws://localhost:50759/devtoo..., se:cdpVersion: 137.0.7151.69, setWindowRect: true, strictFileInteractability: false, timeouts: {implicit: 0, pageLoad: 300000, script: 30000}, unhandledPromptBehavior: dismiss and notify, webauthn:extension:credBlob: true, webauthn:extension:largeBlob: true, webauthn:extension:minPinLength: true, webauthn:extension:prf: true, webauthn:virtualAuthenticators: true}
Session ID: d6483773a76b53253a517f996902b1d7
	at jdk.internal.reflect.GeneratedConstructorAccessor21.newInstance(Unknown Source) ~[?:?]
	at java.base/jdk.internal.reflect.DelegatingConstructorAccessorImpl.newInstance(DelegatingConstructorAccessorImpl.java:45) ~[?:?]
	at java.base/java.lang.reflect.Constructor.newInstanceWithCaller(Constructor.java:499) ~[?:?]
	at java.base/java.lang.reflect.Constructor.newInstance(Constructor.java:480) ~[?:?]
	at org.openqa.selenium.remote.ErrorCodec.decode(ErrorCodec.java:167) ~[selenium-server-4.32.0.jar:?]
	at org.openqa.selenium.remote.codec.w3c.W3CHttpResponseCodec.decode(W3CHttpResponseCodec.java:138) ~[selenium-server-4.32.0.jar:?]
	at org.openqa.selenium.remote.codec.w3c.W3CHttpResponseCodec.decode(W3CHttpResponseCodec.java:50) ~[selenium-server-4.32.0.jar:?]
	at org.openqa.selenium.remote.HttpCommandExecutor.execute(HttpCommandExecutor.java:215) ~[selenium-server-4.32.0.jar:?]
	at org.openqa.selenium.remote.service.DriverCommandExecutor.invokeExecute(DriverCommandExecutor.java:216) ~[selenium-server-4.32.0.jar:?]
	at org.openqa.selenium.remote.service.DriverCommandExecutor.execute(DriverCommandExecutor.java:174) ~[selenium-server-4.32.0.jar:?]
	at org.openqa.selenium.remote.RemoteWebDriver.execute(RemoteWebDriver.java:545) ~[selenium-server-4.32.0.jar:?]
	at org.openqa.selenium.remote.ElementLocation$ElementFinder$2.findElement(ElementLocation.java:165) ~[selenium-server-4.32.0.jar:?]
	at org.openqa.selenium.remote.ElementLocation.findElement(ElementLocation.java:59) ~[selenium-server-4.32.0.jar:?]
	at org.openqa.selenium.remote.RemoteWebDriver.findElement(RemoteWebDriver.java:368) ~[selenium-server-4.32.0.jar:?]
	at org.openqa.selenium.remote.RemoteWebDriver.findElement(RemoteWebDriver.java:362) ~[selenium-server-4.32.0.jar:?]
	at testcases.Basiccontrol.Datatypedropdown4(Basiccontrol.java:562) ~[test-classes/:?]
	at java.base/jdk.internal.reflect.NativeMethodAccessorImpl.invoke0(Native Method) ~[?:?]
	at java.base/jdk.internal.reflect.NativeMethodAccessorImpl.invoke(NativeMethodAccessorImpl.java:77) ~[?:?]
	at java.base/jdk.internal.reflect.DelegatingMethodAccessorImpl.invoke(DelegatingMethodAccessorImpl.java:43) ~[?:?]
	at java.base/java.lang.reflect.Method.invoke(Method.java:568) ~[?:?]
	at org.testng.internal.MethodInvocationHelper.invokeMethod(MethodInvocationHelper.java:133) ~[testng-7.4.0.jar:7.4.0]
	at org.testng.internal.TestInvoker.invokeMethod(TestInvoker.java:598) ~[testng-7.4.0.jar:7.4.0]
	at org.testng.internal.TestInvoker.invokeTestMethod(TestInvoker.java:173) ~[testng-7.4.0.jar:7.4.0]
	at org.testng.internal.MethodRunner.runInSequence(MethodRunner.java:46) ~[testng-7.4.0.jar:7.4.0]
	at org.testng.internal.TestInvoker$MethodInvocationAgent.invoke(TestInvoker.java:824) ~[testng-7.4.0.jar:7.4.0]
	at org.testng.internal.TestInvoker.invokeTestMethods(TestInvoker.java:146) ~[testng-7.4.0.jar:7.4.0]
	at org.testng.internal.TestMethodWorker.invokeTestMethods(TestMethodWorker.java:146) ~[testng-7.4.0.jar:7.4.0]
	at org.testng.internal.TestMethodWorker.run(TestMethodWorker.java:128) ~[testng-7.4.0.jar:7.4.0]
	at java.base/java.util.ArrayList.forEach(ArrayList.java:1511) [?:?]
	at org.testng.TestRunner.privateRun(TestRunner.java:794) [testng-7.4.0.jar:7.4.0]
	at org.testng.TestRunner.run(TestRunner.java:596) [testng-7.4.0.jar:7.4.0]
	at org.testng.SuiteRunner.runTest(SuiteRunner.java:377) [testng-7.4.0.jar:7.4.0]
	at org.testng.SuiteRunner.runSequentially(SuiteRunner.java:371) [testng-7.4.0.jar:7.4.0]
	at org.testng.SuiteRunner.privateRun(SuiteRunner.java:332) [testng-7.4.0.jar:7.4.0]
	at org.testng.SuiteRunner.run(SuiteRunner.java:276) [testng-7.4.0.jar:7.4.0]
	at org.testng.SuiteRunnerWorker.runSuite(SuiteRunnerWorker.java:53) [testng-7.4.0.jar:7.4.0]
	at org.testng.SuiteRunnerWorker.run(SuiteRunnerWorker.java:96) [testng-7.4.0.jar:7.4.0]
	at org.testng.TestNG.runSuitesSequentially(TestNG.java:1212) [testng-7.4.0.jar:7.4.0]
	at org.testng.TestNG.runSuitesLocally(TestNG.java:1134) [testng-7.4.0.jar:7.4.0]
	at org.testng.TestNG.runSuites(TestNG.java:1063) [testng-7.4.0.jar:7.4.0]
	at org.testng.TestNG.run(TestNG.java:1031) [testng-7.4.0.jar:7.4.0]
	at org.testng.remote.AbstractRemoteTestNG.run(AbstractRemoteTestNG.java:115) [testng-remote.jar:?]
	at org.testng.remote.RemoteTestNG.initAndRun(RemoteTestNG.java:293) [testng-remote.jar:?]
	at org.testng.remote.RemoteTestNG.main(RemoteTestNG.java:91) [testng-remote.jar:?]
12:51:37.108 [main] ERROR testcases.Basiccontrol - Error occurred in Datedataentry method: 
org.openqa.selenium.NoSuchElementException: no such element: Unable to locate element: {"method":"xpath","selector":"(//td[normalize-space()='5'])[1]"}
  (Session info: chrome=137.0.7151.69)
For documentation on this error, please visit: https://www.selenium.dev/documentation/webdriver/troubleshooting/errors#no-such-element-exception
Build info: version: '4.32.0', revision: 'd17c8aa950'
System info: os.name: 'Windows 10', os.arch: 'amd64', os.version: '10.0', java.version: '17.0.11'
Driver info: org.openqa.selenium.chrome.ChromeDriver
Command: [d6483773a76b53253a517f996902b1d7, findElement {value=(//td[normalize-space()='5'])[1], using=xpath}]
Capabilities {acceptInsecureCerts: false, browserName: chrome, browserVersion: 137.0.7151.69, chrome: {chromedriverVersion: 137.0.7151.68 (2989ffee9373..., userDataDir: C:\Users\VSRIKA~1\AppData\L...}, fedcm:accounts: true, goog:chromeOptions: {debuggerAddress: localhost:50759}, networkConnectionEnabled: false, pageLoadStrategy: normal, platformName: windows, proxy: Proxy(), se:cdp: ws://localhost:50759/devtoo..., se:cdpVersion: 137.0.7151.69, setWindowRect: true, strictFileInteractability: false, timeouts: {implicit: 0, pageLoad: 300000, script: 30000}, unhandledPromptBehavior: dismiss and notify, webauthn:extension:credBlob: true, webauthn:extension:largeBlob: true, webauthn:extension:minPinLength: true, webauthn:extension:prf: true, webauthn:virtualAuthenticators: true}
Session ID: d6483773a76b53253a517f996902b1d7
	at jdk.internal.reflect.GeneratedConstructorAccessor21.newInstance(Unknown Source) ~[?:?]
	at java.base/jdk.internal.reflect.DelegatingConstructorAccessorImpl.newInstance(DelegatingConstructorAccessorImpl.java:45) ~[?:?]
	at java.base/java.lang.reflect.Constructor.newInstanceWithCaller(Constructor.java:499) ~[?:?]
	at java.base/java.lang.reflect.Constructor.newInstance(Constructor.java:480) ~[?:?]
	at org.openqa.selenium.remote.ErrorCodec.decode(ErrorCodec.java:167) ~[selenium-server-4.32.0.jar:?]
	at org.openqa.selenium.remote.codec.w3c.W3CHttpResponseCodec.decode(W3CHttpResponseCodec.java:138) ~[selenium-server-4.32.0.jar:?]
	at org.openqa.selenium.remote.codec.w3c.W3CHttpResponseCodec.decode(W3CHttpResponseCodec.java:50) ~[selenium-server-4.32.0.jar:?]
	at org.openqa.selenium.remote.HttpCommandExecutor.execute(HttpCommandExecutor.java:215) ~[selenium-server-4.32.0.jar:?]
	at org.openqa.selenium.remote.service.DriverCommandExecutor.invokeExecute(DriverCommandExecutor.java:216) ~[selenium-server-4.32.0.jar:?]
	at org.openqa.selenium.remote.service.DriverCommandExecutor.execute(DriverCommandExecutor.java:174) ~[selenium-server-4.32.0.jar:?]
	at org.openqa.selenium.remote.RemoteWebDriver.execute(RemoteWebDriver.java:545) ~[selenium-server-4.32.0.jar:?]
	at org.openqa.selenium.remote.ElementLocation$ElementFinder$2.findElement(ElementLocation.java:165) ~[selenium-server-4.32.0.jar:?]
	at org.openqa.selenium.remote.ElementLocation.findElement(ElementLocation.java:59) ~[selenium-server-4.32.0.jar:?]
	at org.openqa.selenium.remote.RemoteWebDriver.findElement(RemoteWebDriver.java:368) ~[selenium-server-4.32.0.jar:?]
	at org.openqa.selenium.remote.RemoteWebDriver.findElement(RemoteWebDriver.java:362) ~[selenium-server-4.32.0.jar:?]
	at testcases.Basiccontrol.Datedataentry1(Basiccontrol.java:572) ~[test-classes/:?]
	at java.base/jdk.internal.reflect.NativeMethodAccessorImpl.invoke0(Native Method) ~[?:?]
	at java.base/jdk.internal.reflect.NativeMethodAccessorImpl.invoke(NativeMethodAccessorImpl.java:77) ~[?:?]
	at java.base/jdk.internal.reflect.DelegatingMethodAccessorImpl.invoke(DelegatingMethodAccessorImpl.java:43) ~[?:?]
	at java.base/java.lang.reflect.Method.invoke(Method.java:568) ~[?:?]
	at org.testng.internal.MethodInvocationHelper.invokeMethod(MethodInvocationHelper.java:133) ~[testng-7.4.0.jar:7.4.0]
	at org.testng.internal.TestInvoker.invokeMethod(TestInvoker.java:598) ~[testng-7.4.0.jar:7.4.0]
	at org.testng.internal.TestInvoker.invokeTestMethod(TestInvoker.java:173) ~[testng-7.4.0.jar:7.4.0]
	at org.testng.internal.MethodRunner.runInSequence(MethodRunner.java:46) ~[testng-7.4.0.jar:7.4.0]
	at org.testng.internal.TestInvoker$MethodInvocationAgent.invoke(TestInvoker.java:824) ~[testng-7.4.0.jar:7.4.0]
	at org.testng.internal.TestInvoker.invokeTestMethods(TestInvoker.java:146) ~[testng-7.4.0.jar:7.4.0]
	at org.testng.internal.TestMethodWorker.invokeTestMethods(TestMethodWorker.java:146) ~[testng-7.4.0.jar:7.4.0]
	at org.testng.internal.TestMethodWorker.run(TestMethodWorker.java:128) ~[testng-7.4.0.jar:7.4.0]
	at java.base/java.util.ArrayList.forEach(ArrayList.java:1511) [?:?]
	at org.testng.TestRunner.privateRun(TestRunner.java:794) [testng-7.4.0.jar:7.4.0]
	at org.testng.TestRunner.run(TestRunner.java:596) [testng-7.4.0.jar:7.4.0]
	at org.testng.SuiteRunner.runTest(SuiteRunner.java:377) [testng-7.4.0.jar:7.4.0]
	at org.testng.SuiteRunner.runSequentially(SuiteRunner.java:371) [testng-7.4.0.jar:7.4.0]
	at org.testng.SuiteRunner.privateRun(SuiteRunner.java:332) [testng-7.4.0.jar:7.4.0]
	at org.testng.SuiteRunner.run(SuiteRunner.java:276) [testng-7.4.0.jar:7.4.0]
	at org.testng.SuiteRunnerWorker.runSuite(SuiteRunnerWorker.java:53) [testng-7.4.0.jar:7.4.0]
	at org.testng.SuiteRunnerWorker.run(SuiteRunnerWorker.java:96) [testng-7.4.0.jar:7.4.0]
	at org.testng.TestNG.runSuitesSequentially(TestNG.java:1212) [testng-7.4.0.jar:7.4.0]
	at org.testng.TestNG.runSuitesLocally(TestNG.java:1134) [testng-7.4.0.jar:7.4.0]
	at org.testng.TestNG.runSuites(TestNG.java:1063) [testng-7.4.0.jar:7.4.0]
	at org.testng.TestNG.run(TestNG.java:1031) [testng-7.4.0.jar:7.4.0]
	at org.testng.remote.AbstractRemoteTestNG.run(AbstractRemoteTestNG.java:115) [testng-remote.jar:?]
	at org.testng.remote.RemoteTestNG.initAndRun(RemoteTestNG.java:293) [testng-remote.jar:?]
	at org.testng.remote.RemoteTestNG.main(RemoteTestNG.java:91) [testng-remote.jar:?]
12:51:39.321 [main] ERROR testcases.Basiccontrol - Error occurred in Ok1 method: 
org.openqa.selenium.NoSuchElementException: no such element: Unable to locate element: {"method":"xpath","selector":"(//button[@class='borderenable btn btn-sm button-border ng-star-inserted'])[2]"}
  (Session info: chrome=137.0.7151.69)
For documentation on this error, please visit: https://www.selenium.dev/documentation/webdriver/troubleshooting/errors#no-such-element-exception
Build info: version: '4.32.0', revision: 'd17c8aa950'
System info: os.name: 'Windows 10', os.arch: 'amd64', os.version: '10.0', java.version: '17.0.11'
Driver info: org.openqa.selenium.chrome.ChromeDriver
Command: [d6483773a76b53253a517f996902b1d7, findElement {value=(//button[@class='borderenable btn btn-sm button-border ng-star-inserted'])[2], using=xpath}]
Capabilities {acceptInsecureCerts: false, browserName: chrome, browserVersion: 137.0.7151.69, chrome: {chromedriverVersion: 137.0.7151.68 (2989ffee9373..., userDataDir: C:\Users\VSRIKA~1\AppData\L...}, fedcm:accounts: true, goog:chromeOptions: {debuggerAddress: localhost:50759}, networkConnectionEnabled: false, pageLoadStrategy: normal, platformName: windows, proxy: Proxy(), se:cdp: ws://localhost:50759/devtoo..., se:cdpVersion: 137.0.7151.69, setWindowRect: true, strictFileInteractability: false, timeouts: {implicit: 0, pageLoad: 300000, script: 30000}, unhandledPromptBehavior: dismiss and notify, webauthn:extension:credBlob: true, webauthn:extension:largeBlob: true, webauthn:extension:minPinLength: true, webauthn:extension:prf: true, webauthn:virtualAuthenticators: true}
Session ID: d6483773a76b53253a517f996902b1d7
	at jdk.internal.reflect.GeneratedConstructorAccessor21.newInstance(Unknown Source) ~[?:?]
	at java.base/jdk.internal.reflect.DelegatingConstructorAccessorImpl.newInstance(DelegatingConstructorAccessorImpl.java:45) ~[?:?]
	at java.base/java.lang.reflect.Constructor.newInstanceWithCaller(Constructor.java:499) ~[?:?]
	at java.base/java.lang.reflect.Constructor.newInstance(Constructor.java:480) ~[?:?]
	at org.openqa.selenium.remote.ErrorCodec.decode(ErrorCodec.java:167) ~[selenium-server-4.32.0.jar:?]
	at org.openqa.selenium.remote.codec.w3c.W3CHttpResponseCodec.decode(W3CHttpResponseCodec.java:138) ~[selenium-server-4.32.0.jar:?]
	at org.openqa.selenium.remote.codec.w3c.W3CHttpResponseCodec.decode(W3CHttpResponseCodec.java:50) ~[selenium-server-4.32.0.jar:?]
	at org.openqa.selenium.remote.HttpCommandExecutor.execute(HttpCommandExecutor.java:215) ~[selenium-server-4.32.0.jar:?]
	at org.openqa.selenium.remote.service.DriverCommandExecutor.invokeExecute(DriverCommandExecutor.java:216) ~[selenium-server-4.32.0.jar:?]
	at org.openqa.selenium.remote.service.DriverCommandExecutor.execute(DriverCommandExecutor.java:174) ~[selenium-server-4.32.0.jar:?]
	at org.openqa.selenium.remote.RemoteWebDriver.execute(RemoteWebDriver.java:545) ~[selenium-server-4.32.0.jar:?]
	at org.openqa.selenium.remote.ElementLocation$ElementFinder$2.findElement(ElementLocation.java:165) ~[selenium-server-4.32.0.jar:?]
	at org.openqa.selenium.remote.ElementLocation.findElement(ElementLocation.java:59) ~[selenium-server-4.32.0.jar:?]
	at org.openqa.selenium.remote.RemoteWebDriver.findElement(RemoteWebDriver.java:368) ~[selenium-server-4.32.0.jar:?]
	at org.openqa.selenium.remote.RemoteWebDriver.findElement(RemoteWebDriver.java:362) ~[selenium-server-4.32.0.jar:?]
	at testcases.Basiccontrol.Ok1(Basiccontrol.java:586) ~[test-classes/:?]
	at java.base/jdk.internal.reflect.NativeMethodAccessorImpl.invoke0(Native Method) ~[?:?]
	at java.base/jdk.internal.reflect.NativeMethodAccessorImpl.invoke(NativeMethodAccessorImpl.java:77) ~[?:?]
	at java.base/jdk.internal.reflect.DelegatingMethodAccessorImpl.invoke(DelegatingMethodAccessorImpl.java:43) ~[?:?]
	at java.base/java.lang.reflect.Method.invoke(Method.java:568) ~[?:?]
	at org.testng.internal.MethodInvocationHelper.invokeMethod(MethodInvocationHelper.java:133) ~[testng-7.4.0.jar:7.4.0]
	at org.testng.internal.TestInvoker.invokeMethod(TestInvoker.java:598) ~[testng-7.4.0.jar:7.4.0]
	at org.testng.internal.TestInvoker.invokeTestMethod(TestInvoker.java:173) ~[testng-7.4.0.jar:7.4.0]
	at org.testng.internal.MethodRunner.runInSequence(MethodRunner.java:46) ~[testng-7.4.0.jar:7.4.0]
	at org.testng.internal.TestInvoker$MethodInvocationAgent.invoke(TestInvoker.java:824) ~[testng-7.4.0.jar:7.4.0]
	at org.testng.internal.TestInvoker.invokeTestMethods(TestInvoker.java:146) ~[testng-7.4.0.jar:7.4.0]
	at org.testng.internal.TestMethodWorker.invokeTestMethods(TestMethodWorker.java:146) ~[testng-7.4.0.jar:7.4.0]
	at org.testng.internal.TestMethodWorker.run(TestMethodWorker.java:128) ~[testng-7.4.0.jar:7.4.0]
	at java.base/java.util.ArrayList.forEach(ArrayList.java:1511) [?:?]
	at org.testng.TestRunner.privateRun(TestRunner.java:794) [testng-7.4.0.jar:7.4.0]
	at org.testng.TestRunner.run(TestRunner.java:596) [testng-7.4.0.jar:7.4.0]
	at org.testng.SuiteRunner.runTest(SuiteRunner.java:377) [testng-7.4.0.jar:7.4.0]
	at org.testng.SuiteRunner.runSequentially(SuiteRunner.java:371) [testng-7.4.0.jar:7.4.0]
	at org.testng.SuiteRunner.privateRun(SuiteRunner.java:332) [testng-7.4.0.jar:7.4.0]
	at org.testng.SuiteRunner.run(SuiteRunner.java:276) [testng-7.4.0.jar:7.4.0]
	at org.testng.SuiteRunnerWorker.runSuite(SuiteRunnerWorker.java:53) [testng-7.4.0.jar:7.4.0]
	at org.testng.SuiteRunnerWorker.run(SuiteRunnerWorker.java:96) [testng-7.4.0.jar:7.4.0]
	at org.testng.TestNG.runSuitesSequentially(TestNG.java:1212) [testng-7.4.0.jar:7.4.0]
	at org.testng.TestNG.runSuitesLocally(TestNG.java:1134) [testng-7.4.0.jar:7.4.0]
	at org.testng.TestNG.runSuites(TestNG.java:1063) [testng-7.4.0.jar:7.4.0]
	at org.testng.TestNG.run(TestNG.java:1031) [testng-7.4.0.jar:7.4.0]
	at org.testng.remote.AbstractRemoteTestNG.run(AbstractRemoteTestNG.java:115) [testng-remote.jar:?]
	at org.testng.remote.RemoteTestNG.initAndRun(RemoteTestNG.java:293) [testng-remote.jar:?]
	at org.testng.remote.RemoteTestNG.main(RemoteTestNG.java:91) [testng-remote.jar:?]
14:12:37.647 [main] INFO  testcases.Signin - SignIn successfully
14:13:19.692 [main] INFO  testcases.Basiccontrol - Section process completed successfully.
14:15:20.400 [main] ERROR testcases.Basiccontrol - Error occurred in Dataentry method: 
org.openqa.selenium.NoSuchElementException: no such element: Unable to locate element: {"method":"xpath","selector":"//a[@class='dis-fl ng-tns-c230-0 dropdown-item pointer']"}
  (Session info: chrome=137.0.7151.69)
For documentation on this error, please visit: https://www.selenium.dev/documentation/webdriver/troubleshooting/errors#no-such-element-exception
Build info: version: '4.32.0', revision: 'd17c8aa950'
System info: os.name: 'Windows 10', os.arch: 'amd64', os.version: '10.0', java.version: '17.0.11'
Driver info: org.openqa.selenium.chrome.ChromeDriver
Command: [199f6fb16240793ff841b8d027f1055c, findElement {using=xpath, value=//a[@class='dis-fl ng-tns-c230-0 dropdown-item pointer']}]
Capabilities {acceptInsecureCerts: false, browserName: chrome, browserVersion: 137.0.7151.69, chrome: {chromedriverVersion: 137.0.7151.68 (2989ffee9373..., userDataDir: C:\Users\VSRIKA~1\AppData\L...}, fedcm:accounts: true, goog:chromeOptions: {debuggerAddress: localhost:53615}, networkConnectionEnabled: false, pageLoadStrategy: normal, platformName: windows, proxy: Proxy(), se:cdp: ws://localhost:53615/devtoo..., se:cdpVersion: 137.0.7151.69, setWindowRect: true, strictFileInteractability: false, timeouts: {implicit: 0, pageLoad: 300000, script: 30000}, unhandledPromptBehavior: dismiss and notify, webauthn:extension:credBlob: true, webauthn:extension:largeBlob: true, webauthn:extension:minPinLength: true, webauthn:extension:prf: true, webauthn:virtualAuthenticators: true}
Session ID: 199f6fb16240793ff841b8d027f1055c
	at jdk.internal.reflect.GeneratedConstructorAccessor23.newInstance(Unknown Source) ~[?:?]
	at java.base/jdk.internal.reflect.DelegatingConstructorAccessorImpl.newInstance(DelegatingConstructorAccessorImpl.java:45) ~[?:?]
	at java.base/java.lang.reflect.Constructor.newInstanceWithCaller(Constructor.java:499) ~[?:?]
	at java.base/java.lang.reflect.Constructor.newInstance(Constructor.java:480) ~[?:?]
	at org.openqa.selenium.remote.ErrorCodec.decode(ErrorCodec.java:167) ~[selenium-server-4.32.0.jar:?]
	at org.openqa.selenium.remote.codec.w3c.W3CHttpResponseCodec.decode(W3CHttpResponseCodec.java:138) ~[selenium-server-4.32.0.jar:?]
	at org.openqa.selenium.remote.codec.w3c.W3CHttpResponseCodec.decode(W3CHttpResponseCodec.java:50) ~[selenium-server-4.32.0.jar:?]
	at org.openqa.selenium.remote.HttpCommandExecutor.execute(HttpCommandExecutor.java:215) ~[selenium-server-4.32.0.jar:?]
	at org.openqa.selenium.remote.service.DriverCommandExecutor.invokeExecute(DriverCommandExecutor.java:216) ~[selenium-server-4.32.0.jar:?]
	at org.openqa.selenium.remote.service.DriverCommandExecutor.execute(DriverCommandExecutor.java:174) ~[selenium-server-4.32.0.jar:?]
	at org.openqa.selenium.remote.RemoteWebDriver.execute(RemoteWebDriver.java:545) ~[selenium-server-4.32.0.jar:?]
	at org.openqa.selenium.remote.ElementLocation$ElementFinder$2.findElement(ElementLocation.java:165) ~[selenium-server-4.32.0.jar:?]
	at org.openqa.selenium.remote.ElementLocation.findElement(ElementLocation.java:59) ~[selenium-server-4.32.0.jar:?]
	at org.openqa.selenium.remote.RemoteWebDriver.findElement(RemoteWebDriver.java:368) ~[selenium-server-4.32.0.jar:?]
	at org.openqa.selenium.remote.RemoteWebDriver.findElement(RemoteWebDriver.java:362) ~[selenium-server-4.32.0.jar:?]
	at testcases.Basiccontrol.Dataentry(Basiccontrol.java:406) ~[test-classes/:?]
	at java.base/jdk.internal.reflect.NativeMethodAccessorImpl.invoke0(Native Method) ~[?:?]
	at java.base/jdk.internal.reflect.NativeMethodAccessorImpl.invoke(NativeMethodAccessorImpl.java:77) ~[?:?]
	at java.base/jdk.internal.reflect.DelegatingMethodAccessorImpl.invoke(DelegatingMethodAccessorImpl.java:43) ~[?:?]
	at java.base/java.lang.reflect.Method.invoke(Method.java:568) ~[?:?]
	at org.testng.internal.MethodInvocationHelper.invokeMethod(MethodInvocationHelper.java:133) ~[testng-7.4.0.jar:7.4.0]
	at org.testng.internal.TestInvoker.invokeMethod(TestInvoker.java:598) ~[testng-7.4.0.jar:7.4.0]
	at org.testng.internal.TestInvoker.invokeTestMethod(TestInvoker.java:173) ~[testng-7.4.0.jar:7.4.0]
	at org.testng.internal.MethodRunner.runInSequence(MethodRunner.java:46) ~[testng-7.4.0.jar:7.4.0]
	at org.testng.internal.TestInvoker$MethodInvocationAgent.invoke(TestInvoker.java:824) ~[testng-7.4.0.jar:7.4.0]
	at org.testng.internal.TestInvoker.invokeTestMethods(TestInvoker.java:146) ~[testng-7.4.0.jar:7.4.0]
	at org.testng.internal.TestMethodWorker.invokeTestMethods(TestMethodWorker.java:146) ~[testng-7.4.0.jar:7.4.0]
	at org.testng.internal.TestMethodWorker.run(TestMethodWorker.java:128) ~[testng-7.4.0.jar:7.4.0]
	at java.base/java.util.ArrayList.forEach(ArrayList.java:1511) [?:?]
	at org.testng.TestRunner.privateRun(TestRunner.java:794) [testng-7.4.0.jar:7.4.0]
	at org.testng.TestRunner.run(TestRunner.java:596) [testng-7.4.0.jar:7.4.0]
	at org.testng.SuiteRunner.runTest(SuiteRunner.java:377) [testng-7.4.0.jar:7.4.0]
	at org.testng.SuiteRunner.runSequentially(SuiteRunner.java:371) [testng-7.4.0.jar:7.4.0]
	at org.testng.SuiteRunner.privateRun(SuiteRunner.java:332) [testng-7.4.0.jar:7.4.0]
	at org.testng.SuiteRunner.run(SuiteRunner.java:276) [testng-7.4.0.jar:7.4.0]
	at org.testng.SuiteRunnerWorker.runSuite(SuiteRunnerWorker.java:53) [testng-7.4.0.jar:7.4.0]
	at org.testng.SuiteRunnerWorker.run(SuiteRunnerWorker.java:96) [testng-7.4.0.jar:7.4.0]
	at org.testng.TestNG.runSuitesSequentially(TestNG.java:1212) [testng-7.4.0.jar:7.4.0]
	at org.testng.TestNG.runSuitesLocally(TestNG.java:1134) [testng-7.4.0.jar:7.4.0]
	at org.testng.TestNG.runSuites(TestNG.java:1063) [testng-7.4.0.jar:7.4.0]
	at org.testng.TestNG.run(TestNG.java:1031) [testng-7.4.0.jar:7.4.0]
	at org.testng.remote.AbstractRemoteTestNG.run(AbstractRemoteTestNG.java:115) [testng-remote.jar:?]
	at org.testng.remote.RemoteTestNG.initAndRun(RemoteTestNG.java:293) [testng-remote.jar:?]
	at org.testng.remote.RemoteTestNG.main(RemoteTestNG.java:91) [testng-remote.jar:?]
14:15:22.678 [main] ERROR testcases.Basiccontrol - Error occurred in Table method: 
org.openqa.selenium.NoSuchElementException: no such element: Unable to locate element: {"method":"xpath","selector":"//a[@class='dataentry ng-tns-c230-0 dropdown-item pointer']"}
  (Session info: chrome=137.0.7151.69)
For documentation on this error, please visit: https://www.selenium.dev/documentation/webdriver/troubleshooting/errors#no-such-element-exception
Build info: version: '4.32.0', revision: 'd17c8aa950'
System info: os.name: 'Windows 10', os.arch: 'amd64', os.version: '10.0', java.version: '17.0.11'
Driver info: org.openqa.selenium.chrome.ChromeDriver
Command: [199f6fb16240793ff841b8d027f1055c, findElement {using=xpath, value=//a[@class='dataentry ng-tns-c230-0 dropdown-item pointer']}]
Capabilities {acceptInsecureCerts: false, browserName: chrome, browserVersion: 137.0.7151.69, chrome: {chromedriverVersion: 137.0.7151.68 (2989ffee9373..., userDataDir: C:\Users\VSRIKA~1\AppData\L...}, fedcm:accounts: true, goog:chromeOptions: {debuggerAddress: localhost:53615}, networkConnectionEnabled: false, pageLoadStrategy: normal, platformName: windows, proxy: Proxy(), se:cdp: ws://localhost:53615/devtoo..., se:cdpVersion: 137.0.7151.69, setWindowRect: true, strictFileInteractability: false, timeouts: {implicit: 0, pageLoad: 300000, script: 30000}, unhandledPromptBehavior: dismiss and notify, webauthn:extension:credBlob: true, webauthn:extension:largeBlob: true, webauthn:extension:minPinLength: true, webauthn:extension:prf: true, webauthn:virtualAuthenticators: true}
Session ID: 199f6fb16240793ff841b8d027f1055c
	at jdk.internal.reflect.GeneratedConstructorAccessor23.newInstance(Unknown Source) ~[?:?]
	at java.base/jdk.internal.reflect.DelegatingConstructorAccessorImpl.newInstance(DelegatingConstructorAccessorImpl.java:45) ~[?:?]
	at java.base/java.lang.reflect.Constructor.newInstanceWithCaller(Constructor.java:499) ~[?:?]
	at java.base/java.lang.reflect.Constructor.newInstance(Constructor.java:480) ~[?:?]
	at org.openqa.selenium.remote.ErrorCodec.decode(ErrorCodec.java:167) ~[selenium-server-4.32.0.jar:?]
	at org.openqa.selenium.remote.codec.w3c.W3CHttpResponseCodec.decode(W3CHttpResponseCodec.java:138) ~[selenium-server-4.32.0.jar:?]
	at org.openqa.selenium.remote.codec.w3c.W3CHttpResponseCodec.decode(W3CHttpResponseCodec.java:50) ~[selenium-server-4.32.0.jar:?]
	at org.openqa.selenium.remote.HttpCommandExecutor.execute(HttpCommandExecutor.java:215) ~[selenium-server-4.32.0.jar:?]
	at org.openqa.selenium.remote.service.DriverCommandExecutor.invokeExecute(DriverCommandExecutor.java:216) ~[selenium-server-4.32.0.jar:?]
	at org.openqa.selenium.remote.service.DriverCommandExecutor.execute(DriverCommandExecutor.java:174) ~[selenium-server-4.32.0.jar:?]
	at org.openqa.selenium.remote.RemoteWebDriver.execute(RemoteWebDriver.java:545) ~[selenium-server-4.32.0.jar:?]
	at org.openqa.selenium.remote.ElementLocation$ElementFinder$2.findElement(ElementLocation.java:165) ~[selenium-server-4.32.0.jar:?]
	at org.openqa.selenium.remote.ElementLocation.findElement(ElementLocation.java:59) ~[selenium-server-4.32.0.jar:?]
	at org.openqa.selenium.remote.RemoteWebDriver.findElement(RemoteWebDriver.java:368) ~[selenium-server-4.32.0.jar:?]
	at org.openqa.selenium.remote.RemoteWebDriver.findElement(RemoteWebDriver.java:362) ~[selenium-server-4.32.0.jar:?]
	at testcases.Basiccontrol.Table(Basiccontrol.java:413) ~[test-classes/:?]
	at java.base/jdk.internal.reflect.NativeMethodAccessorImpl.invoke0(Native Method) ~[?:?]
	at java.base/jdk.internal.reflect.NativeMethodAccessorImpl.invoke(NativeMethodAccessorImpl.java:77) ~[?:?]
	at java.base/jdk.internal.reflect.DelegatingMethodAccessorImpl.invoke(DelegatingMethodAccessorImpl.java:43) ~[?:?]
	at java.base/java.lang.reflect.Method.invoke(Method.java:568) ~[?:?]
	at org.testng.internal.MethodInvocationHelper.invokeMethod(MethodInvocationHelper.java:133) ~[testng-7.4.0.jar:7.4.0]
	at org.testng.internal.TestInvoker.invokeMethod(TestInvoker.java:598) ~[testng-7.4.0.jar:7.4.0]
	at org.testng.internal.TestInvoker.invokeTestMethod(TestInvoker.java:173) ~[testng-7.4.0.jar:7.4.0]
	at org.testng.internal.MethodRunner.runInSequence(MethodRunner.java:46) ~[testng-7.4.0.jar:7.4.0]
	at org.testng.internal.TestInvoker$MethodInvocationAgent.invoke(TestInvoker.java:824) ~[testng-7.4.0.jar:7.4.0]
	at org.testng.internal.TestInvoker.invokeTestMethods(TestInvoker.java:146) ~[testng-7.4.0.jar:7.4.0]
	at org.testng.internal.TestMethodWorker.invokeTestMethods(TestMethodWorker.java:146) ~[testng-7.4.0.jar:7.4.0]
	at org.testng.internal.TestMethodWorker.run(TestMethodWorker.java:128) ~[testng-7.4.0.jar:7.4.0]
	at java.base/java.util.ArrayList.forEach(ArrayList.java:1511) [?:?]
	at org.testng.TestRunner.privateRun(TestRunner.java:794) [testng-7.4.0.jar:7.4.0]
	at org.testng.TestRunner.run(TestRunner.java:596) [testng-7.4.0.jar:7.4.0]
	at org.testng.SuiteRunner.runTest(SuiteRunner.java:377) [testng-7.4.0.jar:7.4.0]
	at org.testng.SuiteRunner.runSequentially(SuiteRunner.java:371) [testng-7.4.0.jar:7.4.0]
	at org.testng.SuiteRunner.privateRun(SuiteRunner.java:332) [testng-7.4.0.jar:7.4.0]
	at org.testng.SuiteRunner.run(SuiteRunner.java:276) [testng-7.4.0.jar:7.4.0]
	at org.testng.SuiteRunnerWorker.runSuite(SuiteRunnerWorker.java:53) [testng-7.4.0.jar:7.4.0]
	at org.testng.SuiteRunnerWorker.run(SuiteRunnerWorker.java:96) [testng-7.4.0.jar:7.4.0]
	at org.testng.TestNG.runSuitesSequentially(TestNG.java:1212) [testng-7.4.0.jar:7.4.0]
	at org.testng.TestNG.runSuitesLocally(TestNG.java:1134) [testng-7.4.0.jar:7.4.0]
	at org.testng.TestNG.runSuites(TestNG.java:1063) [testng-7.4.0.jar:7.4.0]
	at org.testng.TestNG.run(TestNG.java:1031) [testng-7.4.0.jar:7.4.0]
	at org.testng.remote.AbstractRemoteTestNG.run(AbstractRemoteTestNG.java:115) [testng-remote.jar:?]
	at org.testng.remote.RemoteTestNG.initAndRun(RemoteTestNG.java:293) [testng-remote.jar:?]
	at org.testng.remote.RemoteTestNG.main(RemoteTestNG.java:91) [testng-remote.jar:?]
14:15:24.926 [main] ERROR testcases.Basiccontrol - Error occurred in Column method: 
org.openqa.selenium.NoSuchElementException: no such element: Unable to locate element: {"method":"xpath","selector":"(//input[@type='number'])[1]"}
  (Session info: chrome=137.0.7151.69)
For documentation on this error, please visit: https://www.selenium.dev/documentation/webdriver/troubleshooting/errors#no-such-element-exception
Build info: version: '4.32.0', revision: 'd17c8aa950'
System info: os.name: 'Windows 10', os.arch: 'amd64', os.version: '10.0', java.version: '17.0.11'
Driver info: org.openqa.selenium.chrome.ChromeDriver
Command: [199f6fb16240793ff841b8d027f1055c, findElement {using=xpath, value=(//input[@type='number'])[1]}]
Capabilities {acceptInsecureCerts: false, browserName: chrome, browserVersion: 137.0.7151.69, chrome: {chromedriverVersion: 137.0.7151.68 (2989ffee9373..., userDataDir: C:\Users\VSRIKA~1\AppData\L...}, fedcm:accounts: true, goog:chromeOptions: {debuggerAddress: localhost:53615}, networkConnectionEnabled: false, pageLoadStrategy: normal, platformName: windows, proxy: Proxy(), se:cdp: ws://localhost:53615/devtoo..., se:cdpVersion: 137.0.7151.69, setWindowRect: true, strictFileInteractability: false, timeouts: {implicit: 0, pageLoad: 300000, script: 30000}, unhandledPromptBehavior: dismiss and notify, webauthn:extension:credBlob: true, webauthn:extension:largeBlob: true, webauthn:extension:minPinLength: true, webauthn:extension:prf: true, webauthn:virtualAuthenticators: true}
Session ID: 199f6fb16240793ff841b8d027f1055c
	at jdk.internal.reflect.GeneratedConstructorAccessor23.newInstance(Unknown Source) ~[?:?]
	at java.base/jdk.internal.reflect.DelegatingConstructorAccessorImpl.newInstance(DelegatingConstructorAccessorImpl.java:45) ~[?:?]
	at java.base/java.lang.reflect.Constructor.newInstanceWithCaller(Constructor.java:499) ~[?:?]
	at java.base/java.lang.reflect.Constructor.newInstance(Constructor.java:480) ~[?:?]
	at org.openqa.selenium.remote.ErrorCodec.decode(ErrorCodec.java:167) ~[selenium-server-4.32.0.jar:?]
	at org.openqa.selenium.remote.codec.w3c.W3CHttpResponseCodec.decode(W3CHttpResponseCodec.java:138) ~[selenium-server-4.32.0.jar:?]
	at org.openqa.selenium.remote.codec.w3c.W3CHttpResponseCodec.decode(W3CHttpResponseCodec.java:50) ~[selenium-server-4.32.0.jar:?]
	at org.openqa.selenium.remote.HttpCommandExecutor.execute(HttpCommandExecutor.java:215) ~[selenium-server-4.32.0.jar:?]
	at org.openqa.selenium.remote.service.DriverCommandExecutor.invokeExecute(DriverCommandExecutor.java:216) ~[selenium-server-4.32.0.jar:?]
	at org.openqa.selenium.remote.service.DriverCommandExecutor.execute(DriverCommandExecutor.java:174) ~[selenium-server-4.32.0.jar:?]
	at org.openqa.selenium.remote.RemoteWebDriver.execute(RemoteWebDriver.java:545) ~[selenium-server-4.32.0.jar:?]
	at org.openqa.selenium.remote.ElementLocation$ElementFinder$2.findElement(ElementLocation.java:165) ~[selenium-server-4.32.0.jar:?]
	at org.openqa.selenium.remote.ElementLocation.findElement(ElementLocation.java:59) ~[selenium-server-4.32.0.jar:?]
	at org.openqa.selenium.remote.RemoteWebDriver.findElement(RemoteWebDriver.java:368) ~[selenium-server-4.32.0.jar:?]
	at org.openqa.selenium.remote.RemoteWebDriver.findElement(RemoteWebDriver.java:362) ~[selenium-server-4.32.0.jar:?]
	at testcases.Basiccontrol.Column(Basiccontrol.java:422) ~[test-classes/:?]
	at java.base/jdk.internal.reflect.NativeMethodAccessorImpl.invoke0(Native Method) ~[?:?]
	at java.base/jdk.internal.reflect.NativeMethodAccessorImpl.invoke(NativeMethodAccessorImpl.java:77) ~[?:?]
	at java.base/jdk.internal.reflect.DelegatingMethodAccessorImpl.invoke(DelegatingMethodAccessorImpl.java:43) ~[?:?]
	at java.base/java.lang.reflect.Method.invoke(Method.java:568) ~[?:?]
	at org.testng.internal.MethodInvocationHelper.invokeMethod(MethodInvocationHelper.java:133) ~[testng-7.4.0.jar:7.4.0]
	at org.testng.internal.TestInvoker.invokeMethod(TestInvoker.java:598) ~[testng-7.4.0.jar:7.4.0]
	at org.testng.internal.TestInvoker.invokeTestMethod(TestInvoker.java:173) ~[testng-7.4.0.jar:7.4.0]
	at org.testng.internal.MethodRunner.runInSequence(MethodRunner.java:46) ~[testng-7.4.0.jar:7.4.0]
	at org.testng.internal.TestInvoker$MethodInvocationAgent.invoke(TestInvoker.java:824) ~[testng-7.4.0.jar:7.4.0]
	at org.testng.internal.TestInvoker.invokeTestMethods(TestInvoker.java:146) ~[testng-7.4.0.jar:7.4.0]
	at org.testng.internal.TestMethodWorker.invokeTestMethods(TestMethodWorker.java:146) ~[testng-7.4.0.jar:7.4.0]
	at org.testng.internal.TestMethodWorker.run(TestMethodWorker.java:128) ~[testng-7.4.0.jar:7.4.0]
	at java.base/java.util.ArrayList.forEach(ArrayList.java:1511) [?:?]
	at org.testng.TestRunner.privateRun(TestRunner.java:794) [testng-7.4.0.jar:7.4.0]
	at org.testng.TestRunner.run(TestRunner.java:596) [testng-7.4.0.jar:7.4.0]
	at org.testng.SuiteRunner.runTest(SuiteRunner.java:377) [testng-7.4.0.jar:7.4.0]
	at org.testng.SuiteRunner.runSequentially(SuiteRunner.java:371) [testng-7.4.0.jar:7.4.0]
	at org.testng.SuiteRunner.privateRun(SuiteRunner.java:332) [testng-7.4.0.jar:7.4.0]
	at org.testng.SuiteRunner.run(SuiteRunner.java:276) [testng-7.4.0.jar:7.4.0]
	at org.testng.SuiteRunnerWorker.runSuite(SuiteRunnerWorker.java:53) [testng-7.4.0.jar:7.4.0]
	at org.testng.SuiteRunnerWorker.run(SuiteRunnerWorker.java:96) [testng-7.4.0.jar:7.4.0]
	at org.testng.TestNG.runSuitesSequentially(TestNG.java:1212) [testng-7.4.0.jar:7.4.0]
	at org.testng.TestNG.runSuitesLocally(TestNG.java:1134) [testng-7.4.0.jar:7.4.0]
	at org.testng.TestNG.runSuites(TestNG.java:1063) [testng-7.4.0.jar:7.4.0]
	at org.testng.TestNG.run(TestNG.java:1031) [testng-7.4.0.jar:7.4.0]
	at org.testng.remote.AbstractRemoteTestNG.run(AbstractRemoteTestNG.java:115) [testng-remote.jar:?]
	at org.testng.remote.RemoteTestNG.initAndRun(RemoteTestNG.java:293) [testng-remote.jar:?]
	at org.testng.remote.RemoteTestNG.main(RemoteTestNG.java:91) [testng-remote.jar:?]
14:15:27.166 [main] ERROR testcases.Basiccontrol - Error occurred in Row method: 
org.openqa.selenium.NoSuchElementException: no such element: Unable to locate element: {"method":"xpath","selector":"(//input[@type='number'])[2]"}
  (Session info: chrome=137.0.7151.69)
For documentation on this error, please visit: https://www.selenium.dev/documentation/webdriver/troubleshooting/errors#no-such-element-exception
Build info: version: '4.32.0', revision: 'd17c8aa950'
System info: os.name: 'Windows 10', os.arch: 'amd64', os.version: '10.0', java.version: '17.0.11'
Driver info: org.openqa.selenium.chrome.ChromeDriver
Command: [199f6fb16240793ff841b8d027f1055c, findElement {using=xpath, value=(//input[@type='number'])[2]}]
Capabilities {acceptInsecureCerts: false, browserName: chrome, browserVersion: 137.0.7151.69, chrome: {chromedriverVersion: 137.0.7151.68 (2989ffee9373..., userDataDir: C:\Users\VSRIKA~1\AppData\L...}, fedcm:accounts: true, goog:chromeOptions: {debuggerAddress: localhost:53615}, networkConnectionEnabled: false, pageLoadStrategy: normal, platformName: windows, proxy: Proxy(), se:cdp: ws://localhost:53615/devtoo..., se:cdpVersion: 137.0.7151.69, setWindowRect: true, strictFileInteractability: false, timeouts: {implicit: 0, pageLoad: 300000, script: 30000}, unhandledPromptBehavior: dismiss and notify, webauthn:extension:credBlob: true, webauthn:extension:largeBlob: true, webauthn:extension:minPinLength: true, webauthn:extension:prf: true, webauthn:virtualAuthenticators: true}
Session ID: 199f6fb16240793ff841b8d027f1055c
	at jdk.internal.reflect.GeneratedConstructorAccessor23.newInstance(Unknown Source) ~[?:?]
	at java.base/jdk.internal.reflect.DelegatingConstructorAccessorImpl.newInstance(DelegatingConstructorAccessorImpl.java:45) ~[?:?]
	at java.base/java.lang.reflect.Constructor.newInstanceWithCaller(Constructor.java:499) ~[?:?]
	at java.base/java.lang.reflect.Constructor.newInstance(Constructor.java:480) ~[?:?]
	at org.openqa.selenium.remote.ErrorCodec.decode(ErrorCodec.java:167) ~[selenium-server-4.32.0.jar:?]
	at org.openqa.selenium.remote.codec.w3c.W3CHttpResponseCodec.decode(W3CHttpResponseCodec.java:138) ~[selenium-server-4.32.0.jar:?]
	at org.openqa.selenium.remote.codec.w3c.W3CHttpResponseCodec.decode(W3CHttpResponseCodec.java:50) ~[selenium-server-4.32.0.jar:?]
	at org.openqa.selenium.remote.HttpCommandExecutor.execute(HttpCommandExecutor.java:215) ~[selenium-server-4.32.0.jar:?]
	at org.openqa.selenium.remote.service.DriverCommandExecutor.invokeExecute(DriverCommandExecutor.java:216) ~[selenium-server-4.32.0.jar:?]
	at org.openqa.selenium.remote.service.DriverCommandExecutor.execute(DriverCommandExecutor.java:174) ~[selenium-server-4.32.0.jar:?]
	at org.openqa.selenium.remote.RemoteWebDriver.execute(RemoteWebDriver.java:545) ~[selenium-server-4.32.0.jar:?]
	at org.openqa.selenium.remote.ElementLocation$ElementFinder$2.findElement(ElementLocation.java:165) ~[selenium-server-4.32.0.jar:?]
	at org.openqa.selenium.remote.ElementLocation.findElement(ElementLocation.java:59) ~[selenium-server-4.32.0.jar:?]
	at org.openqa.selenium.remote.RemoteWebDriver.findElement(RemoteWebDriver.java:368) ~[selenium-server-4.32.0.jar:?]
	at org.openqa.selenium.remote.RemoteWebDriver.findElement(RemoteWebDriver.java:362) ~[selenium-server-4.32.0.jar:?]
	at testcases.Basiccontrol.Row(Basiccontrol.java:431) ~[test-classes/:?]
	at java.base/jdk.internal.reflect.NativeMethodAccessorImpl.invoke0(Native Method) ~[?:?]
	at java.base/jdk.internal.reflect.NativeMethodAccessorImpl.invoke(NativeMethodAccessorImpl.java:77) ~[?:?]
	at java.base/jdk.internal.reflect.DelegatingMethodAccessorImpl.invoke(DelegatingMethodAccessorImpl.java:43) ~[?:?]
	at java.base/java.lang.reflect.Method.invoke(Method.java:568) ~[?:?]
	at org.testng.internal.MethodInvocationHelper.invokeMethod(MethodInvocationHelper.java:133) ~[testng-7.4.0.jar:7.4.0]
	at org.testng.internal.TestInvoker.invokeMethod(TestInvoker.java:598) ~[testng-7.4.0.jar:7.4.0]
	at org.testng.internal.TestInvoker.invokeTestMethod(TestInvoker.java:173) ~[testng-7.4.0.jar:7.4.0]
	at org.testng.internal.MethodRunner.runInSequence(MethodRunner.java:46) ~[testng-7.4.0.jar:7.4.0]
	at org.testng.internal.TestInvoker$MethodInvocationAgent.invoke(TestInvoker.java:824) ~[testng-7.4.0.jar:7.4.0]
	at org.testng.internal.TestInvoker.invokeTestMethods(TestInvoker.java:146) ~[testng-7.4.0.jar:7.4.0]
	at org.testng.internal.TestMethodWorker.invokeTestMethods(TestMethodWorker.java:146) ~[testng-7.4.0.jar:7.4.0]
	at org.testng.internal.TestMethodWorker.run(TestMethodWorker.java:128) ~[testng-7.4.0.jar:7.4.0]
	at java.base/java.util.ArrayList.forEach(ArrayList.java:1511) [?:?]
	at org.testng.TestRunner.privateRun(TestRunner.java:794) [testng-7.4.0.jar:7.4.0]
	at org.testng.TestRunner.run(TestRunner.java:596) [testng-7.4.0.jar:7.4.0]
	at org.testng.SuiteRunner.runTest(SuiteRunner.java:377) [testng-7.4.0.jar:7.4.0]
	at org.testng.SuiteRunner.runSequentially(SuiteRunner.java:371) [testng-7.4.0.jar:7.4.0]
	at org.testng.SuiteRunner.privateRun(SuiteRunner.java:332) [testng-7.4.0.jar:7.4.0]
	at org.testng.SuiteRunner.run(SuiteRunner.java:276) [testng-7.4.0.jar:7.4.0]
	at org.testng.SuiteRunnerWorker.runSuite(SuiteRunnerWorker.java:53) [testng-7.4.0.jar:7.4.0]
	at org.testng.SuiteRunnerWorker.run(SuiteRunnerWorker.java:96) [testng-7.4.0.jar:7.4.0]
	at org.testng.TestNG.runSuitesSequentially(TestNG.java:1212) [testng-7.4.0.jar:7.4.0]
	at org.testng.TestNG.runSuitesLocally(TestNG.java:1134) [testng-7.4.0.jar:7.4.0]
	at org.testng.TestNG.runSuites(TestNG.java:1063) [testng-7.4.0.jar:7.4.0]
	at org.testng.TestNG.run(TestNG.java:1031) [testng-7.4.0.jar:7.4.0]
	at org.testng.remote.AbstractRemoteTestNG.run(AbstractRemoteTestNG.java:115) [testng-remote.jar:?]
	at org.testng.remote.RemoteTestNG.initAndRun(RemoteTestNG.java:293) [testng-remote.jar:?]
	at org.testng.remote.RemoteTestNG.main(RemoteTestNG.java:91) [testng-remote.jar:?]
14:15:29.433 [main] ERROR testcases.Basiccontrol - Error occurred in Ok method: 
org.openqa.selenium.NoSuchElementException: no such element: Unable to locate element: {"method":"xpath","selector":"(//button[@class='borderenable btn btn-sm button-border ng-star-inserted'])[1]"}
  (Session info: chrome=137.0.7151.69)
For documentation on this error, please visit: https://www.selenium.dev/documentation/webdriver/troubleshooting/errors#no-such-element-exception
Build info: version: '4.32.0', revision: 'd17c8aa950'
System info: os.name: 'Windows 10', os.arch: 'amd64', os.version: '10.0', java.version: '17.0.11'
Driver info: org.openqa.selenium.chrome.ChromeDriver
Command: [199f6fb16240793ff841b8d027f1055c, findElement {using=xpath, value=(//button[@class='borderenable btn btn-sm button-border ng-star-inserted'])[1]}]
Capabilities {acceptInsecureCerts: false, browserName: chrome, browserVersion: 137.0.7151.69, chrome: {chromedriverVersion: 137.0.7151.68 (2989ffee9373..., userDataDir: C:\Users\VSRIKA~1\AppData\L...}, fedcm:accounts: true, goog:chromeOptions: {debuggerAddress: localhost:53615}, networkConnectionEnabled: false, pageLoadStrategy: normal, platformName: windows, proxy: Proxy(), se:cdp: ws://localhost:53615/devtoo..., se:cdpVersion: 137.0.7151.69, setWindowRect: true, strictFileInteractability: false, timeouts: {implicit: 0, pageLoad: 300000, script: 30000}, unhandledPromptBehavior: dismiss and notify, webauthn:extension:credBlob: true, webauthn:extension:largeBlob: true, webauthn:extension:minPinLength: true, webauthn:extension:prf: true, webauthn:virtualAuthenticators: true}
Session ID: 199f6fb16240793ff841b8d027f1055c
	at jdk.internal.reflect.GeneratedConstructorAccessor23.newInstance(Unknown Source) ~[?:?]
	at java.base/jdk.internal.reflect.DelegatingConstructorAccessorImpl.newInstance(DelegatingConstructorAccessorImpl.java:45) ~[?:?]
	at java.base/java.lang.reflect.Constructor.newInstanceWithCaller(Constructor.java:499) ~[?:?]
	at java.base/java.lang.reflect.Constructor.newInstance(Constructor.java:480) ~[?:?]
	at org.openqa.selenium.remote.ErrorCodec.decode(ErrorCodec.java:167) ~[selenium-server-4.32.0.jar:?]
	at org.openqa.selenium.remote.codec.w3c.W3CHttpResponseCodec.decode(W3CHttpResponseCodec.java:138) ~[selenium-server-4.32.0.jar:?]
	at org.openqa.selenium.remote.codec.w3c.W3CHttpResponseCodec.decode(W3CHttpResponseCodec.java:50) ~[selenium-server-4.32.0.jar:?]
	at org.openqa.selenium.remote.HttpCommandExecutor.execute(HttpCommandExecutor.java:215) ~[selenium-server-4.32.0.jar:?]
	at org.openqa.selenium.remote.service.DriverCommandExecutor.invokeExecute(DriverCommandExecutor.java:216) ~[selenium-server-4.32.0.jar:?]
	at org.openqa.selenium.remote.service.DriverCommandExecutor.execute(DriverCommandExecutor.java:174) ~[selenium-server-4.32.0.jar:?]
	at org.openqa.selenium.remote.RemoteWebDriver.execute(RemoteWebDriver.java:545) ~[selenium-server-4.32.0.jar:?]
	at org.openqa.selenium.remote.ElementLocation$ElementFinder$2.findElement(ElementLocation.java:165) ~[selenium-server-4.32.0.jar:?]
	at org.openqa.selenium.remote.ElementLocation.findElement(ElementLocation.java:59) ~[selenium-server-4.32.0.jar:?]
	at org.openqa.selenium.remote.RemoteWebDriver.findElement(RemoteWebDriver.java:368) ~[selenium-server-4.32.0.jar:?]
	at org.openqa.selenium.remote.RemoteWebDriver.findElement(RemoteWebDriver.java:362) ~[selenium-server-4.32.0.jar:?]
	at testcases.Basiccontrol.Ok(Basiccontrol.java:440) ~[test-classes/:?]
	at java.base/jdk.internal.reflect.NativeMethodAccessorImpl.invoke0(Native Method) ~[?:?]
	at java.base/jdk.internal.reflect.NativeMethodAccessorImpl.invoke(NativeMethodAccessorImpl.java:77) ~[?:?]
	at java.base/jdk.internal.reflect.DelegatingMethodAccessorImpl.invoke(DelegatingMethodAccessorImpl.java:43) ~[?:?]
	at java.base/java.lang.reflect.Method.invoke(Method.java:568) ~[?:?]
	at org.testng.internal.MethodInvocationHelper.invokeMethod(MethodInvocationHelper.java:133) ~[testng-7.4.0.jar:7.4.0]
	at org.testng.internal.TestInvoker.invokeMethod(TestInvoker.java:598) ~[testng-7.4.0.jar:7.4.0]
	at org.testng.internal.TestInvoker.invokeTestMethod(TestInvoker.java:173) ~[testng-7.4.0.jar:7.4.0]
	at org.testng.internal.MethodRunner.runInSequence(MethodRunner.java:46) ~[testng-7.4.0.jar:7.4.0]
	at org.testng.internal.TestInvoker$MethodInvocationAgent.invoke(TestInvoker.java:824) ~[testng-7.4.0.jar:7.4.0]
	at org.testng.internal.TestInvoker.invokeTestMethods(TestInvoker.java:146) ~[testng-7.4.0.jar:7.4.0]
	at org.testng.internal.TestMethodWorker.invokeTestMethods(TestMethodWorker.java:146) ~[testng-7.4.0.jar:7.4.0]
	at org.testng.internal.TestMethodWorker.run(TestMethodWorker.java:128) ~[testng-7.4.0.jar:7.4.0]
	at java.base/java.util.ArrayList.forEach(ArrayList.java:1511) [?:?]
	at org.testng.TestRunner.privateRun(TestRunner.java:794) [testng-7.4.0.jar:7.4.0]
	at org.testng.TestRunner.run(TestRunner.java:596) [testng-7.4.0.jar:7.4.0]
	at org.testng.SuiteRunner.runTest(SuiteRunner.java:377) [testng-7.4.0.jar:7.4.0]
	at org.testng.SuiteRunner.runSequentially(SuiteRunner.java:371) [testng-7.4.0.jar:7.4.0]
	at org.testng.SuiteRunner.privateRun(SuiteRunner.java:332) [testng-7.4.0.jar:7.4.0]
	at org.testng.SuiteRunner.run(SuiteRunner.java:276) [testng-7.4.0.jar:7.4.0]
	at org.testng.SuiteRunnerWorker.runSuite(SuiteRunnerWorker.java:53) [testng-7.4.0.jar:7.4.0]
	at org.testng.SuiteRunnerWorker.run(SuiteRunnerWorker.java:96) [testng-7.4.0.jar:7.4.0]
	at org.testng.TestNG.runSuitesSequentially(TestNG.java:1212) [testng-7.4.0.jar:7.4.0]
	at org.testng.TestNG.runSuitesLocally(TestNG.java:1134) [testng-7.4.0.jar:7.4.0]
	at org.testng.TestNG.runSuites(TestNG.java:1063) [testng-7.4.0.jar:7.4.0]
	at org.testng.TestNG.run(TestNG.java:1031) [testng-7.4.0.jar:7.4.0]
	at org.testng.remote.AbstractRemoteTestNG.run(AbstractRemoteTestNG.java:115) [testng-remote.jar:?]
	at org.testng.remote.RemoteTestNG.initAndRun(RemoteTestNG.java:293) [testng-remote.jar:?]
	at org.testng.remote.RemoteTestNG.main(RemoteTestNG.java:91) [testng-remote.jar:?]
14:15:31.677 [main] ERROR testcases.Basiccontrol - Error occurred in Columnbutton method: 
org.openqa.selenium.NoSuchElementException: no such element: Unable to locate element: {"method":"xpath","selector":"(//a[@class='nav-link'])"}
  (Session info: chrome=137.0.7151.69)
For documentation on this error, please visit: https://www.selenium.dev/documentation/webdriver/troubleshooting/errors#no-such-element-exception
Build info: version: '4.32.0', revision: 'd17c8aa950'
System info: os.name: 'Windows 10', os.arch: 'amd64', os.version: '10.0', java.version: '17.0.11'
Driver info: org.openqa.selenium.chrome.ChromeDriver
Command: [199f6fb16240793ff841b8d027f1055c, findElement {using=xpath, value=(//a[@class='nav-link'])}]
Capabilities {acceptInsecureCerts: false, browserName: chrome, browserVersion: 137.0.7151.69, chrome: {chromedriverVersion: 137.0.7151.68 (2989ffee9373..., userDataDir: C:\Users\VSRIKA~1\AppData\L...}, fedcm:accounts: true, goog:chromeOptions: {debuggerAddress: localhost:53615}, networkConnectionEnabled: false, pageLoadStrategy: normal, platformName: windows, proxy: Proxy(), se:cdp: ws://localhost:53615/devtoo..., se:cdpVersion: 137.0.7151.69, setWindowRect: true, strictFileInteractability: false, timeouts: {implicit: 0, pageLoad: 300000, script: 30000}, unhandledPromptBehavior: dismiss and notify, webauthn:extension:credBlob: true, webauthn:extension:largeBlob: true, webauthn:extension:minPinLength: true, webauthn:extension:prf: true, webauthn:virtualAuthenticators: true}
Session ID: 199f6fb16240793ff841b8d027f1055c
	at jdk.internal.reflect.GeneratedConstructorAccessor23.newInstance(Unknown Source) ~[?:?]
	at java.base/jdk.internal.reflect.DelegatingConstructorAccessorImpl.newInstance(DelegatingConstructorAccessorImpl.java:45) ~[?:?]
	at java.base/java.lang.reflect.Constructor.newInstanceWithCaller(Constructor.java:499) ~[?:?]
	at java.base/java.lang.reflect.Constructor.newInstance(Constructor.java:480) ~[?:?]
	at org.openqa.selenium.remote.ErrorCodec.decode(ErrorCodec.java:167) ~[selenium-server-4.32.0.jar:?]
	at org.openqa.selenium.remote.codec.w3c.W3CHttpResponseCodec.decode(W3CHttpResponseCodec.java:138) ~[selenium-server-4.32.0.jar:?]
	at org.openqa.selenium.remote.codec.w3c.W3CHttpResponseCodec.decode(W3CHttpResponseCodec.java:50) ~[selenium-server-4.32.0.jar:?]
	at org.openqa.selenium.remote.HttpCommandExecutor.execute(HttpCommandExecutor.java:215) ~[selenium-server-4.32.0.jar:?]
	at org.openqa.selenium.remote.service.DriverCommandExecutor.invokeExecute(DriverCommandExecutor.java:216) ~[selenium-server-4.32.0.jar:?]
	at org.openqa.selenium.remote.service.DriverCommandExecutor.execute(DriverCommandExecutor.java:174) ~[selenium-server-4.32.0.jar:?]
	at org.openqa.selenium.remote.RemoteWebDriver.execute(RemoteWebDriver.java:545) ~[selenium-server-4.32.0.jar:?]
	at org.openqa.selenium.remote.ElementLocation$ElementFinder$2.findElement(ElementLocation.java:165) ~[selenium-server-4.32.0.jar:?]
	at org.openqa.selenium.remote.ElementLocation.findElement(ElementLocation.java:59) ~[selenium-server-4.32.0.jar:?]
	at org.openqa.selenium.remote.RemoteWebDriver.findElement(RemoteWebDriver.java:368) ~[selenium-server-4.32.0.jar:?]
	at org.openqa.selenium.remote.RemoteWebDriver.findElement(RemoteWebDriver.java:362) ~[selenium-server-4.32.0.jar:?]
	at testcases.Basiccontrol.Columnbutton(Basiccontrol.java:447) ~[test-classes/:?]
	at java.base/jdk.internal.reflect.NativeMethodAccessorImpl.invoke0(Native Method) ~[?:?]
	at java.base/jdk.internal.reflect.NativeMethodAccessorImpl.invoke(NativeMethodAccessorImpl.java:77) ~[?:?]
	at java.base/jdk.internal.reflect.DelegatingMethodAccessorImpl.invoke(DelegatingMethodAccessorImpl.java:43) ~[?:?]
	at java.base/java.lang.reflect.Method.invoke(Method.java:568) ~[?:?]
	at org.testng.internal.MethodInvocationHelper.invokeMethod(MethodInvocationHelper.java:133) ~[testng-7.4.0.jar:7.4.0]
	at org.testng.internal.TestInvoker.invokeMethod(TestInvoker.java:598) ~[testng-7.4.0.jar:7.4.0]
	at org.testng.internal.TestInvoker.invokeTestMethod(TestInvoker.java:173) ~[testng-7.4.0.jar:7.4.0]
	at org.testng.internal.MethodRunner.runInSequence(MethodRunner.java:46) ~[testng-7.4.0.jar:7.4.0]
	at org.testng.internal.TestInvoker$MethodInvocationAgent.invoke(TestInvoker.java:824) ~[testng-7.4.0.jar:7.4.0]
	at org.testng.internal.TestInvoker.invokeTestMethods(TestInvoker.java:146) ~[testng-7.4.0.jar:7.4.0]
	at org.testng.internal.TestMethodWorker.invokeTestMethods(TestMethodWorker.java:146) ~[testng-7.4.0.jar:7.4.0]
	at org.testng.internal.TestMethodWorker.run(TestMethodWorker.java:128) ~[testng-7.4.0.jar:7.4.0]
	at java.base/java.util.ArrayList.forEach(ArrayList.java:1511) [?:?]
	at org.testng.TestRunner.privateRun(TestRunner.java:794) [testng-7.4.0.jar:7.4.0]
	at org.testng.TestRunner.run(TestRunner.java:596) [testng-7.4.0.jar:7.4.0]
	at org.testng.SuiteRunner.runTest(SuiteRunner.java:377) [testng-7.4.0.jar:7.4.0]
	at org.testng.SuiteRunner.runSequentially(SuiteRunner.java:371) [testng-7.4.0.jar:7.4.0]
	at org.testng.SuiteRunner.privateRun(SuiteRunner.java:332) [testng-7.4.0.jar:7.4.0]
	at org.testng.SuiteRunner.run(SuiteRunner.java:276) [testng-7.4.0.jar:7.4.0]
	at org.testng.SuiteRunnerWorker.runSuite(SuiteRunnerWorker.java:53) [testng-7.4.0.jar:7.4.0]
	at org.testng.SuiteRunnerWorker.run(SuiteRunnerWorker.java:96) [testng-7.4.0.jar:7.4.0]
	at org.testng.TestNG.runSuitesSequentially(TestNG.java:1212) [testng-7.4.0.jar:7.4.0]
	at org.testng.TestNG.runSuitesLocally(TestNG.java:1134) [testng-7.4.0.jar:7.4.0]
	at org.testng.TestNG.runSuites(TestNG.java:1063) [testng-7.4.0.jar:7.4.0]
	at org.testng.TestNG.run(TestNG.java:1031) [testng-7.4.0.jar:7.4.0]
	at org.testng.remote.AbstractRemoteTestNG.run(AbstractRemoteTestNG.java:115) [testng-remote.jar:?]
	at org.testng.remote.RemoteTestNG.initAndRun(RemoteTestNG.java:293) [testng-remote.jar:?]
	at org.testng.remote.RemoteTestNG.main(RemoteTestNG.java:91) [testng-remote.jar:?]
14:15:33.907 [main] ERROR testcases.Basiccontrol - Error occurred in Datatypedropdown method: 
org.openqa.selenium.NoSuchElementException: no such element: Unable to locate element: {"method":"xpath","selector":"//select[contains(@class,'form-control ng-untouched ng-pristine ng-valid')]"}
  (Session info: chrome=137.0.7151.69)
For documentation on this error, please visit: https://www.selenium.dev/documentation/webdriver/troubleshooting/errors#no-such-element-exception
Build info: version: '4.32.0', revision: 'd17c8aa950'
System info: os.name: 'Windows 10', os.arch: 'amd64', os.version: '10.0', java.version: '17.0.11'
Driver info: org.openqa.selenium.chrome.ChromeDriver
Command: [199f6fb16240793ff841b8d027f1055c, findElement {using=xpath, value=//select[contains(@class,'form-control ng-untouched ng-pristine ng-valid')]}]
Capabilities {acceptInsecureCerts: false, browserName: chrome, browserVersion: 137.0.7151.69, chrome: {chromedriverVersion: 137.0.7151.68 (2989ffee9373..., userDataDir: C:\Users\VSRIKA~1\AppData\L...}, fedcm:accounts: true, goog:chromeOptions: {debuggerAddress: localhost:53615}, networkConnectionEnabled: false, pageLoadStrategy: normal, platformName: windows, proxy: Proxy(), se:cdp: ws://localhost:53615/devtoo..., se:cdpVersion: 137.0.7151.69, setWindowRect: true, strictFileInteractability: false, timeouts: {implicit: 0, pageLoad: 300000, script: 30000}, unhandledPromptBehavior: dismiss and notify, webauthn:extension:credBlob: true, webauthn:extension:largeBlob: true, webauthn:extension:minPinLength: true, webauthn:extension:prf: true, webauthn:virtualAuthenticators: true}
Session ID: 199f6fb16240793ff841b8d027f1055c
	at jdk.internal.reflect.GeneratedConstructorAccessor23.newInstance(Unknown Source) ~[?:?]
	at java.base/jdk.internal.reflect.DelegatingConstructorAccessorImpl.newInstance(DelegatingConstructorAccessorImpl.java:45) ~[?:?]
	at java.base/java.lang.reflect.Constructor.newInstanceWithCaller(Constructor.java:499) ~[?:?]
	at java.base/java.lang.reflect.Constructor.newInstance(Constructor.java:480) ~[?:?]
	at org.openqa.selenium.remote.ErrorCodec.decode(ErrorCodec.java:167) ~[selenium-server-4.32.0.jar:?]
	at org.openqa.selenium.remote.codec.w3c.W3CHttpResponseCodec.decode(W3CHttpResponseCodec.java:138) ~[selenium-server-4.32.0.jar:?]
	at org.openqa.selenium.remote.codec.w3c.W3CHttpResponseCodec.decode(W3CHttpResponseCodec.java:50) ~[selenium-server-4.32.0.jar:?]
	at org.openqa.selenium.remote.HttpCommandExecutor.execute(HttpCommandExecutor.java:215) ~[selenium-server-4.32.0.jar:?]
	at org.openqa.selenium.remote.service.DriverCommandExecutor.invokeExecute(DriverCommandExecutor.java:216) ~[selenium-server-4.32.0.jar:?]
	at org.openqa.selenium.remote.service.DriverCommandExecutor.execute(DriverCommandExecutor.java:174) ~[selenium-server-4.32.0.jar:?]
	at org.openqa.selenium.remote.RemoteWebDriver.execute(RemoteWebDriver.java:545) ~[selenium-server-4.32.0.jar:?]
	at org.openqa.selenium.remote.ElementLocation$ElementFinder$2.findElement(ElementLocation.java:165) ~[selenium-server-4.32.0.jar:?]
	at org.openqa.selenium.remote.ElementLocation.findElement(ElementLocation.java:59) ~[selenium-server-4.32.0.jar:?]
	at org.openqa.selenium.remote.RemoteWebDriver.findElement(RemoteWebDriver.java:368) ~[selenium-server-4.32.0.jar:?]
	at org.openqa.selenium.remote.RemoteWebDriver.findElement(RemoteWebDriver.java:362) ~[selenium-server-4.32.0.jar:?]
	at testcases.Basiccontrol.Datatypedropdown(Basiccontrol.java:454) ~[test-classes/:?]
	at java.base/jdk.internal.reflect.NativeMethodAccessorImpl.invoke0(Native Method) ~[?:?]
	at java.base/jdk.internal.reflect.NativeMethodAccessorImpl.invoke(NativeMethodAccessorImpl.java:77) ~[?:?]
	at java.base/jdk.internal.reflect.DelegatingMethodAccessorImpl.invoke(DelegatingMethodAccessorImpl.java:43) ~[?:?]
	at java.base/java.lang.reflect.Method.invoke(Method.java:568) ~[?:?]
	at org.testng.internal.MethodInvocationHelper.invokeMethod(MethodInvocationHelper.java:133) ~[testng-7.4.0.jar:7.4.0]
	at org.testng.internal.TestInvoker.invokeMethod(TestInvoker.java:598) ~[testng-7.4.0.jar:7.4.0]
	at org.testng.internal.TestInvoker.invokeTestMethod(TestInvoker.java:173) ~[testng-7.4.0.jar:7.4.0]
	at org.testng.internal.MethodRunner.runInSequence(MethodRunner.java:46) ~[testng-7.4.0.jar:7.4.0]
	at org.testng.internal.TestInvoker$MethodInvocationAgent.invoke(TestInvoker.java:824) ~[testng-7.4.0.jar:7.4.0]
	at org.testng.internal.TestInvoker.invokeTestMethods(TestInvoker.java:146) ~[testng-7.4.0.jar:7.4.0]
	at org.testng.internal.TestMethodWorker.invokeTestMethods(TestMethodWorker.java:146) ~[testng-7.4.0.jar:7.4.0]
	at org.testng.internal.TestMethodWorker.run(TestMethodWorker.java:128) ~[testng-7.4.0.jar:7.4.0]
	at java.base/java.util.ArrayList.forEach(ArrayList.java:1511) [?:?]
	at org.testng.TestRunner.privateRun(TestRunner.java:794) [testng-7.4.0.jar:7.4.0]
	at org.testng.TestRunner.run(TestRunner.java:596) [testng-7.4.0.jar:7.4.0]
	at org.testng.SuiteRunner.runTest(SuiteRunner.java:377) [testng-7.4.0.jar:7.4.0]
	at org.testng.SuiteRunner.runSequentially(SuiteRunner.java:371) [testng-7.4.0.jar:7.4.0]
	at org.testng.SuiteRunner.privateRun(SuiteRunner.java:332) [testng-7.4.0.jar:7.4.0]
	at org.testng.SuiteRunner.run(SuiteRunner.java:276) [testng-7.4.0.jar:7.4.0]
	at org.testng.SuiteRunnerWorker.runSuite(SuiteRunnerWorker.java:53) [testng-7.4.0.jar:7.4.0]
	at org.testng.SuiteRunnerWorker.run(SuiteRunnerWorker.java:96) [testng-7.4.0.jar:7.4.0]
	at org.testng.TestNG.runSuitesSequentially(TestNG.java:1212) [testng-7.4.0.jar:7.4.0]
	at org.testng.TestNG.runSuitesLocally(TestNG.java:1134) [testng-7.4.0.jar:7.4.0]
	at org.testng.TestNG.runSuites(TestNG.java:1063) [testng-7.4.0.jar:7.4.0]
	at org.testng.TestNG.run(TestNG.java:1031) [testng-7.4.0.jar:7.4.0]
	at org.testng.remote.AbstractRemoteTestNG.run(AbstractRemoteTestNG.java:115) [testng-remote.jar:?]
	at org.testng.remote.RemoteTestNG.initAndRun(RemoteTestNG.java:293) [testng-remote.jar:?]
	at org.testng.remote.RemoteTestNG.main(RemoteTestNG.java:91) [testng-remote.jar:?]
14:15:36.120 [main] ERROR testcases.Basiccontrol - Error occurred in Textdataentry method: 
org.openqa.selenium.NoSuchElementException: no such element: Unable to locate element: {"method":"xpath","selector":"//select[contains(@class,'form-control ng-untouched ng-pristine ng-valid')]"}
  (Session info: chrome=137.0.7151.69)
For documentation on this error, please visit: https://www.selenium.dev/documentation/webdriver/troubleshooting/errors#no-such-element-exception
Build info: version: '4.32.0', revision: 'd17c8aa950'
System info: os.name: 'Windows 10', os.arch: 'amd64', os.version: '10.0', java.version: '17.0.11'
Driver info: org.openqa.selenium.chrome.ChromeDriver
Command: [199f6fb16240793ff841b8d027f1055c, findElement {using=xpath, value=//select[contains(@class,'form-control ng-untouched ng-pristine ng-valid')]}]
Capabilities {acceptInsecureCerts: false, browserName: chrome, browserVersion: 137.0.7151.69, chrome: {chromedriverVersion: 137.0.7151.68 (2989ffee9373..., userDataDir: C:\Users\VSRIKA~1\AppData\L...}, fedcm:accounts: true, goog:chromeOptions: {debuggerAddress: localhost:53615}, networkConnectionEnabled: false, pageLoadStrategy: normal, platformName: windows, proxy: Proxy(), se:cdp: ws://localhost:53615/devtoo..., se:cdpVersion: 137.0.7151.69, setWindowRect: true, strictFileInteractability: false, timeouts: {implicit: 0, pageLoad: 300000, script: 30000}, unhandledPromptBehavior: dismiss and notify, webauthn:extension:credBlob: true, webauthn:extension:largeBlob: true, webauthn:extension:minPinLength: true, webauthn:extension:prf: true, webauthn:virtualAuthenticators: true}
Session ID: 199f6fb16240793ff841b8d027f1055c
	at jdk.internal.reflect.GeneratedConstructorAccessor23.newInstance(Unknown Source) ~[?:?]
	at java.base/jdk.internal.reflect.DelegatingConstructorAccessorImpl.newInstance(DelegatingConstructorAccessorImpl.java:45) ~[?:?]
	at java.base/java.lang.reflect.Constructor.newInstanceWithCaller(Constructor.java:499) ~[?:?]
	at java.base/java.lang.reflect.Constructor.newInstance(Constructor.java:480) ~[?:?]
	at org.openqa.selenium.remote.ErrorCodec.decode(ErrorCodec.java:167) ~[selenium-server-4.32.0.jar:?]
	at org.openqa.selenium.remote.codec.w3c.W3CHttpResponseCodec.decode(W3CHttpResponseCodec.java:138) ~[selenium-server-4.32.0.jar:?]
	at org.openqa.selenium.remote.codec.w3c.W3CHttpResponseCodec.decode(W3CHttpResponseCodec.java:50) ~[selenium-server-4.32.0.jar:?]
	at org.openqa.selenium.remote.HttpCommandExecutor.execute(HttpCommandExecutor.java:215) ~[selenium-server-4.32.0.jar:?]
	at org.openqa.selenium.remote.service.DriverCommandExecutor.invokeExecute(DriverCommandExecutor.java:216) ~[selenium-server-4.32.0.jar:?]
	at org.openqa.selenium.remote.service.DriverCommandExecutor.execute(DriverCommandExecutor.java:174) ~[selenium-server-4.32.0.jar:?]
	at org.openqa.selenium.remote.RemoteWebDriver.execute(RemoteWebDriver.java:545) ~[selenium-server-4.32.0.jar:?]
	at org.openqa.selenium.remote.ElementLocation$ElementFinder$2.findElement(ElementLocation.java:165) ~[selenium-server-4.32.0.jar:?]
	at org.openqa.selenium.remote.ElementLocation.findElement(ElementLocation.java:59) ~[selenium-server-4.32.0.jar:?]
	at org.openqa.selenium.remote.RemoteWebDriver.findElement(RemoteWebDriver.java:368) ~[selenium-server-4.32.0.jar:?]
	at org.openqa.selenium.remote.RemoteWebDriver.findElement(RemoteWebDriver.java:362) ~[selenium-server-4.32.0.jar:?]
	at testcases.Basiccontrol.Textdataentry(Basiccontrol.java:461) ~[test-classes/:?]
	at java.base/jdk.internal.reflect.NativeMethodAccessorImpl.invoke0(Native Method) ~[?:?]
	at java.base/jdk.internal.reflect.NativeMethodAccessorImpl.invoke(NativeMethodAccessorImpl.java:77) ~[?:?]
	at java.base/jdk.internal.reflect.DelegatingMethodAccessorImpl.invoke(DelegatingMethodAccessorImpl.java:43) ~[?:?]
	at java.base/java.lang.reflect.Method.invoke(Method.java:568) ~[?:?]
	at org.testng.internal.MethodInvocationHelper.invokeMethod(MethodInvocationHelper.java:133) ~[testng-7.4.0.jar:7.4.0]
	at org.testng.internal.TestInvoker.invokeMethod(TestInvoker.java:598) ~[testng-7.4.0.jar:7.4.0]
	at org.testng.internal.TestInvoker.invokeTestMethod(TestInvoker.java:173) ~[testng-7.4.0.jar:7.4.0]
	at org.testng.internal.MethodRunner.runInSequence(MethodRunner.java:46) ~[testng-7.4.0.jar:7.4.0]
	at org.testng.internal.TestInvoker$MethodInvocationAgent.invoke(TestInvoker.java:824) ~[testng-7.4.0.jar:7.4.0]
	at org.testng.internal.TestInvoker.invokeTestMethods(TestInvoker.java:146) ~[testng-7.4.0.jar:7.4.0]
	at org.testng.internal.TestMethodWorker.invokeTestMethods(TestMethodWorker.java:146) ~[testng-7.4.0.jar:7.4.0]
	at org.testng.internal.TestMethodWorker.run(TestMethodWorker.java:128) ~[testng-7.4.0.jar:7.4.0]
	at java.base/java.util.ArrayList.forEach(ArrayList.java:1511) [?:?]
	at org.testng.TestRunner.privateRun(TestRunner.java:794) [testng-7.4.0.jar:7.4.0]
	at org.testng.TestRunner.run(TestRunner.java:596) [testng-7.4.0.jar:7.4.0]
	at org.testng.SuiteRunner.runTest(SuiteRunner.java:377) [testng-7.4.0.jar:7.4.0]
	at org.testng.SuiteRunner.runSequentially(SuiteRunner.java:371) [testng-7.4.0.jar:7.4.0]
	at org.testng.SuiteRunner.privateRun(SuiteRunner.java:332) [testng-7.4.0.jar:7.4.0]
	at org.testng.SuiteRunner.run(SuiteRunner.java:276) [testng-7.4.0.jar:7.4.0]
	at org.testng.SuiteRunnerWorker.runSuite(SuiteRunnerWorker.java:53) [testng-7.4.0.jar:7.4.0]
	at org.testng.SuiteRunnerWorker.run(SuiteRunnerWorker.java:96) [testng-7.4.0.jar:7.4.0]
	at org.testng.TestNG.runSuitesSequentially(TestNG.java:1212) [testng-7.4.0.jar:7.4.0]
	at org.testng.TestNG.runSuitesLocally(TestNG.java:1134) [testng-7.4.0.jar:7.4.0]
	at org.testng.TestNG.runSuites(TestNG.java:1063) [testng-7.4.0.jar:7.4.0]
	at org.testng.TestNG.run(TestNG.java:1031) [testng-7.4.0.jar:7.4.0]
	at org.testng.remote.AbstractRemoteTestNG.run(AbstractRemoteTestNG.java:115) [testng-remote.jar:?]
	at org.testng.remote.RemoteTestNG.initAndRun(RemoteTestNG.java:293) [testng-remote.jar:?]
	at org.testng.remote.RemoteTestNG.main(RemoteTestNG.java:91) [testng-remote.jar:?]
14:15:50.601 [main] ERROR testcases.Basiccontrol - Error occurred in Datatypedropdown1 method: 
org.openqa.selenium.NoSuchElementException: no such element: Unable to locate element: {"method":"xpath","selector":"//select[contains(@class,'form-control ng-untouched ng-pristine ng-valid')]"}
  (Session info: chrome=137.0.7151.69)
For documentation on this error, please visit: https://www.selenium.dev/documentation/webdriver/troubleshooting/errors#no-such-element-exception
Build info: version: '4.32.0', revision: 'd17c8aa950'
System info: os.name: 'Windows 10', os.arch: 'amd64', os.version: '10.0', java.version: '17.0.11'
Driver info: org.openqa.selenium.chrome.ChromeDriver
Command: [199f6fb16240793ff841b8d027f1055c, findElement {using=xpath, value=//select[contains(@class,'form-control ng-untouched ng-pristine ng-valid')]}]
Capabilities {acceptInsecureCerts: false, browserName: chrome, browserVersion: 137.0.7151.69, chrome: {chromedriverVersion: 137.0.7151.68 (2989ffee9373..., userDataDir: C:\Users\VSRIKA~1\AppData\L...}, fedcm:accounts: true, goog:chromeOptions: {debuggerAddress: localhost:53615}, networkConnectionEnabled: false, pageLoadStrategy: normal, platformName: windows, proxy: Proxy(), se:cdp: ws://localhost:53615/devtoo..., se:cdpVersion: 137.0.7151.69, setWindowRect: true, strictFileInteractability: false, timeouts: {implicit: 0, pageLoad: 300000, script: 30000}, unhandledPromptBehavior: dismiss and notify, webauthn:extension:credBlob: true, webauthn:extension:largeBlob: true, webauthn:extension:minPinLength: true, webauthn:extension:prf: true, webauthn:virtualAuthenticators: true}
Session ID: 199f6fb16240793ff841b8d027f1055c
	at jdk.internal.reflect.GeneratedConstructorAccessor23.newInstance(Unknown Source) ~[?:?]
	at java.base/jdk.internal.reflect.DelegatingConstructorAccessorImpl.newInstance(DelegatingConstructorAccessorImpl.java:45) ~[?:?]
	at java.base/java.lang.reflect.Constructor.newInstanceWithCaller(Constructor.java:499) ~[?:?]
	at java.base/java.lang.reflect.Constructor.newInstance(Constructor.java:480) ~[?:?]
	at org.openqa.selenium.remote.ErrorCodec.decode(ErrorCodec.java:167) ~[selenium-server-4.32.0.jar:?]
	at org.openqa.selenium.remote.codec.w3c.W3CHttpResponseCodec.decode(W3CHttpResponseCodec.java:138) ~[selenium-server-4.32.0.jar:?]
	at org.openqa.selenium.remote.codec.w3c.W3CHttpResponseCodec.decode(W3CHttpResponseCodec.java:50) ~[selenium-server-4.32.0.jar:?]
	at org.openqa.selenium.remote.HttpCommandExecutor.execute(HttpCommandExecutor.java:215) ~[selenium-server-4.32.0.jar:?]
	at org.openqa.selenium.remote.service.DriverCommandExecutor.invokeExecute(DriverCommandExecutor.java:216) ~[selenium-server-4.32.0.jar:?]
	at org.openqa.selenium.remote.service.DriverCommandExecutor.execute(DriverCommandExecutor.java:174) ~[selenium-server-4.32.0.jar:?]
	at org.openqa.selenium.remote.RemoteWebDriver.execute(RemoteWebDriver.java:545) ~[selenium-server-4.32.0.jar:?]
	at org.openqa.selenium.remote.ElementLocation$ElementFinder$2.findElement(ElementLocation.java:165) ~[selenium-server-4.32.0.jar:?]
	at org.openqa.selenium.remote.ElementLocation.findElement(ElementLocation.java:59) ~[selenium-server-4.32.0.jar:?]
	at org.openqa.selenium.remote.RemoteWebDriver.findElement(RemoteWebDriver.java:368) ~[selenium-server-4.32.0.jar:?]
	at org.openqa.selenium.remote.RemoteWebDriver.findElement(RemoteWebDriver.java:362) ~[selenium-server-4.32.0.jar:?]
	at testcases.Basiccontrol.Datatypedropdown12(Basiccontrol.java:481) ~[test-classes/:?]
	at java.base/jdk.internal.reflect.NativeMethodAccessorImpl.invoke0(Native Method) ~[?:?]
	at java.base/jdk.internal.reflect.NativeMethodAccessorImpl.invoke(NativeMethodAccessorImpl.java:77) ~[?:?]
	at java.base/jdk.internal.reflect.DelegatingMethodAccessorImpl.invoke(DelegatingMethodAccessorImpl.java:43) ~[?:?]
	at java.base/java.lang.reflect.Method.invoke(Method.java:568) ~[?:?]
	at org.testng.internal.MethodInvocationHelper.invokeMethod(MethodInvocationHelper.java:133) ~[testng-7.4.0.jar:7.4.0]
	at org.testng.internal.TestInvoker.invokeMethod(TestInvoker.java:598) ~[testng-7.4.0.jar:7.4.0]
	at org.testng.internal.TestInvoker.invokeTestMethod(TestInvoker.java:173) ~[testng-7.4.0.jar:7.4.0]
	at org.testng.internal.MethodRunner.runInSequence(MethodRunner.java:46) ~[testng-7.4.0.jar:7.4.0]
	at org.testng.internal.TestInvoker$MethodInvocationAgent.invoke(TestInvoker.java:824) ~[testng-7.4.0.jar:7.4.0]
	at org.testng.internal.TestInvoker.invokeTestMethods(TestInvoker.java:146) ~[testng-7.4.0.jar:7.4.0]
	at org.testng.internal.TestMethodWorker.invokeTestMethods(TestMethodWorker.java:146) ~[testng-7.4.0.jar:7.4.0]
	at org.testng.internal.TestMethodWorker.run(TestMethodWorker.java:128) ~[testng-7.4.0.jar:7.4.0]
	at java.base/java.util.ArrayList.forEach(ArrayList.java:1511) [?:?]
	at org.testng.TestRunner.privateRun(TestRunner.java:794) [testng-7.4.0.jar:7.4.0]
	at org.testng.TestRunner.run(TestRunner.java:596) [testng-7.4.0.jar:7.4.0]
	at org.testng.SuiteRunner.runTest(SuiteRunner.java:377) [testng-7.4.0.jar:7.4.0]
	at org.testng.SuiteRunner.runSequentially(SuiteRunner.java:371) [testng-7.4.0.jar:7.4.0]
	at org.testng.SuiteRunner.privateRun(SuiteRunner.java:332) [testng-7.4.0.jar:7.4.0]
	at org.testng.SuiteRunner.run(SuiteRunner.java:276) [testng-7.4.0.jar:7.4.0]
	at org.testng.SuiteRunnerWorker.runSuite(SuiteRunnerWorker.java:53) [testng-7.4.0.jar:7.4.0]
	at org.testng.SuiteRunnerWorker.run(SuiteRunnerWorker.java:96) [testng-7.4.0.jar:7.4.0]
	at org.testng.TestNG.runSuitesSequentially(TestNG.java:1212) [testng-7.4.0.jar:7.4.0]
	at org.testng.TestNG.runSuitesLocally(TestNG.java:1134) [testng-7.4.0.jar:7.4.0]
	at org.testng.TestNG.runSuites(TestNG.java:1063) [testng-7.4.0.jar:7.4.0]
	at org.testng.TestNG.run(TestNG.java:1031) [testng-7.4.0.jar:7.4.0]
	at org.testng.remote.AbstractRemoteTestNG.run(AbstractRemoteTestNG.java:115) [testng-remote.jar:?]
	at org.testng.remote.RemoteTestNG.initAndRun(RemoteTestNG.java:293) [testng-remote.jar:?]
	at org.testng.remote.RemoteTestNG.main(RemoteTestNG.java:91) [testng-remote.jar:?]
14:15:52.913 [main] ERROR testcases.Basiccontrol - Error occurred in Textareadataentry method: 
org.openqa.selenium.ElementNotInteractableException: element not interactable: Element is not currently visible and may not be manipulated
  (Session info: chrome=137.0.7151.69)
Build info: version: '4.32.0', revision: 'd17c8aa950'
System info: os.name: 'Windows 10', os.arch: 'amd64', os.version: '10.0', java.version: '17.0.11'
Driver info: org.openqa.selenium.chrome.ChromeDriver
Command: [199f6fb16240793ff841b8d027f1055c, clickElement {id=f.883DCA784C2B284B6EA4A1B7F51B4720.d.02546B39A85CC8C2D3C6321C023E3298.e.711}]
Capabilities {acceptInsecureCerts: false, browserName: chrome, browserVersion: 137.0.7151.69, chrome: {chromedriverVersion: 137.0.7151.68 (2989ffee9373..., userDataDir: C:\Users\VSRIKA~1\AppData\L...}, fedcm:accounts: true, goog:chromeOptions: {debuggerAddress: localhost:53615}, networkConnectionEnabled: false, pageLoadStrategy: normal, platformName: windows, proxy: Proxy(), se:cdp: ws://localhost:53615/devtoo..., se:cdpVersion: 137.0.7151.69, setWindowRect: true, strictFileInteractability: false, timeouts: {implicit: 0, pageLoad: 300000, script: 30000}, unhandledPromptBehavior: dismiss and notify, webauthn:extension:credBlob: true, webauthn:extension:largeBlob: true, webauthn:extension:minPinLength: true, webauthn:extension:prf: true, webauthn:virtualAuthenticators: true}
Element: [[ChromeDriver: chrome on windows (199f6fb16240793ff841b8d027f1055c)] -> xpath: (//option[@class='ng-star-inserted'])[2]]
Session ID: 199f6fb16240793ff841b8d027f1055c
	at java.base/jdk.internal.reflect.NativeConstructorAccessorImpl.newInstance0(Native Method) ~[?:?]
	at java.base/jdk.internal.reflect.NativeConstructorAccessorImpl.newInstance(NativeConstructorAccessorImpl.java:77) ~[?:?]
	at java.base/jdk.internal.reflect.DelegatingConstructorAccessorImpl.newInstance(DelegatingConstructorAccessorImpl.java:45) ~[?:?]
	at java.base/java.lang.reflect.Constructor.newInstanceWithCaller(Constructor.java:499) ~[?:?]
	at java.base/java.lang.reflect.Constructor.newInstance(Constructor.java:480) ~[?:?]
	at org.openqa.selenium.remote.ErrorCodec.decode(ErrorCodec.java:167) ~[selenium-server-4.32.0.jar:?]
	at org.openqa.selenium.remote.codec.w3c.W3CHttpResponseCodec.decode(W3CHttpResponseCodec.java:138) ~[selenium-server-4.32.0.jar:?]
	at org.openqa.selenium.remote.codec.w3c.W3CHttpResponseCodec.decode(W3CHttpResponseCodec.java:50) ~[selenium-server-4.32.0.jar:?]
	at org.openqa.selenium.remote.HttpCommandExecutor.execute(HttpCommandExecutor.java:215) ~[selenium-server-4.32.0.jar:?]
	at org.openqa.selenium.remote.service.DriverCommandExecutor.invokeExecute(DriverCommandExecutor.java:216) ~[selenium-server-4.32.0.jar:?]
	at org.openqa.selenium.remote.service.DriverCommandExecutor.execute(DriverCommandExecutor.java:174) ~[selenium-server-4.32.0.jar:?]
	at org.openqa.selenium.remote.RemoteWebDriver.execute(RemoteWebDriver.java:545) ~[selenium-server-4.32.0.jar:?]
	at org.openqa.selenium.remote.RemoteWebElement.execute(RemoteWebElement.java:223) ~[selenium-server-4.32.0.jar:?]
	at org.openqa.selenium.remote.RemoteWebElement.click(RemoteWebElement.java:76) ~[selenium-server-4.32.0.jar:?]
	at testcases.Basiccontrol.Textareadataentry(Basiccontrol.java:489) ~[test-classes/:?]
	at java.base/jdk.internal.reflect.NativeMethodAccessorImpl.invoke0(Native Method) ~[?:?]
	at java.base/jdk.internal.reflect.NativeMethodAccessorImpl.invoke(NativeMethodAccessorImpl.java:77) ~[?:?]
	at java.base/jdk.internal.reflect.DelegatingMethodAccessorImpl.invoke(DelegatingMethodAccessorImpl.java:43) ~[?:?]
	at java.base/java.lang.reflect.Method.invoke(Method.java:568) ~[?:?]
	at org.testng.internal.MethodInvocationHelper.invokeMethod(MethodInvocationHelper.java:133) ~[testng-7.4.0.jar:7.4.0]
	at org.testng.internal.TestInvoker.invokeMethod(TestInvoker.java:598) ~[testng-7.4.0.jar:7.4.0]
	at org.testng.internal.TestInvoker.invokeTestMethod(TestInvoker.java:173) ~[testng-7.4.0.jar:7.4.0]
	at org.testng.internal.MethodRunner.runInSequence(MethodRunner.java:46) ~[testng-7.4.0.jar:7.4.0]
	at org.testng.internal.TestInvoker$MethodInvocationAgent.invoke(TestInvoker.java:824) ~[testng-7.4.0.jar:7.4.0]
	at org.testng.internal.TestInvoker.invokeTestMethods(TestInvoker.java:146) ~[testng-7.4.0.jar:7.4.0]
	at org.testng.internal.TestMethodWorker.invokeTestMethods(TestMethodWorker.java:146) ~[testng-7.4.0.jar:7.4.0]
	at org.testng.internal.TestMethodWorker.run(TestMethodWorker.java:128) ~[testng-7.4.0.jar:7.4.0]
	at java.base/java.util.ArrayList.forEach(ArrayList.java:1511) [?:?]
	at org.testng.TestRunner.privateRun(TestRunner.java:794) [testng-7.4.0.jar:7.4.0]
	at org.testng.TestRunner.run(TestRunner.java:596) [testng-7.4.0.jar:7.4.0]
	at org.testng.SuiteRunner.runTest(SuiteRunner.java:377) [testng-7.4.0.jar:7.4.0]
	at org.testng.SuiteRunner.runSequentially(SuiteRunner.java:371) [testng-7.4.0.jar:7.4.0]
	at org.testng.SuiteRunner.privateRun(SuiteRunner.java:332) [testng-7.4.0.jar:7.4.0]
	at org.testng.SuiteRunner.run(SuiteRunner.java:276) [testng-7.4.0.jar:7.4.0]
	at org.testng.SuiteRunnerWorker.runSuite(SuiteRunnerWorker.java:53) [testng-7.4.0.jar:7.4.0]
	at org.testng.SuiteRunnerWorker.run(SuiteRunnerWorker.java:96) [testng-7.4.0.jar:7.4.0]
	at org.testng.TestNG.runSuitesSequentially(TestNG.java:1212) [testng-7.4.0.jar:7.4.0]
	at org.testng.TestNG.runSuitesLocally(TestNG.java:1134) [testng-7.4.0.jar:7.4.0]
	at org.testng.TestNG.runSuites(TestNG.java:1063) [testng-7.4.0.jar:7.4.0]
	at org.testng.TestNG.run(TestNG.java:1031) [testng-7.4.0.jar:7.4.0]
	at org.testng.remote.AbstractRemoteTestNG.run(AbstractRemoteTestNG.java:115) [testng-remote.jar:?]
	at org.testng.remote.RemoteTestNG.initAndRun(RemoteTestNG.java:293) [testng-remote.jar:?]
	at org.testng.remote.RemoteTestNG.main(RemoteTestNG.java:91) [testng-remote.jar:?]
14:15:57.415 [main] ERROR testcases.Basiccontrol - Error occurred in Numberdataentry method: 
org.openqa.selenium.ElementNotInteractableException: element not interactable: Element is not currently visible and may not be manipulated
  (Session info: chrome=137.0.7151.69)
Build info: version: '4.32.0', revision: 'd17c8aa950'
System info: os.name: 'Windows 10', os.arch: 'amd64', os.version: '10.0', java.version: '17.0.11'
Driver info: org.openqa.selenium.chrome.ChromeDriver
Command: [199f6fb16240793ff841b8d027f1055c, clickElement {id=f.883DCA784C2B284B6EA4A1B7F51B4720.d.02546B39A85CC8C2D3C6321C023E3298.e.713}]
Capabilities {acceptInsecureCerts: false, browserName: chrome, browserVersion: 137.0.7151.69, chrome: {chromedriverVersion: 137.0.7151.68 (2989ffee9373..., userDataDir: C:\Users\VSRIKA~1\AppData\L...}, fedcm:accounts: true, goog:chromeOptions: {debuggerAddress: localhost:53615}, networkConnectionEnabled: false, pageLoadStrategy: normal, platformName: windows, proxy: Proxy(), se:cdp: ws://localhost:53615/devtoo..., se:cdpVersion: 137.0.7151.69, setWindowRect: true, strictFileInteractability: false, timeouts: {implicit: 0, pageLoad: 300000, script: 30000}, unhandledPromptBehavior: dismiss and notify, webauthn:extension:credBlob: true, webauthn:extension:largeBlob: true, webauthn:extension:minPinLength: true, webauthn:extension:prf: true, webauthn:virtualAuthenticators: true}
Element: [[ChromeDriver: chrome on windows (199f6fb16240793ff841b8d027f1055c)] -> xpath: (//option[@class='ng-star-inserted'])[3]]
Session ID: 199f6fb16240793ff841b8d027f1055c
	at java.base/jdk.internal.reflect.NativeConstructorAccessorImpl.newInstance0(Native Method) ~[?:?]
	at java.base/jdk.internal.reflect.NativeConstructorAccessorImpl.newInstance(NativeConstructorAccessorImpl.java:77) ~[?:?]
	at java.base/jdk.internal.reflect.DelegatingConstructorAccessorImpl.newInstance(DelegatingConstructorAccessorImpl.java:45) ~[?:?]
	at java.base/java.lang.reflect.Constructor.newInstanceWithCaller(Constructor.java:499) ~[?:?]
	at java.base/java.lang.reflect.Constructor.newInstance(Constructor.java:480) ~[?:?]
	at org.openqa.selenium.remote.ErrorCodec.decode(ErrorCodec.java:167) ~[selenium-server-4.32.0.jar:?]
	at org.openqa.selenium.remote.codec.w3c.W3CHttpResponseCodec.decode(W3CHttpResponseCodec.java:138) ~[selenium-server-4.32.0.jar:?]
	at org.openqa.selenium.remote.codec.w3c.W3CHttpResponseCodec.decode(W3CHttpResponseCodec.java:50) ~[selenium-server-4.32.0.jar:?]
	at org.openqa.selenium.remote.HttpCommandExecutor.execute(HttpCommandExecutor.java:215) ~[selenium-server-4.32.0.jar:?]
	at org.openqa.selenium.remote.service.DriverCommandExecutor.invokeExecute(DriverCommandExecutor.java:216) ~[selenium-server-4.32.0.jar:?]
	at org.openqa.selenium.remote.service.DriverCommandExecutor.execute(DriverCommandExecutor.java:174) ~[selenium-server-4.32.0.jar:?]
	at org.openqa.selenium.remote.RemoteWebDriver.execute(RemoteWebDriver.java:545) ~[selenium-server-4.32.0.jar:?]
	at org.openqa.selenium.remote.RemoteWebElement.execute(RemoteWebElement.java:223) ~[selenium-server-4.32.0.jar:?]
	at org.openqa.selenium.remote.RemoteWebElement.click(RemoteWebElement.java:76) ~[selenium-server-4.32.0.jar:?]
	at testcases.Basiccontrol.Numberdataentry(Basiccontrol.java:510) ~[test-classes/:?]
	at java.base/jdk.internal.reflect.NativeMethodAccessorImpl.invoke0(Native Method) ~[?:?]
	at java.base/jdk.internal.reflect.NativeMethodAccessorImpl.invoke(NativeMethodAccessorImpl.java:77) ~[?:?]
	at java.base/jdk.internal.reflect.DelegatingMethodAccessorImpl.invoke(DelegatingMethodAccessorImpl.java:43) ~[?:?]
	at java.base/java.lang.reflect.Method.invoke(Method.java:568) ~[?:?]
	at org.testng.internal.MethodInvocationHelper.invokeMethod(MethodInvocationHelper.java:133) ~[testng-7.4.0.jar:7.4.0]
	at org.testng.internal.TestInvoker.invokeMethod(TestInvoker.java:598) ~[testng-7.4.0.jar:7.4.0]
	at org.testng.internal.TestInvoker.invokeTestMethod(TestInvoker.java:173) ~[testng-7.4.0.jar:7.4.0]
	at org.testng.internal.MethodRunner.runInSequence(MethodRunner.java:46) ~[testng-7.4.0.jar:7.4.0]
	at org.testng.internal.TestInvoker$MethodInvocationAgent.invoke(TestInvoker.java:824) ~[testng-7.4.0.jar:7.4.0]
	at org.testng.internal.TestInvoker.invokeTestMethods(TestInvoker.java:146) ~[testng-7.4.0.jar:7.4.0]
	at org.testng.internal.TestMethodWorker.invokeTestMethods(TestMethodWorker.java:146) ~[testng-7.4.0.jar:7.4.0]
	at org.testng.internal.TestMethodWorker.run(TestMethodWorker.java:128) ~[testng-7.4.0.jar:7.4.0]
	at java.base/java.util.ArrayList.forEach(ArrayList.java:1511) [?:?]
	at org.testng.TestRunner.privateRun(TestRunner.java:794) [testng-7.4.0.jar:7.4.0]
	at org.testng.TestRunner.run(TestRunner.java:596) [testng-7.4.0.jar:7.4.0]
	at org.testng.SuiteRunner.runTest(SuiteRunner.java:377) [testng-7.4.0.jar:7.4.0]
	at org.testng.SuiteRunner.runSequentially(SuiteRunner.java:371) [testng-7.4.0.jar:7.4.0]
	at org.testng.SuiteRunner.privateRun(SuiteRunner.java:332) [testng-7.4.0.jar:7.4.0]
	at org.testng.SuiteRunner.run(SuiteRunner.java:276) [testng-7.4.0.jar:7.4.0]
	at org.testng.SuiteRunnerWorker.runSuite(SuiteRunnerWorker.java:53) [testng-7.4.0.jar:7.4.0]
	at org.testng.SuiteRunnerWorker.run(SuiteRunnerWorker.java:96) [testng-7.4.0.jar:7.4.0]
	at org.testng.TestNG.runSuitesSequentially(TestNG.java:1212) [testng-7.4.0.jar:7.4.0]
	at org.testng.TestNG.runSuitesLocally(TestNG.java:1134) [testng-7.4.0.jar:7.4.0]
	at org.testng.TestNG.runSuites(TestNG.java:1063) [testng-7.4.0.jar:7.4.0]
	at org.testng.TestNG.run(TestNG.java:1031) [testng-7.4.0.jar:7.4.0]
	at org.testng.remote.AbstractRemoteTestNG.run(AbstractRemoteTestNG.java:115) [testng-remote.jar:?]
	at org.testng.remote.RemoteTestNG.initAndRun(RemoteTestNG.java:293) [testng-remote.jar:?]
	at org.testng.remote.RemoteTestNG.main(RemoteTestNG.java:91) [testng-remote.jar:?]
14:15:57.641 [main] ERROR testcases.Basiccontrol - Error occurred in Column4 method: 
org.openqa.selenium.NoSuchElementException: no such element: Unable to locate element: {"method":"xpath","selector":"(//td[@class='text-center'])[4]"}
  (Session info: chrome=137.0.7151.69)
For documentation on this error, please visit: https://www.selenium.dev/documentation/webdriver/troubleshooting/errors#no-such-element-exception
Build info: version: '4.32.0', revision: 'd17c8aa950'
System info: os.name: 'Windows 10', os.arch: 'amd64', os.version: '10.0', java.version: '17.0.11'
Driver info: org.openqa.selenium.chrome.ChromeDriver
Command: [199f6fb16240793ff841b8d027f1055c, findElement {using=xpath, value=(//td[@class='text-center'])[4]}]
Capabilities {acceptInsecureCerts: false, browserName: chrome, browserVersion: 137.0.7151.69, chrome: {chromedriverVersion: 137.0.7151.68 (2989ffee9373..., userDataDir: C:\Users\VSRIKA~1\AppData\L...}, fedcm:accounts: true, goog:chromeOptions: {debuggerAddress: localhost:53615}, networkConnectionEnabled: false, pageLoadStrategy: normal, platformName: windows, proxy: Proxy(), se:cdp: ws://localhost:53615/devtoo..., se:cdpVersion: 137.0.7151.69, setWindowRect: true, strictFileInteractability: false, timeouts: {implicit: 0, pageLoad: 300000, script: 30000}, unhandledPromptBehavior: dismiss and notify, webauthn:extension:credBlob: true, webauthn:extension:largeBlob: true, webauthn:extension:minPinLength: true, webauthn:extension:prf: true, webauthn:virtualAuthenticators: true}
Session ID: 199f6fb16240793ff841b8d027f1055c
	at jdk.internal.reflect.GeneratedConstructorAccessor23.newInstance(Unknown Source) ~[?:?]
	at java.base/jdk.internal.reflect.DelegatingConstructorAccessorImpl.newInstance(DelegatingConstructorAccessorImpl.java:45) ~[?:?]
	at java.base/java.lang.reflect.Constructor.newInstanceWithCaller(Constructor.java:499) ~[?:?]
	at java.base/java.lang.reflect.Constructor.newInstance(Constructor.java:480) ~[?:?]
	at org.openqa.selenium.remote.ErrorCodec.decode(ErrorCodec.java:167) ~[selenium-server-4.32.0.jar:?]
	at org.openqa.selenium.remote.codec.w3c.W3CHttpResponseCodec.decode(W3CHttpResponseCodec.java:138) ~[selenium-server-4.32.0.jar:?]
	at org.openqa.selenium.remote.codec.w3c.W3CHttpResponseCodec.decode(W3CHttpResponseCodec.java:50) ~[selenium-server-4.32.0.jar:?]
	at org.openqa.selenium.remote.HttpCommandExecutor.execute(HttpCommandExecutor.java:215) ~[selenium-server-4.32.0.jar:?]
	at org.openqa.selenium.remote.service.DriverCommandExecutor.invokeExecute(DriverCommandExecutor.java:216) ~[selenium-server-4.32.0.jar:?]
	at org.openqa.selenium.remote.service.DriverCommandExecutor.execute(DriverCommandExecutor.java:174) ~[selenium-server-4.32.0.jar:?]
	at org.openqa.selenium.remote.RemoteWebDriver.execute(RemoteWebDriver.java:545) ~[selenium-server-4.32.0.jar:?]
	at org.openqa.selenium.remote.ElementLocation$ElementFinder$2.findElement(ElementLocation.java:165) ~[selenium-server-4.32.0.jar:?]
	at org.openqa.selenium.remote.ElementLocation.findElement(ElementLocation.java:59) ~[selenium-server-4.32.0.jar:?]
	at org.openqa.selenium.remote.RemoteWebDriver.findElement(RemoteWebDriver.java:368) ~[selenium-server-4.32.0.jar:?]
	at org.openqa.selenium.remote.RemoteWebDriver.findElement(RemoteWebDriver.java:362) ~[selenium-server-4.32.0.jar:?]
	at testcases.Basiccontrol.Column4(Basiccontrol.java:519) ~[test-classes/:?]
	at java.base/jdk.internal.reflect.NativeMethodAccessorImpl.invoke0(Native Method) ~[?:?]
	at java.base/jdk.internal.reflect.NativeMethodAccessorImpl.invoke(NativeMethodAccessorImpl.java:77) ~[?:?]
	at java.base/jdk.internal.reflect.DelegatingMethodAccessorImpl.invoke(DelegatingMethodAccessorImpl.java:43) ~[?:?]
	at java.base/java.lang.reflect.Method.invoke(Method.java:568) ~[?:?]
	at org.testng.internal.MethodInvocationHelper.invokeMethod(MethodInvocationHelper.java:133) ~[testng-7.4.0.jar:7.4.0]
	at org.testng.internal.TestInvoker.invokeMethod(TestInvoker.java:598) ~[testng-7.4.0.jar:7.4.0]
	at org.testng.internal.TestInvoker.invokeTestMethod(TestInvoker.java:173) ~[testng-7.4.0.jar:7.4.0]
	at org.testng.internal.MethodRunner.runInSequence(MethodRunner.java:46) ~[testng-7.4.0.jar:7.4.0]
	at org.testng.internal.TestInvoker$MethodInvocationAgent.invoke(TestInvoker.java:824) ~[testng-7.4.0.jar:7.4.0]
	at org.testng.internal.TestInvoker.invokeTestMethods(TestInvoker.java:146) ~[testng-7.4.0.jar:7.4.0]
	at org.testng.internal.TestMethodWorker.invokeTestMethods(TestMethodWorker.java:146) ~[testng-7.4.0.jar:7.4.0]
	at org.testng.internal.TestMethodWorker.run(TestMethodWorker.java:128) ~[testng-7.4.0.jar:7.4.0]
	at java.base/java.util.ArrayList.forEach(ArrayList.java:1511) [?:?]
	at org.testng.TestRunner.privateRun(TestRunner.java:794) [testng-7.4.0.jar:7.4.0]
	at org.testng.TestRunner.run(TestRunner.java:596) [testng-7.4.0.jar:7.4.0]
	at org.testng.SuiteRunner.runTest(SuiteRunner.java:377) [testng-7.4.0.jar:7.4.0]
	at org.testng.SuiteRunner.runSequentially(SuiteRunner.java:371) [testng-7.4.0.jar:7.4.0]
	at org.testng.SuiteRunner.privateRun(SuiteRunner.java:332) [testng-7.4.0.jar:7.4.0]
	at org.testng.SuiteRunner.run(SuiteRunner.java:276) [testng-7.4.0.jar:7.4.0]
	at org.testng.SuiteRunnerWorker.runSuite(SuiteRunnerWorker.java:53) [testng-7.4.0.jar:7.4.0]
	at org.testng.SuiteRunnerWorker.run(SuiteRunnerWorker.java:96) [testng-7.4.0.jar:7.4.0]
	at org.testng.TestNG.runSuitesSequentially(TestNG.java:1212) [testng-7.4.0.jar:7.4.0]
	at org.testng.TestNG.runSuitesLocally(TestNG.java:1134) [testng-7.4.0.jar:7.4.0]
	at org.testng.TestNG.runSuites(TestNG.java:1063) [testng-7.4.0.jar:7.4.0]
	at org.testng.TestNG.run(TestNG.java:1031) [testng-7.4.0.jar:7.4.0]
	at org.testng.remote.AbstractRemoteTestNG.run(AbstractRemoteTestNG.java:115) [testng-remote.jar:?]
	at org.testng.remote.RemoteTestNG.initAndRun(RemoteTestNG.java:293) [testng-remote.jar:?]
	at org.testng.remote.RemoteTestNG.main(RemoteTestNG.java:91) [testng-remote.jar:?]
14:16:04.885 [main] ERROR testcases.Basiccontrol - Error occurred in Datatypedropdown3 method: 
org.openqa.selenium.NoSuchElementException: no such element: Unable to locate element: {"method":"xpath","selector":"//select[contains(@class,'form-control ng-untouched ng-pristine ng-valid')]"}
  (Session info: chrome=137.0.7151.69)
For documentation on this error, please visit: https://www.selenium.dev/documentation/webdriver/troubleshooting/errors#no-such-element-exception
Build info: version: '4.32.0', revision: 'd17c8aa950'
System info: os.name: 'Windows 10', os.arch: 'amd64', os.version: '10.0', java.version: '17.0.11'
Driver info: org.openqa.selenium.chrome.ChromeDriver
Command: [199f6fb16240793ff841b8d027f1055c, findElement {using=xpath, value=//select[contains(@class,'form-control ng-untouched ng-pristine ng-valid')]}]
Capabilities {acceptInsecureCerts: false, browserName: chrome, browserVersion: 137.0.7151.69, chrome: {chromedriverVersion: 137.0.7151.68 (2989ffee9373..., userDataDir: C:\Users\VSRIKA~1\AppData\L...}, fedcm:accounts: true, goog:chromeOptions: {debuggerAddress: localhost:53615}, networkConnectionEnabled: false, pageLoadStrategy: normal, platformName: windows, proxy: Proxy(), se:cdp: ws://localhost:53615/devtoo..., se:cdpVersion: 137.0.7151.69, setWindowRect: true, strictFileInteractability: false, timeouts: {implicit: 0, pageLoad: 300000, script: 30000}, unhandledPromptBehavior: dismiss and notify, webauthn:extension:credBlob: true, webauthn:extension:largeBlob: true, webauthn:extension:minPinLength: true, webauthn:extension:prf: true, webauthn:virtualAuthenticators: true}
Session ID: 199f6fb16240793ff841b8d027f1055c
	at jdk.internal.reflect.GeneratedConstructorAccessor23.newInstance(Unknown Source) ~[?:?]
	at java.base/jdk.internal.reflect.DelegatingConstructorAccessorImpl.newInstance(DelegatingConstructorAccessorImpl.java:45) ~[?:?]
	at java.base/java.lang.reflect.Constructor.newInstanceWithCaller(Constructor.java:499) ~[?:?]
	at java.base/java.lang.reflect.Constructor.newInstance(Constructor.java:480) ~[?:?]
	at org.openqa.selenium.remote.ErrorCodec.decode(ErrorCodec.java:167) ~[selenium-server-4.32.0.jar:?]
	at org.openqa.selenium.remote.codec.w3c.W3CHttpResponseCodec.decode(W3CHttpResponseCodec.java:138) ~[selenium-server-4.32.0.jar:?]
	at org.openqa.selenium.remote.codec.w3c.W3CHttpResponseCodec.decode(W3CHttpResponseCodec.java:50) ~[selenium-server-4.32.0.jar:?]
	at org.openqa.selenium.remote.HttpCommandExecutor.execute(HttpCommandExecutor.java:215) ~[selenium-server-4.32.0.jar:?]
	at org.openqa.selenium.remote.service.DriverCommandExecutor.invokeExecute(DriverCommandExecutor.java:216) ~[selenium-server-4.32.0.jar:?]
	at org.openqa.selenium.remote.service.DriverCommandExecutor.execute(DriverCommandExecutor.java:174) ~[selenium-server-4.32.0.jar:?]
	at org.openqa.selenium.remote.RemoteWebDriver.execute(RemoteWebDriver.java:545) ~[selenium-server-4.32.0.jar:?]
	at org.openqa.selenium.remote.ElementLocation$ElementFinder$2.findElement(ElementLocation.java:165) ~[selenium-server-4.32.0.jar:?]
	at org.openqa.selenium.remote.ElementLocation.findElement(ElementLocation.java:59) ~[selenium-server-4.32.0.jar:?]
	at org.openqa.selenium.remote.RemoteWebDriver.findElement(RemoteWebDriver.java:368) ~[selenium-server-4.32.0.jar:?]
	at org.openqa.selenium.remote.RemoteWebDriver.findElement(RemoteWebDriver.java:362) ~[selenium-server-4.32.0.jar:?]
	at testcases.Basiccontrol.Datatypedropdown2(Basiccontrol.java:530) ~[test-classes/:?]
	at java.base/jdk.internal.reflect.NativeMethodAccessorImpl.invoke0(Native Method) ~[?:?]
	at java.base/jdk.internal.reflect.NativeMethodAccessorImpl.invoke(NativeMethodAccessorImpl.java:77) ~[?:?]
	at java.base/jdk.internal.reflect.DelegatingMethodAccessorImpl.invoke(DelegatingMethodAccessorImpl.java:43) ~[?:?]
	at java.base/java.lang.reflect.Method.invoke(Method.java:568) ~[?:?]
	at org.testng.internal.MethodInvocationHelper.invokeMethod(MethodInvocationHelper.java:133) ~[testng-7.4.0.jar:7.4.0]
	at org.testng.internal.TestInvoker.invokeMethod(TestInvoker.java:598) ~[testng-7.4.0.jar:7.4.0]
	at org.testng.internal.TestInvoker.invokeTestMethod(TestInvoker.java:173) ~[testng-7.4.0.jar:7.4.0]
	at org.testng.internal.MethodRunner.runInSequence(MethodRunner.java:46) ~[testng-7.4.0.jar:7.4.0]
	at org.testng.internal.TestInvoker$MethodInvocationAgent.invoke(TestInvoker.java:824) ~[testng-7.4.0.jar:7.4.0]
	at org.testng.internal.TestInvoker.invokeTestMethods(TestInvoker.java:146) ~[testng-7.4.0.jar:7.4.0]
	at org.testng.internal.TestMethodWorker.invokeTestMethods(TestMethodWorker.java:146) ~[testng-7.4.0.jar:7.4.0]
	at org.testng.internal.TestMethodWorker.run(TestMethodWorker.java:128) ~[testng-7.4.0.jar:7.4.0]
	at java.base/java.util.ArrayList.forEach(ArrayList.java:1511) [?:?]
	at org.testng.TestRunner.privateRun(TestRunner.java:794) [testng-7.4.0.jar:7.4.0]
	at org.testng.TestRunner.run(TestRunner.java:596) [testng-7.4.0.jar:7.4.0]
	at org.testng.SuiteRunner.runTest(SuiteRunner.java:377) [testng-7.4.0.jar:7.4.0]
	at org.testng.SuiteRunner.runSequentially(SuiteRunner.java:371) [testng-7.4.0.jar:7.4.0]
	at org.testng.SuiteRunner.privateRun(SuiteRunner.java:332) [testng-7.4.0.jar:7.4.0]
	at org.testng.SuiteRunner.run(SuiteRunner.java:276) [testng-7.4.0.jar:7.4.0]
	at org.testng.SuiteRunnerWorker.runSuite(SuiteRunnerWorker.java:53) [testng-7.4.0.jar:7.4.0]
	at org.testng.SuiteRunnerWorker.run(SuiteRunnerWorker.java:96) [testng-7.4.0.jar:7.4.0]
	at org.testng.TestNG.runSuitesSequentially(TestNG.java:1212) [testng-7.4.0.jar:7.4.0]
	at org.testng.TestNG.runSuitesLocally(TestNG.java:1134) [testng-7.4.0.jar:7.4.0]
	at org.testng.TestNG.runSuites(TestNG.java:1063) [testng-7.4.0.jar:7.4.0]
	at org.testng.TestNG.run(TestNG.java:1031) [testng-7.4.0.jar:7.4.0]
	at org.testng.remote.AbstractRemoteTestNG.run(AbstractRemoteTestNG.java:115) [testng-remote.jar:?]
	at org.testng.remote.RemoteTestNG.initAndRun(RemoteTestNG.java:293) [testng-remote.jar:?]
	at org.testng.remote.RemoteTestNG.main(RemoteTestNG.java:91) [testng-remote.jar:?]
14:16:07.178 [main] ERROR testcases.Basiccontrol - Error occurred in Datedataentry method: 
org.openqa.selenium.ElementNotInteractableException: element not interactable: Element is not currently visible and may not be manipulated
  (Session info: chrome=137.0.7151.69)
Build info: version: '4.32.0', revision: 'd17c8aa950'
System info: os.name: 'Windows 10', os.arch: 'amd64', os.version: '10.0', java.version: '17.0.11'
Driver info: org.openqa.selenium.chrome.ChromeDriver
Command: [199f6fb16240793ff841b8d027f1055c, clickElement {id=f.883DCA784C2B284B6EA4A1B7F51B4720.d.02546B39A85CC8C2D3C6321C023E3298.e.715}]
Capabilities {acceptInsecureCerts: false, browserName: chrome, browserVersion: 137.0.7151.69, chrome: {chromedriverVersion: 137.0.7151.68 (2989ffee9373..., userDataDir: C:\Users\VSRIKA~1\AppData\L...}, fedcm:accounts: true, goog:chromeOptions: {debuggerAddress: localhost:53615}, networkConnectionEnabled: false, pageLoadStrategy: normal, platformName: windows, proxy: Proxy(), se:cdp: ws://localhost:53615/devtoo..., se:cdpVersion: 137.0.7151.69, setWindowRect: true, strictFileInteractability: false, timeouts: {implicit: 0, pageLoad: 300000, script: 30000}, unhandledPromptBehavior: dismiss and notify, webauthn:extension:credBlob: true, webauthn:extension:largeBlob: true, webauthn:extension:minPinLength: true, webauthn:extension:prf: true, webauthn:virtualAuthenticators: true}
Element: [[ChromeDriver: chrome on windows (199f6fb16240793ff841b8d027f1055c)] -> xpath: //option[@value='DateDataEntry']]
Session ID: 199f6fb16240793ff841b8d027f1055c
	at java.base/jdk.internal.reflect.NativeConstructorAccessorImpl.newInstance0(Native Method) ~[?:?]
	at java.base/jdk.internal.reflect.NativeConstructorAccessorImpl.newInstance(NativeConstructorAccessorImpl.java:77) ~[?:?]
	at java.base/jdk.internal.reflect.DelegatingConstructorAccessorImpl.newInstance(DelegatingConstructorAccessorImpl.java:45) ~[?:?]
	at java.base/java.lang.reflect.Constructor.newInstanceWithCaller(Constructor.java:499) ~[?:?]
	at java.base/java.lang.reflect.Constructor.newInstance(Constructor.java:480) ~[?:?]
	at org.openqa.selenium.remote.ErrorCodec.decode(ErrorCodec.java:167) ~[selenium-server-4.32.0.jar:?]
	at org.openqa.selenium.remote.codec.w3c.W3CHttpResponseCodec.decode(W3CHttpResponseCodec.java:138) ~[selenium-server-4.32.0.jar:?]
	at org.openqa.selenium.remote.codec.w3c.W3CHttpResponseCodec.decode(W3CHttpResponseCodec.java:50) ~[selenium-server-4.32.0.jar:?]
	at org.openqa.selenium.remote.HttpCommandExecutor.execute(HttpCommandExecutor.java:215) ~[selenium-server-4.32.0.jar:?]
	at org.openqa.selenium.remote.service.DriverCommandExecutor.invokeExecute(DriverCommandExecutor.java:216) ~[selenium-server-4.32.0.jar:?]
	at org.openqa.selenium.remote.service.DriverCommandExecutor.execute(DriverCommandExecutor.java:174) ~[selenium-server-4.32.0.jar:?]
	at org.openqa.selenium.remote.RemoteWebDriver.execute(RemoteWebDriver.java:545) ~[selenium-server-4.32.0.jar:?]
	at org.openqa.selenium.remote.RemoteWebElement.execute(RemoteWebElement.java:223) ~[selenium-server-4.32.0.jar:?]
	at org.openqa.selenium.remote.RemoteWebElement.click(RemoteWebElement.java:76) ~[selenium-server-4.32.0.jar:?]
	at testcases.Basiccontrol.Datedataentry(Basiccontrol.java:541) ~[test-classes/:?]
	at java.base/jdk.internal.reflect.NativeMethodAccessorImpl.invoke0(Native Method) ~[?:?]
	at java.base/jdk.internal.reflect.NativeMethodAccessorImpl.invoke(NativeMethodAccessorImpl.java:77) ~[?:?]
	at java.base/jdk.internal.reflect.DelegatingMethodAccessorImpl.invoke(DelegatingMethodAccessorImpl.java:43) ~[?:?]
	at java.base/java.lang.reflect.Method.invoke(Method.java:568) ~[?:?]
	at org.testng.internal.MethodInvocationHelper.invokeMethod(MethodInvocationHelper.java:133) ~[testng-7.4.0.jar:7.4.0]
	at org.testng.internal.TestInvoker.invokeMethod(TestInvoker.java:598) ~[testng-7.4.0.jar:7.4.0]
	at org.testng.internal.TestInvoker.invokeTestMethod(TestInvoker.java:173) ~[testng-7.4.0.jar:7.4.0]
	at org.testng.internal.MethodRunner.runInSequence(MethodRunner.java:46) ~[testng-7.4.0.jar:7.4.0]
	at org.testng.internal.TestInvoker$MethodInvocationAgent.invoke(TestInvoker.java:824) ~[testng-7.4.0.jar:7.4.0]
	at org.testng.internal.TestInvoker.invokeTestMethods(TestInvoker.java:146) ~[testng-7.4.0.jar:7.4.0]
	at org.testng.internal.TestMethodWorker.invokeTestMethods(TestMethodWorker.java:146) ~[testng-7.4.0.jar:7.4.0]
	at org.testng.internal.TestMethodWorker.run(TestMethodWorker.java:128) ~[testng-7.4.0.jar:7.4.0]
	at java.base/java.util.ArrayList.forEach(ArrayList.java:1511) [?:?]
	at org.testng.TestRunner.privateRun(TestRunner.java:794) [testng-7.4.0.jar:7.4.0]
	at org.testng.TestRunner.run(TestRunner.java:596) [testng-7.4.0.jar:7.4.0]
	at org.testng.SuiteRunner.runTest(SuiteRunner.java:377) [testng-7.4.0.jar:7.4.0]
	at org.testng.SuiteRunner.runSequentially(SuiteRunner.java:371) [testng-7.4.0.jar:7.4.0]
	at org.testng.SuiteRunner.privateRun(SuiteRunner.java:332) [testng-7.4.0.jar:7.4.0]
	at org.testng.SuiteRunner.run(SuiteRunner.java:276) [testng-7.4.0.jar:7.4.0]
	at org.testng.SuiteRunnerWorker.runSuite(SuiteRunnerWorker.java:53) [testng-7.4.0.jar:7.4.0]
	at org.testng.SuiteRunnerWorker.run(SuiteRunnerWorker.java:96) [testng-7.4.0.jar:7.4.0]
	at org.testng.TestNG.runSuitesSequentially(TestNG.java:1212) [testng-7.4.0.jar:7.4.0]
	at org.testng.TestNG.runSuitesLocally(TestNG.java:1134) [testng-7.4.0.jar:7.4.0]
	at org.testng.TestNG.runSuites(TestNG.java:1063) [testng-7.4.0.jar:7.4.0]
	at org.testng.TestNG.run(TestNG.java:1031) [testng-7.4.0.jar:7.4.0]
	at org.testng.remote.AbstractRemoteTestNG.run(AbstractRemoteTestNG.java:115) [testng-remote.jar:?]
	at org.testng.remote.RemoteTestNG.initAndRun(RemoteTestNG.java:293) [testng-remote.jar:?]
	at org.testng.remote.RemoteTestNG.main(RemoteTestNG.java:91) [testng-remote.jar:?]
14:16:15.401 [main] ERROR testcases.Basiccontrol - Error occurred in Column5 method: 
org.openqa.selenium.NoSuchElementException: no such element: Unable to locate element: {"method":"xpath","selector":"(//td[normalize-space()='5'])[1]"}
  (Session info: chrome=137.0.7151.69)
For documentation on this error, please visit: https://www.selenium.dev/documentation/webdriver/troubleshooting/errors#no-such-element-exception
Build info: version: '4.32.0', revision: 'd17c8aa950'
System info: os.name: 'Windows 10', os.arch: 'amd64', os.version: '10.0', java.version: '17.0.11'
Driver info: org.openqa.selenium.chrome.ChromeDriver
Command: [199f6fb16240793ff841b8d027f1055c, findElement {using=xpath, value=(//td[normalize-space()='5'])[1]}]
Capabilities {acceptInsecureCerts: false, browserName: chrome, browserVersion: 137.0.7151.69, chrome: {chromedriverVersion: 137.0.7151.68 (2989ffee9373..., userDataDir: C:\Users\VSRIKA~1\AppData\L...}, fedcm:accounts: true, goog:chromeOptions: {debuggerAddress: localhost:53615}, networkConnectionEnabled: false, pageLoadStrategy: normal, platformName: windows, proxy: Proxy(), se:cdp: ws://localhost:53615/devtoo..., se:cdpVersion: 137.0.7151.69, setWindowRect: true, strictFileInteractability: false, timeouts: {implicit: 0, pageLoad: 300000, script: 30000}, unhandledPromptBehavior: dismiss and notify, webauthn:extension:credBlob: true, webauthn:extension:largeBlob: true, webauthn:extension:minPinLength: true, webauthn:extension:prf: true, webauthn:virtualAuthenticators: true}
Session ID: 199f6fb16240793ff841b8d027f1055c
	at jdk.internal.reflect.GeneratedConstructorAccessor23.newInstance(Unknown Source) ~[?:?]
	at java.base/jdk.internal.reflect.DelegatingConstructorAccessorImpl.newInstance(DelegatingConstructorAccessorImpl.java:45) ~[?:?]
	at java.base/java.lang.reflect.Constructor.newInstanceWithCaller(Constructor.java:499) ~[?:?]
	at java.base/java.lang.reflect.Constructor.newInstance(Constructor.java:480) ~[?:?]
	at org.openqa.selenium.remote.ErrorCodec.decode(ErrorCodec.java:167) ~[selenium-server-4.32.0.jar:?]
	at org.openqa.selenium.remote.codec.w3c.W3CHttpResponseCodec.decode(W3CHttpResponseCodec.java:138) ~[selenium-server-4.32.0.jar:?]
	at org.openqa.selenium.remote.codec.w3c.W3CHttpResponseCodec.decode(W3CHttpResponseCodec.java:50) ~[selenium-server-4.32.0.jar:?]
	at org.openqa.selenium.remote.HttpCommandExecutor.execute(HttpCommandExecutor.java:215) ~[selenium-server-4.32.0.jar:?]
	at org.openqa.selenium.remote.service.DriverCommandExecutor.invokeExecute(DriverCommandExecutor.java:216) ~[selenium-server-4.32.0.jar:?]
	at org.openqa.selenium.remote.service.DriverCommandExecutor.execute(DriverCommandExecutor.java:174) ~[selenium-server-4.32.0.jar:?]
	at org.openqa.selenium.remote.RemoteWebDriver.execute(RemoteWebDriver.java:545) ~[selenium-server-4.32.0.jar:?]
	at org.openqa.selenium.remote.ElementLocation$ElementFinder$2.findElement(ElementLocation.java:165) ~[selenium-server-4.32.0.jar:?]
	at org.openqa.selenium.remote.ElementLocation.findElement(ElementLocation.java:59) ~[selenium-server-4.32.0.jar:?]
	at org.openqa.selenium.remote.RemoteWebDriver.findElement(RemoteWebDriver.java:368) ~[selenium-server-4.32.0.jar:?]
	at org.openqa.selenium.remote.RemoteWebDriver.findElement(RemoteWebDriver.java:362) ~[selenium-server-4.32.0.jar:?]
	at testcases.Basiccontrol.Column5(Basiccontrol.java:551) ~[test-classes/:?]
	at java.base/jdk.internal.reflect.NativeMethodAccessorImpl.invoke0(Native Method) ~[?:?]
	at java.base/jdk.internal.reflect.NativeMethodAccessorImpl.invoke(NativeMethodAccessorImpl.java:77) ~[?:?]
	at java.base/jdk.internal.reflect.DelegatingMethodAccessorImpl.invoke(DelegatingMethodAccessorImpl.java:43) ~[?:?]
	at java.base/java.lang.reflect.Method.invoke(Method.java:568) ~[?:?]
	at org.testng.internal.MethodInvocationHelper.invokeMethod(MethodInvocationHelper.java:133) ~[testng-7.4.0.jar:7.4.0]
	at org.testng.internal.TestInvoker.invokeMethod(TestInvoker.java:598) ~[testng-7.4.0.jar:7.4.0]
	at org.testng.internal.TestInvoker.invokeTestMethod(TestInvoker.java:173) ~[testng-7.4.0.jar:7.4.0]
	at org.testng.internal.MethodRunner.runInSequence(MethodRunner.java:46) ~[testng-7.4.0.jar:7.4.0]
	at org.testng.internal.TestInvoker$MethodInvocationAgent.invoke(TestInvoker.java:824) ~[testng-7.4.0.jar:7.4.0]
	at org.testng.internal.TestInvoker.invokeTestMethods(TestInvoker.java:146) ~[testng-7.4.0.jar:7.4.0]
	at org.testng.internal.TestMethodWorker.invokeTestMethods(TestMethodWorker.java:146) ~[testng-7.4.0.jar:7.4.0]
	at org.testng.internal.TestMethodWorker.run(TestMethodWorker.java:128) ~[testng-7.4.0.jar:7.4.0]
	at java.base/java.util.ArrayList.forEach(ArrayList.java:1511) [?:?]
	at org.testng.TestRunner.privateRun(TestRunner.java:794) [testng-7.4.0.jar:7.4.0]
	at org.testng.TestRunner.run(TestRunner.java:596) [testng-7.4.0.jar:7.4.0]
	at org.testng.SuiteRunner.runTest(SuiteRunner.java:377) [testng-7.4.0.jar:7.4.0]
	at org.testng.SuiteRunner.runSequentially(SuiteRunner.java:371) [testng-7.4.0.jar:7.4.0]
	at org.testng.SuiteRunner.privateRun(SuiteRunner.java:332) [testng-7.4.0.jar:7.4.0]
	at org.testng.SuiteRunner.run(SuiteRunner.java:276) [testng-7.4.0.jar:7.4.0]
	at org.testng.SuiteRunnerWorker.runSuite(SuiteRunnerWorker.java:53) [testng-7.4.0.jar:7.4.0]
	at org.testng.SuiteRunnerWorker.run(SuiteRunnerWorker.java:96) [testng-7.4.0.jar:7.4.0]
	at org.testng.TestNG.runSuitesSequentially(TestNG.java:1212) [testng-7.4.0.jar:7.4.0]
	at org.testng.TestNG.runSuitesLocally(TestNG.java:1134) [testng-7.4.0.jar:7.4.0]
	at org.testng.TestNG.runSuites(TestNG.java:1063) [testng-7.4.0.jar:7.4.0]
	at org.testng.TestNG.run(TestNG.java:1031) [testng-7.4.0.jar:7.4.0]
	at org.testng.remote.AbstractRemoteTestNG.run(AbstractRemoteTestNG.java:115) [testng-remote.jar:?]
	at org.testng.remote.RemoteTestNG.initAndRun(RemoteTestNG.java:293) [testng-remote.jar:?]
	at org.testng.remote.RemoteTestNG.main(RemoteTestNG.java:91) [testng-remote.jar:?]
14:16:15.621 [main] ERROR testcases.Basiccontrol - Error occurred in Datatypedropdown4 method: 
org.openqa.selenium.NoSuchElementException: no such element: Unable to locate element: {"method":"xpath","selector":"//select[contains(@class,'form-control ng-untouched ng-pristine ng-valid')]"}
  (Session info: chrome=137.0.7151.69)
For documentation on this error, please visit: https://www.selenium.dev/documentation/webdriver/troubleshooting/errors#no-such-element-exception
Build info: version: '4.32.0', revision: 'd17c8aa950'
System info: os.name: 'Windows 10', os.arch: 'amd64', os.version: '10.0', java.version: '17.0.11'
Driver info: org.openqa.selenium.chrome.ChromeDriver
Command: [199f6fb16240793ff841b8d027f1055c, findElement {using=xpath, value=//select[contains(@class,'form-control ng-untouched ng-pristine ng-valid')]}]
Capabilities {acceptInsecureCerts: false, browserName: chrome, browserVersion: 137.0.7151.69, chrome: {chromedriverVersion: 137.0.7151.68 (2989ffee9373..., userDataDir: C:\Users\VSRIKA~1\AppData\L...}, fedcm:accounts: true, goog:chromeOptions: {debuggerAddress: localhost:53615}, networkConnectionEnabled: false, pageLoadStrategy: normal, platformName: windows, proxy: Proxy(), se:cdp: ws://localhost:53615/devtoo..., se:cdpVersion: 137.0.7151.69, setWindowRect: true, strictFileInteractability: false, timeouts: {implicit: 0, pageLoad: 300000, script: 30000}, unhandledPromptBehavior: dismiss and notify, webauthn:extension:credBlob: true, webauthn:extension:largeBlob: true, webauthn:extension:minPinLength: true, webauthn:extension:prf: true, webauthn:virtualAuthenticators: true}
Session ID: 199f6fb16240793ff841b8d027f1055c
	at jdk.internal.reflect.GeneratedConstructorAccessor23.newInstance(Unknown Source) ~[?:?]
	at java.base/jdk.internal.reflect.DelegatingConstructorAccessorImpl.newInstance(DelegatingConstructorAccessorImpl.java:45) ~[?:?]
	at java.base/java.lang.reflect.Constructor.newInstanceWithCaller(Constructor.java:499) ~[?:?]
	at java.base/java.lang.reflect.Constructor.newInstance(Constructor.java:480) ~[?:?]
	at org.openqa.selenium.remote.ErrorCodec.decode(ErrorCodec.java:167) ~[selenium-server-4.32.0.jar:?]
	at org.openqa.selenium.remote.codec.w3c.W3CHttpResponseCodec.decode(W3CHttpResponseCodec.java:138) ~[selenium-server-4.32.0.jar:?]
	at org.openqa.selenium.remote.codec.w3c.W3CHttpResponseCodec.decode(W3CHttpResponseCodec.java:50) ~[selenium-server-4.32.0.jar:?]
	at org.openqa.selenium.remote.HttpCommandExecutor.execute(HttpCommandExecutor.java:215) ~[selenium-server-4.32.0.jar:?]
	at org.openqa.selenium.remote.service.DriverCommandExecutor.invokeExecute(DriverCommandExecutor.java:216) ~[selenium-server-4.32.0.jar:?]
	at org.openqa.selenium.remote.service.DriverCommandExecutor.execute(DriverCommandExecutor.java:174) ~[selenium-server-4.32.0.jar:?]
	at org.openqa.selenium.remote.RemoteWebDriver.execute(RemoteWebDriver.java:545) ~[selenium-server-4.32.0.jar:?]
	at org.openqa.selenium.remote.ElementLocation$ElementFinder$2.findElement(ElementLocation.java:165) ~[selenium-server-4.32.0.jar:?]
	at org.openqa.selenium.remote.ElementLocation.findElement(ElementLocation.java:59) ~[selenium-server-4.32.0.jar:?]
	at org.openqa.selenium.remote.RemoteWebDriver.findElement(RemoteWebDriver.java:368) ~[selenium-server-4.32.0.jar:?]
	at org.openqa.selenium.remote.RemoteWebDriver.findElement(RemoteWebDriver.java:362) ~[selenium-server-4.32.0.jar:?]
	at testcases.Basiccontrol.Datatypedropdown4(Basiccontrol.java:562) ~[test-classes/:?]
	at java.base/jdk.internal.reflect.NativeMethodAccessorImpl.invoke0(Native Method) ~[?:?]
	at java.base/jdk.internal.reflect.NativeMethodAccessorImpl.invoke(NativeMethodAccessorImpl.java:77) ~[?:?]
	at java.base/jdk.internal.reflect.DelegatingMethodAccessorImpl.invoke(DelegatingMethodAccessorImpl.java:43) ~[?:?]
	at java.base/java.lang.reflect.Method.invoke(Method.java:568) ~[?:?]
	at org.testng.internal.MethodInvocationHelper.invokeMethod(MethodInvocationHelper.java:133) ~[testng-7.4.0.jar:7.4.0]
	at org.testng.internal.TestInvoker.invokeMethod(TestInvoker.java:598) ~[testng-7.4.0.jar:7.4.0]
	at org.testng.internal.TestInvoker.invokeTestMethod(TestInvoker.java:173) ~[testng-7.4.0.jar:7.4.0]
	at org.testng.internal.MethodRunner.runInSequence(MethodRunner.java:46) ~[testng-7.4.0.jar:7.4.0]
	at org.testng.internal.TestInvoker$MethodInvocationAgent.invoke(TestInvoker.java:824) ~[testng-7.4.0.jar:7.4.0]
	at org.testng.internal.TestInvoker.invokeTestMethods(TestInvoker.java:146) ~[testng-7.4.0.jar:7.4.0]
	at org.testng.internal.TestMethodWorker.invokeTestMethods(TestMethodWorker.java:146) ~[testng-7.4.0.jar:7.4.0]
	at org.testng.internal.TestMethodWorker.run(TestMethodWorker.java:128) ~[testng-7.4.0.jar:7.4.0]
	at java.base/java.util.ArrayList.forEach(ArrayList.java:1511) [?:?]
	at org.testng.TestRunner.privateRun(TestRunner.java:794) [testng-7.4.0.jar:7.4.0]
	at org.testng.TestRunner.run(TestRunner.java:596) [testng-7.4.0.jar:7.4.0]
	at org.testng.SuiteRunner.runTest(SuiteRunner.java:377) [testng-7.4.0.jar:7.4.0]
	at org.testng.SuiteRunner.runSequentially(SuiteRunner.java:371) [testng-7.4.0.jar:7.4.0]
	at org.testng.SuiteRunner.privateRun(SuiteRunner.java:332) [testng-7.4.0.jar:7.4.0]
	at org.testng.SuiteRunner.run(SuiteRunner.java:276) [testng-7.4.0.jar:7.4.0]
	at org.testng.SuiteRunnerWorker.runSuite(SuiteRunnerWorker.java:53) [testng-7.4.0.jar:7.4.0]
	at org.testng.SuiteRunnerWorker.run(SuiteRunnerWorker.java:96) [testng-7.4.0.jar:7.4.0]
	at org.testng.TestNG.runSuitesSequentially(TestNG.java:1212) [testng-7.4.0.jar:7.4.0]
	at org.testng.TestNG.runSuitesLocally(TestNG.java:1134) [testng-7.4.0.jar:7.4.0]
	at org.testng.TestNG.runSuites(TestNG.java:1063) [testng-7.4.0.jar:7.4.0]
	at org.testng.TestNG.run(TestNG.java:1031) [testng-7.4.0.jar:7.4.0]
	at org.testng.remote.AbstractRemoteTestNG.run(AbstractRemoteTestNG.java:115) [testng-remote.jar:?]
	at org.testng.remote.RemoteTestNG.initAndRun(RemoteTestNG.java:293) [testng-remote.jar:?]
	at org.testng.remote.RemoteTestNG.main(RemoteTestNG.java:91) [testng-remote.jar:?]
14:16:17.842 [main] ERROR testcases.Basiccontrol - Error occurred in Datedataentry method: 
org.openqa.selenium.NoSuchElementException: no such element: Unable to locate element: {"method":"xpath","selector":"(//td[normalize-space()='5'])[1]"}
  (Session info: chrome=137.0.7151.69)
For documentation on this error, please visit: https://www.selenium.dev/documentation/webdriver/troubleshooting/errors#no-such-element-exception
Build info: version: '4.32.0', revision: 'd17c8aa950'
System info: os.name: 'Windows 10', os.arch: 'amd64', os.version: '10.0', java.version: '17.0.11'
Driver info: org.openqa.selenium.chrome.ChromeDriver
Command: [199f6fb16240793ff841b8d027f1055c, findElement {using=xpath, value=(//td[normalize-space()='5'])[1]}]
Capabilities {acceptInsecureCerts: false, browserName: chrome, browserVersion: 137.0.7151.69, chrome: {chromedriverVersion: 137.0.7151.68 (2989ffee9373..., userDataDir: C:\Users\VSRIKA~1\AppData\L...}, fedcm:accounts: true, goog:chromeOptions: {debuggerAddress: localhost:53615}, networkConnectionEnabled: false, pageLoadStrategy: normal, platformName: windows, proxy: Proxy(), se:cdp: ws://localhost:53615/devtoo..., se:cdpVersion: 137.0.7151.69, setWindowRect: true, strictFileInteractability: false, timeouts: {implicit: 0, pageLoad: 300000, script: 30000}, unhandledPromptBehavior: dismiss and notify, webauthn:extension:credBlob: true, webauthn:extension:largeBlob: true, webauthn:extension:minPinLength: true, webauthn:extension:prf: true, webauthn:virtualAuthenticators: true}
Session ID: 199f6fb16240793ff841b8d027f1055c
	at jdk.internal.reflect.GeneratedConstructorAccessor23.newInstance(Unknown Source) ~[?:?]
	at java.base/jdk.internal.reflect.DelegatingConstructorAccessorImpl.newInstance(DelegatingConstructorAccessorImpl.java:45) ~[?:?]
	at java.base/java.lang.reflect.Constructor.newInstanceWithCaller(Constructor.java:499) ~[?:?]
	at java.base/java.lang.reflect.Constructor.newInstance(Constructor.java:480) ~[?:?]
	at org.openqa.selenium.remote.ErrorCodec.decode(ErrorCodec.java:167) ~[selenium-server-4.32.0.jar:?]
	at org.openqa.selenium.remote.codec.w3c.W3CHttpResponseCodec.decode(W3CHttpResponseCodec.java:138) ~[selenium-server-4.32.0.jar:?]
	at org.openqa.selenium.remote.codec.w3c.W3CHttpResponseCodec.decode(W3CHttpResponseCodec.java:50) ~[selenium-server-4.32.0.jar:?]
	at org.openqa.selenium.remote.HttpCommandExecutor.execute(HttpCommandExecutor.java:215) ~[selenium-server-4.32.0.jar:?]
	at org.openqa.selenium.remote.service.DriverCommandExecutor.invokeExecute(DriverCommandExecutor.java:216) ~[selenium-server-4.32.0.jar:?]
	at org.openqa.selenium.remote.service.DriverCommandExecutor.execute(DriverCommandExecutor.java:174) ~[selenium-server-4.32.0.jar:?]
	at org.openqa.selenium.remote.RemoteWebDriver.execute(RemoteWebDriver.java:545) ~[selenium-server-4.32.0.jar:?]
	at org.openqa.selenium.remote.ElementLocation$ElementFinder$2.findElement(ElementLocation.java:165) ~[selenium-server-4.32.0.jar:?]
	at org.openqa.selenium.remote.ElementLocation.findElement(ElementLocation.java:59) ~[selenium-server-4.32.0.jar:?]
	at org.openqa.selenium.remote.RemoteWebDriver.findElement(RemoteWebDriver.java:368) ~[selenium-server-4.32.0.jar:?]
	at org.openqa.selenium.remote.RemoteWebDriver.findElement(RemoteWebDriver.java:362) ~[selenium-server-4.32.0.jar:?]
	at testcases.Basiccontrol.Datedataentry1(Basiccontrol.java:572) ~[test-classes/:?]
	at java.base/jdk.internal.reflect.NativeMethodAccessorImpl.invoke0(Native Method) ~[?:?]
	at java.base/jdk.internal.reflect.NativeMethodAccessorImpl.invoke(NativeMethodAccessorImpl.java:77) ~[?:?]
	at java.base/jdk.internal.reflect.DelegatingMethodAccessorImpl.invoke(DelegatingMethodAccessorImpl.java:43) ~[?:?]
	at java.base/java.lang.reflect.Method.invoke(Method.java:568) ~[?:?]
	at org.testng.internal.MethodInvocationHelper.invokeMethod(MethodInvocationHelper.java:133) ~[testng-7.4.0.jar:7.4.0]
	at org.testng.internal.TestInvoker.invokeMethod(TestInvoker.java:598) ~[testng-7.4.0.jar:7.4.0]
	at org.testng.internal.TestInvoker.invokeTestMethod(TestInvoker.java:173) ~[testng-7.4.0.jar:7.4.0]
	at org.testng.internal.MethodRunner.runInSequence(MethodRunner.java:46) ~[testng-7.4.0.jar:7.4.0]
	at org.testng.internal.TestInvoker$MethodInvocationAgent.invoke(TestInvoker.java:824) ~[testng-7.4.0.jar:7.4.0]
	at org.testng.internal.TestInvoker.invokeTestMethods(TestInvoker.java:146) ~[testng-7.4.0.jar:7.4.0]
	at org.testng.internal.TestMethodWorker.invokeTestMethods(TestMethodWorker.java:146) ~[testng-7.4.0.jar:7.4.0]
	at org.testng.internal.TestMethodWorker.run(TestMethodWorker.java:128) ~[testng-7.4.0.jar:7.4.0]
	at java.base/java.util.ArrayList.forEach(ArrayList.java:1511) [?:?]
	at org.testng.TestRunner.privateRun(TestRunner.java:794) [testng-7.4.0.jar:7.4.0]
	at org.testng.TestRunner.run(TestRunner.java:596) [testng-7.4.0.jar:7.4.0]
	at org.testng.SuiteRunner.runTest(SuiteRunner.java:377) [testng-7.4.0.jar:7.4.0]
	at org.testng.SuiteRunner.runSequentially(SuiteRunner.java:371) [testng-7.4.0.jar:7.4.0]
	at org.testng.SuiteRunner.privateRun(SuiteRunner.java:332) [testng-7.4.0.jar:7.4.0]
	at org.testng.SuiteRunner.run(SuiteRunner.java:276) [testng-7.4.0.jar:7.4.0]
	at org.testng.SuiteRunnerWorker.runSuite(SuiteRunnerWorker.java:53) [testng-7.4.0.jar:7.4.0]
	at org.testng.SuiteRunnerWorker.run(SuiteRunnerWorker.java:96) [testng-7.4.0.jar:7.4.0]
	at org.testng.TestNG.runSuitesSequentially(TestNG.java:1212) [testng-7.4.0.jar:7.4.0]
	at org.testng.TestNG.runSuitesLocally(TestNG.java:1134) [testng-7.4.0.jar:7.4.0]
	at org.testng.TestNG.runSuites(TestNG.java:1063) [testng-7.4.0.jar:7.4.0]
	at org.testng.TestNG.run(TestNG.java:1031) [testng-7.4.0.jar:7.4.0]
	at org.testng.remote.AbstractRemoteTestNG.run(AbstractRemoteTestNG.java:115) [testng-remote.jar:?]
	at org.testng.remote.RemoteTestNG.initAndRun(RemoteTestNG.java:293) [testng-remote.jar:?]
	at org.testng.remote.RemoteTestNG.main(RemoteTestNG.java:91) [testng-remote.jar:?]
14:16:20.086 [main] ERROR testcases.Basiccontrol - Error occurred in Ok1 method: 
org.openqa.selenium.NoSuchElementException: no such element: Unable to locate element: {"method":"xpath","selector":"(//button[@class='borderenable btn btn-sm button-border ng-star-inserted'])[2]"}
  (Session info: chrome=137.0.7151.69)
For documentation on this error, please visit: https://www.selenium.dev/documentation/webdriver/troubleshooting/errors#no-such-element-exception
Build info: version: '4.32.0', revision: 'd17c8aa950'
System info: os.name: 'Windows 10', os.arch: 'amd64', os.version: '10.0', java.version: '17.0.11'
Driver info: org.openqa.selenium.chrome.ChromeDriver
Command: [199f6fb16240793ff841b8d027f1055c, findElement {using=xpath, value=(//button[@class='borderenable btn btn-sm button-border ng-star-inserted'])[2]}]
Capabilities {acceptInsecureCerts: false, browserName: chrome, browserVersion: 137.0.7151.69, chrome: {chromedriverVersion: 137.0.7151.68 (2989ffee9373..., userDataDir: C:\Users\VSRIKA~1\AppData\L...}, fedcm:accounts: true, goog:chromeOptions: {debuggerAddress: localhost:53615}, networkConnectionEnabled: false, pageLoadStrategy: normal, platformName: windows, proxy: Proxy(), se:cdp: ws://localhost:53615/devtoo..., se:cdpVersion: 137.0.7151.69, setWindowRect: true, strictFileInteractability: false, timeouts: {implicit: 0, pageLoad: 300000, script: 30000}, unhandledPromptBehavior: dismiss and notify, webauthn:extension:credBlob: true, webauthn:extension:largeBlob: true, webauthn:extension:minPinLength: true, webauthn:extension:prf: true, webauthn:virtualAuthenticators: true}
Session ID: 199f6fb16240793ff841b8d027f1055c
	at jdk.internal.reflect.GeneratedConstructorAccessor23.newInstance(Unknown Source) ~[?:?]
	at java.base/jdk.internal.reflect.DelegatingConstructorAccessorImpl.newInstance(DelegatingConstructorAccessorImpl.java:45) ~[?:?]
	at java.base/java.lang.reflect.Constructor.newInstanceWithCaller(Constructor.java:499) ~[?:?]
	at java.base/java.lang.reflect.Constructor.newInstance(Constructor.java:480) ~[?:?]
	at org.openqa.selenium.remote.ErrorCodec.decode(ErrorCodec.java:167) ~[selenium-server-4.32.0.jar:?]
	at org.openqa.selenium.remote.codec.w3c.W3CHttpResponseCodec.decode(W3CHttpResponseCodec.java:138) ~[selenium-server-4.32.0.jar:?]
	at org.openqa.selenium.remote.codec.w3c.W3CHttpResponseCodec.decode(W3CHttpResponseCodec.java:50) ~[selenium-server-4.32.0.jar:?]
	at org.openqa.selenium.remote.HttpCommandExecutor.execute(HttpCommandExecutor.java:215) ~[selenium-server-4.32.0.jar:?]
	at org.openqa.selenium.remote.service.DriverCommandExecutor.invokeExecute(DriverCommandExecutor.java:216) ~[selenium-server-4.32.0.jar:?]
	at org.openqa.selenium.remote.service.DriverCommandExecutor.execute(DriverCommandExecutor.java:174) ~[selenium-server-4.32.0.jar:?]
	at org.openqa.selenium.remote.RemoteWebDriver.execute(RemoteWebDriver.java:545) ~[selenium-server-4.32.0.jar:?]
	at org.openqa.selenium.remote.ElementLocation$ElementFinder$2.findElement(ElementLocation.java:165) ~[selenium-server-4.32.0.jar:?]
	at org.openqa.selenium.remote.ElementLocation.findElement(ElementLocation.java:59) ~[selenium-server-4.32.0.jar:?]
	at org.openqa.selenium.remote.RemoteWebDriver.findElement(RemoteWebDriver.java:368) ~[selenium-server-4.32.0.jar:?]
	at org.openqa.selenium.remote.RemoteWebDriver.findElement(RemoteWebDriver.java:362) ~[selenium-server-4.32.0.jar:?]
	at testcases.Basiccontrol.Ok1(Basiccontrol.java:586) ~[test-classes/:?]
	at java.base/jdk.internal.reflect.NativeMethodAccessorImpl.invoke0(Native Method) ~[?:?]
	at java.base/jdk.internal.reflect.NativeMethodAccessorImpl.invoke(NativeMethodAccessorImpl.java:77) ~[?:?]
	at java.base/jdk.internal.reflect.DelegatingMethodAccessorImpl.invoke(DelegatingMethodAccessorImpl.java:43) ~[?:?]
	at java.base/java.lang.reflect.Method.invoke(Method.java:568) ~[?:?]
	at org.testng.internal.MethodInvocationHelper.invokeMethod(MethodInvocationHelper.java:133) ~[testng-7.4.0.jar:7.4.0]
	at org.testng.internal.TestInvoker.invokeMethod(TestInvoker.java:598) ~[testng-7.4.0.jar:7.4.0]
	at org.testng.internal.TestInvoker.invokeTestMethod(TestInvoker.java:173) ~[testng-7.4.0.jar:7.4.0]
	at org.testng.internal.MethodRunner.runInSequence(MethodRunner.java:46) ~[testng-7.4.0.jar:7.4.0]
	at org.testng.internal.TestInvoker$MethodInvocationAgent.invoke(TestInvoker.java:824) ~[testng-7.4.0.jar:7.4.0]
	at org.testng.internal.TestInvoker.invokeTestMethods(TestInvoker.java:146) ~[testng-7.4.0.jar:7.4.0]
	at org.testng.internal.TestMethodWorker.invokeTestMethods(TestMethodWorker.java:146) ~[testng-7.4.0.jar:7.4.0]
	at org.testng.internal.TestMethodWorker.run(TestMethodWorker.java:128) ~[testng-7.4.0.jar:7.4.0]
	at java.base/java.util.ArrayList.forEach(ArrayList.java:1511) [?:?]
	at org.testng.TestRunner.privateRun(TestRunner.java:794) [testng-7.4.0.jar:7.4.0]
	at org.testng.TestRunner.run(TestRunner.java:596) [testng-7.4.0.jar:7.4.0]
	at org.testng.SuiteRunner.runTest(SuiteRunner.java:377) [testng-7.4.0.jar:7.4.0]
	at org.testng.SuiteRunner.runSequentially(SuiteRunner.java:371) [testng-7.4.0.jar:7.4.0]
	at org.testng.SuiteRunner.privateRun(SuiteRunner.java:332) [testng-7.4.0.jar:7.4.0]
	at org.testng.SuiteRunner.run(SuiteRunner.java:276) [testng-7.4.0.jar:7.4.0]
	at org.testng.SuiteRunnerWorker.runSuite(SuiteRunnerWorker.java:53) [testng-7.4.0.jar:7.4.0]
	at org.testng.SuiteRunnerWorker.run(SuiteRunnerWorker.java:96) [testng-7.4.0.jar:7.4.0]
	at org.testng.TestNG.runSuitesSequentially(TestNG.java:1212) [testng-7.4.0.jar:7.4.0]
	at org.testng.TestNG.runSuitesLocally(TestNG.java:1134) [testng-7.4.0.jar:7.4.0]
	at org.testng.TestNG.runSuites(TestNG.java:1063) [testng-7.4.0.jar:7.4.0]
	at org.testng.TestNG.run(TestNG.java:1031) [testng-7.4.0.jar:7.4.0]
	at org.testng.remote.AbstractRemoteTestNG.run(AbstractRemoteTestNG.java:115) [testng-remote.jar:?]
	at org.testng.remote.RemoteTestNG.initAndRun(RemoteTestNG.java:293) [testng-remote.jar:?]
	at org.testng.remote.RemoteTestNG.main(RemoteTestNG.java:91) [testng-remote.jar:?]
14:24:55.017 [main] INFO  testcases.Signin - SignIn successfully
14:25:29.846 [main] INFO  testcases.Basiccontrol - Section process completed successfully.
14:27:32.938 [main] ERROR testcases.Basiccontrol - Error occurred in Table method: 
org.openqa.selenium.NoSuchElementException: no such element: Unable to locate element: {"method":"xpath","selector":"//a[@class='dataentry ng-tns-c230-0 dropdown-item pointer']"}
  (Session info: chrome=137.0.7151.69)
For documentation on this error, please visit: https://www.selenium.dev/documentation/webdriver/troubleshooting/errors#no-such-element-exception
Build info: version: '4.32.0', revision: 'd17c8aa950'
System info: os.name: 'Windows 10', os.arch: 'amd64', os.version: '10.0', java.version: '17.0.11'
Driver info: org.openqa.selenium.chrome.ChromeDriver
Command: [1759c0590242119e1186306bde3a7750, findElement {value=//a[@class='dataentry ng-tns-c230-0 dropdown-item pointer'], using=xpath}]
Capabilities {acceptInsecureCerts: false, browserName: chrome, browserVersion: 137.0.7151.69, chrome: {chromedriverVersion: 137.0.7151.68 (2989ffee9373..., userDataDir: C:\Users\VSRIKA~1\AppData\L...}, fedcm:accounts: true, goog:chromeOptions: {debuggerAddress: localhost:54140}, networkConnectionEnabled: false, pageLoadStrategy: normal, platformName: windows, proxy: Proxy(), se:cdp: ws://localhost:54140/devtoo..., se:cdpVersion: 137.0.7151.69, setWindowRect: true, strictFileInteractability: false, timeouts: {implicit: 0, pageLoad: 300000, script: 30000}, unhandledPromptBehavior: dismiss and notify, webauthn:extension:credBlob: true, webauthn:extension:largeBlob: true, webauthn:extension:minPinLength: true, webauthn:extension:prf: true, webauthn:virtualAuthenticators: true}
Session ID: 1759c0590242119e1186306bde3a7750
	at jdk.internal.reflect.GeneratedConstructorAccessor23.newInstance(Unknown Source) ~[?:?]
	at java.base/jdk.internal.reflect.DelegatingConstructorAccessorImpl.newInstance(DelegatingConstructorAccessorImpl.java:45) ~[?:?]
	at java.base/java.lang.reflect.Constructor.newInstanceWithCaller(Constructor.java:499) ~[?:?]
	at java.base/java.lang.reflect.Constructor.newInstance(Constructor.java:480) ~[?:?]
	at org.openqa.selenium.remote.ErrorCodec.decode(ErrorCodec.java:167) ~[selenium-server-4.32.0.jar:?]
	at org.openqa.selenium.remote.codec.w3c.W3CHttpResponseCodec.decode(W3CHttpResponseCodec.java:138) ~[selenium-server-4.32.0.jar:?]
	at org.openqa.selenium.remote.codec.w3c.W3CHttpResponseCodec.decode(W3CHttpResponseCodec.java:50) ~[selenium-server-4.32.0.jar:?]
	at org.openqa.selenium.remote.HttpCommandExecutor.execute(HttpCommandExecutor.java:215) ~[selenium-server-4.32.0.jar:?]
	at org.openqa.selenium.remote.service.DriverCommandExecutor.invokeExecute(DriverCommandExecutor.java:216) ~[selenium-server-4.32.0.jar:?]
	at org.openqa.selenium.remote.service.DriverCommandExecutor.execute(DriverCommandExecutor.java:174) ~[selenium-server-4.32.0.jar:?]
	at org.openqa.selenium.remote.RemoteWebDriver.execute(RemoteWebDriver.java:545) ~[selenium-server-4.32.0.jar:?]
	at org.openqa.selenium.remote.ElementLocation$ElementFinder$2.findElement(ElementLocation.java:165) ~[selenium-server-4.32.0.jar:?]
	at org.openqa.selenium.remote.ElementLocation.findElement(ElementLocation.java:59) ~[selenium-server-4.32.0.jar:?]
	at org.openqa.selenium.remote.RemoteWebDriver.findElement(RemoteWebDriver.java:368) ~[selenium-server-4.32.0.jar:?]
	at org.openqa.selenium.remote.RemoteWebDriver.findElement(RemoteWebDriver.java:362) ~[selenium-server-4.32.0.jar:?]
	at testcases.Basiccontrol.Table(Basiccontrol.java:413) ~[test-classes/:?]
	at java.base/jdk.internal.reflect.NativeMethodAccessorImpl.invoke0(Native Method) ~[?:?]
	at java.base/jdk.internal.reflect.NativeMethodAccessorImpl.invoke(NativeMethodAccessorImpl.java:77) ~[?:?]
	at java.base/jdk.internal.reflect.DelegatingMethodAccessorImpl.invoke(DelegatingMethodAccessorImpl.java:43) ~[?:?]
	at java.base/java.lang.reflect.Method.invoke(Method.java:568) ~[?:?]
	at org.testng.internal.MethodInvocationHelper.invokeMethod(MethodInvocationHelper.java:133) ~[testng-7.4.0.jar:7.4.0]
	at org.testng.internal.TestInvoker.invokeMethod(TestInvoker.java:598) ~[testng-7.4.0.jar:7.4.0]
	at org.testng.internal.TestInvoker.invokeTestMethod(TestInvoker.java:173) ~[testng-7.4.0.jar:7.4.0]
	at org.testng.internal.MethodRunner.runInSequence(MethodRunner.java:46) ~[testng-7.4.0.jar:7.4.0]
	at org.testng.internal.TestInvoker$MethodInvocationAgent.invoke(TestInvoker.java:824) ~[testng-7.4.0.jar:7.4.0]
	at org.testng.internal.TestInvoker.invokeTestMethods(TestInvoker.java:146) ~[testng-7.4.0.jar:7.4.0]
	at org.testng.internal.TestMethodWorker.invokeTestMethods(TestMethodWorker.java:146) ~[testng-7.4.0.jar:7.4.0]
	at org.testng.internal.TestMethodWorker.run(TestMethodWorker.java:128) ~[testng-7.4.0.jar:7.4.0]
	at java.base/java.util.ArrayList.forEach(ArrayList.java:1511) [?:?]
	at org.testng.TestRunner.privateRun(TestRunner.java:794) [testng-7.4.0.jar:7.4.0]
	at org.testng.TestRunner.run(TestRunner.java:596) [testng-7.4.0.jar:7.4.0]
	at org.testng.SuiteRunner.runTest(SuiteRunner.java:377) [testng-7.4.0.jar:7.4.0]
	at org.testng.SuiteRunner.runSequentially(SuiteRunner.java:371) [testng-7.4.0.jar:7.4.0]
	at org.testng.SuiteRunner.privateRun(SuiteRunner.java:332) [testng-7.4.0.jar:7.4.0]
	at org.testng.SuiteRunner.run(SuiteRunner.java:276) [testng-7.4.0.jar:7.4.0]
	at org.testng.SuiteRunnerWorker.runSuite(SuiteRunnerWorker.java:53) [testng-7.4.0.jar:7.4.0]
	at org.testng.SuiteRunnerWorker.run(SuiteRunnerWorker.java:96) [testng-7.4.0.jar:7.4.0]
	at org.testng.TestNG.runSuitesSequentially(TestNG.java:1212) [testng-7.4.0.jar:7.4.0]
	at org.testng.TestNG.runSuitesLocally(TestNG.java:1134) [testng-7.4.0.jar:7.4.0]
	at org.testng.TestNG.runSuites(TestNG.java:1063) [testng-7.4.0.jar:7.4.0]
	at org.testng.TestNG.run(TestNG.java:1031) [testng-7.4.0.jar:7.4.0]
	at org.testng.remote.AbstractRemoteTestNG.run(AbstractRemoteTestNG.java:115) [testng-remote.jar:?]
	at org.testng.remote.RemoteTestNG.initAndRun(RemoteTestNG.java:293) [testng-remote.jar:?]
	at org.testng.remote.RemoteTestNG.main(RemoteTestNG.java:91) [testng-remote.jar:?]
14:27:35.196 [main] ERROR testcases.Basiccontrol - Error occurred in Column method: 
org.openqa.selenium.NoSuchElementException: no such element: Unable to locate element: {"method":"xpath","selector":"(//input[@type='number'])[1]"}
  (Session info: chrome=137.0.7151.69)
For documentation on this error, please visit: https://www.selenium.dev/documentation/webdriver/troubleshooting/errors#no-such-element-exception
Build info: version: '4.32.0', revision: 'd17c8aa950'
System info: os.name: 'Windows 10', os.arch: 'amd64', os.version: '10.0', java.version: '17.0.11'
Driver info: org.openqa.selenium.chrome.ChromeDriver
Command: [1759c0590242119e1186306bde3a7750, findElement {value=(//input[@type='number'])[1], using=xpath}]
Capabilities {acceptInsecureCerts: false, browserName: chrome, browserVersion: 137.0.7151.69, chrome: {chromedriverVersion: 137.0.7151.68 (2989ffee9373..., userDataDir: C:\Users\VSRIKA~1\AppData\L...}, fedcm:accounts: true, goog:chromeOptions: {debuggerAddress: localhost:54140}, networkConnectionEnabled: false, pageLoadStrategy: normal, platformName: windows, proxy: Proxy(), se:cdp: ws://localhost:54140/devtoo..., se:cdpVersion: 137.0.7151.69, setWindowRect: true, strictFileInteractability: false, timeouts: {implicit: 0, pageLoad: 300000, script: 30000}, unhandledPromptBehavior: dismiss and notify, webauthn:extension:credBlob: true, webauthn:extension:largeBlob: true, webauthn:extension:minPinLength: true, webauthn:extension:prf: true, webauthn:virtualAuthenticators: true}
Session ID: 1759c0590242119e1186306bde3a7750
	at jdk.internal.reflect.GeneratedConstructorAccessor23.newInstance(Unknown Source) ~[?:?]
	at java.base/jdk.internal.reflect.DelegatingConstructorAccessorImpl.newInstance(DelegatingConstructorAccessorImpl.java:45) ~[?:?]
	at java.base/java.lang.reflect.Constructor.newInstanceWithCaller(Constructor.java:499) ~[?:?]
	at java.base/java.lang.reflect.Constructor.newInstance(Constructor.java:480) ~[?:?]
	at org.openqa.selenium.remote.ErrorCodec.decode(ErrorCodec.java:167) ~[selenium-server-4.32.0.jar:?]
	at org.openqa.selenium.remote.codec.w3c.W3CHttpResponseCodec.decode(W3CHttpResponseCodec.java:138) ~[selenium-server-4.32.0.jar:?]
	at org.openqa.selenium.remote.codec.w3c.W3CHttpResponseCodec.decode(W3CHttpResponseCodec.java:50) ~[selenium-server-4.32.0.jar:?]
	at org.openqa.selenium.remote.HttpCommandExecutor.execute(HttpCommandExecutor.java:215) ~[selenium-server-4.32.0.jar:?]
	at org.openqa.selenium.remote.service.DriverCommandExecutor.invokeExecute(DriverCommandExecutor.java:216) ~[selenium-server-4.32.0.jar:?]
	at org.openqa.selenium.remote.service.DriverCommandExecutor.execute(DriverCommandExecutor.java:174) ~[selenium-server-4.32.0.jar:?]
	at org.openqa.selenium.remote.RemoteWebDriver.execute(RemoteWebDriver.java:545) ~[selenium-server-4.32.0.jar:?]
	at org.openqa.selenium.remote.ElementLocation$ElementFinder$2.findElement(ElementLocation.java:165) ~[selenium-server-4.32.0.jar:?]
	at org.openqa.selenium.remote.ElementLocation.findElement(ElementLocation.java:59) ~[selenium-server-4.32.0.jar:?]
	at org.openqa.selenium.remote.RemoteWebDriver.findElement(RemoteWebDriver.java:368) ~[selenium-server-4.32.0.jar:?]
	at org.openqa.selenium.remote.RemoteWebDriver.findElement(RemoteWebDriver.java:362) ~[selenium-server-4.32.0.jar:?]
	at testcases.Basiccontrol.Column(Basiccontrol.java:422) ~[test-classes/:?]
	at java.base/jdk.internal.reflect.NativeMethodAccessorImpl.invoke0(Native Method) ~[?:?]
	at java.base/jdk.internal.reflect.NativeMethodAccessorImpl.invoke(NativeMethodAccessorImpl.java:77) ~[?:?]
	at java.base/jdk.internal.reflect.DelegatingMethodAccessorImpl.invoke(DelegatingMethodAccessorImpl.java:43) ~[?:?]
	at java.base/java.lang.reflect.Method.invoke(Method.java:568) ~[?:?]
	at org.testng.internal.MethodInvocationHelper.invokeMethod(MethodInvocationHelper.java:133) ~[testng-7.4.0.jar:7.4.0]
	at org.testng.internal.TestInvoker.invokeMethod(TestInvoker.java:598) ~[testng-7.4.0.jar:7.4.0]
	at org.testng.internal.TestInvoker.invokeTestMethod(TestInvoker.java:173) ~[testng-7.4.0.jar:7.4.0]
	at org.testng.internal.MethodRunner.runInSequence(MethodRunner.java:46) ~[testng-7.4.0.jar:7.4.0]
	at org.testng.internal.TestInvoker$MethodInvocationAgent.invoke(TestInvoker.java:824) ~[testng-7.4.0.jar:7.4.0]
	at org.testng.internal.TestInvoker.invokeTestMethods(TestInvoker.java:146) ~[testng-7.4.0.jar:7.4.0]
	at org.testng.internal.TestMethodWorker.invokeTestMethods(TestMethodWorker.java:146) ~[testng-7.4.0.jar:7.4.0]
	at org.testng.internal.TestMethodWorker.run(TestMethodWorker.java:128) ~[testng-7.4.0.jar:7.4.0]
	at java.base/java.util.ArrayList.forEach(ArrayList.java:1511) [?:?]
	at org.testng.TestRunner.privateRun(TestRunner.java:794) [testng-7.4.0.jar:7.4.0]
	at org.testng.TestRunner.run(TestRunner.java:596) [testng-7.4.0.jar:7.4.0]
	at org.testng.SuiteRunner.runTest(SuiteRunner.java:377) [testng-7.4.0.jar:7.4.0]
	at org.testng.SuiteRunner.runSequentially(SuiteRunner.java:371) [testng-7.4.0.jar:7.4.0]
	at org.testng.SuiteRunner.privateRun(SuiteRunner.java:332) [testng-7.4.0.jar:7.4.0]
	at org.testng.SuiteRunner.run(SuiteRunner.java:276) [testng-7.4.0.jar:7.4.0]
	at org.testng.SuiteRunnerWorker.runSuite(SuiteRunnerWorker.java:53) [testng-7.4.0.jar:7.4.0]
	at org.testng.SuiteRunnerWorker.run(SuiteRunnerWorker.java:96) [testng-7.4.0.jar:7.4.0]
	at org.testng.TestNG.runSuitesSequentially(TestNG.java:1212) [testng-7.4.0.jar:7.4.0]
	at org.testng.TestNG.runSuitesLocally(TestNG.java:1134) [testng-7.4.0.jar:7.4.0]
	at org.testng.TestNG.runSuites(TestNG.java:1063) [testng-7.4.0.jar:7.4.0]
	at org.testng.TestNG.run(TestNG.java:1031) [testng-7.4.0.jar:7.4.0]
	at org.testng.remote.AbstractRemoteTestNG.run(AbstractRemoteTestNG.java:115) [testng-remote.jar:?]
	at org.testng.remote.RemoteTestNG.initAndRun(RemoteTestNG.java:293) [testng-remote.jar:?]
	at org.testng.remote.RemoteTestNG.main(RemoteTestNG.java:91) [testng-remote.jar:?]
14:27:37.450 [main] ERROR testcases.Basiccontrol - Error occurred in Row method: 
org.openqa.selenium.NoSuchElementException: no such element: Unable to locate element: {"method":"xpath","selector":"(//input[@type='number'])[2]"}
  (Session info: chrome=137.0.7151.69)
For documentation on this error, please visit: https://www.selenium.dev/documentation/webdriver/troubleshooting/errors#no-such-element-exception
Build info: version: '4.32.0', revision: 'd17c8aa950'
System info: os.name: 'Windows 10', os.arch: 'amd64', os.version: '10.0', java.version: '17.0.11'
Driver info: org.openqa.selenium.chrome.ChromeDriver
Command: [1759c0590242119e1186306bde3a7750, findElement {value=(//input[@type='number'])[2], using=xpath}]
Capabilities {acceptInsecureCerts: false, browserName: chrome, browserVersion: 137.0.7151.69, chrome: {chromedriverVersion: 137.0.7151.68 (2989ffee9373..., userDataDir: C:\Users\VSRIKA~1\AppData\L...}, fedcm:accounts: true, goog:chromeOptions: {debuggerAddress: localhost:54140}, networkConnectionEnabled: false, pageLoadStrategy: normal, platformName: windows, proxy: Proxy(), se:cdp: ws://localhost:54140/devtoo..., se:cdpVersion: 137.0.7151.69, setWindowRect: true, strictFileInteractability: false, timeouts: {implicit: 0, pageLoad: 300000, script: 30000}, unhandledPromptBehavior: dismiss and notify, webauthn:extension:credBlob: true, webauthn:extension:largeBlob: true, webauthn:extension:minPinLength: true, webauthn:extension:prf: true, webauthn:virtualAuthenticators: true}
Session ID: 1759c0590242119e1186306bde3a7750
	at jdk.internal.reflect.GeneratedConstructorAccessor23.newInstance(Unknown Source) ~[?:?]
	at java.base/jdk.internal.reflect.DelegatingConstructorAccessorImpl.newInstance(DelegatingConstructorAccessorImpl.java:45) ~[?:?]
	at java.base/java.lang.reflect.Constructor.newInstanceWithCaller(Constructor.java:499) ~[?:?]
	at java.base/java.lang.reflect.Constructor.newInstance(Constructor.java:480) ~[?:?]
	at org.openqa.selenium.remote.ErrorCodec.decode(ErrorCodec.java:167) ~[selenium-server-4.32.0.jar:?]
	at org.openqa.selenium.remote.codec.w3c.W3CHttpResponseCodec.decode(W3CHttpResponseCodec.java:138) ~[selenium-server-4.32.0.jar:?]
	at org.openqa.selenium.remote.codec.w3c.W3CHttpResponseCodec.decode(W3CHttpResponseCodec.java:50) ~[selenium-server-4.32.0.jar:?]
	at org.openqa.selenium.remote.HttpCommandExecutor.execute(HttpCommandExecutor.java:215) ~[selenium-server-4.32.0.jar:?]
	at org.openqa.selenium.remote.service.DriverCommandExecutor.invokeExecute(DriverCommandExecutor.java:216) ~[selenium-server-4.32.0.jar:?]
	at org.openqa.selenium.remote.service.DriverCommandExecutor.execute(DriverCommandExecutor.java:174) ~[selenium-server-4.32.0.jar:?]
	at org.openqa.selenium.remote.RemoteWebDriver.execute(RemoteWebDriver.java:545) ~[selenium-server-4.32.0.jar:?]
	at org.openqa.selenium.remote.ElementLocation$ElementFinder$2.findElement(ElementLocation.java:165) ~[selenium-server-4.32.0.jar:?]
	at org.openqa.selenium.remote.ElementLocation.findElement(ElementLocation.java:59) ~[selenium-server-4.32.0.jar:?]
	at org.openqa.selenium.remote.RemoteWebDriver.findElement(RemoteWebDriver.java:368) ~[selenium-server-4.32.0.jar:?]
	at org.openqa.selenium.remote.RemoteWebDriver.findElement(RemoteWebDriver.java:362) ~[selenium-server-4.32.0.jar:?]
	at testcases.Basiccontrol.Row(Basiccontrol.java:431) ~[test-classes/:?]
	at java.base/jdk.internal.reflect.NativeMethodAccessorImpl.invoke0(Native Method) ~[?:?]
	at java.base/jdk.internal.reflect.NativeMethodAccessorImpl.invoke(NativeMethodAccessorImpl.java:77) ~[?:?]
	at java.base/jdk.internal.reflect.DelegatingMethodAccessorImpl.invoke(DelegatingMethodAccessorImpl.java:43) ~[?:?]
	at java.base/java.lang.reflect.Method.invoke(Method.java:568) ~[?:?]
	at org.testng.internal.MethodInvocationHelper.invokeMethod(MethodInvocationHelper.java:133) ~[testng-7.4.0.jar:7.4.0]
	at org.testng.internal.TestInvoker.invokeMethod(TestInvoker.java:598) ~[testng-7.4.0.jar:7.4.0]
	at org.testng.internal.TestInvoker.invokeTestMethod(TestInvoker.java:173) ~[testng-7.4.0.jar:7.4.0]
	at org.testng.internal.MethodRunner.runInSequence(MethodRunner.java:46) ~[testng-7.4.0.jar:7.4.0]
	at org.testng.internal.TestInvoker$MethodInvocationAgent.invoke(TestInvoker.java:824) ~[testng-7.4.0.jar:7.4.0]
	at org.testng.internal.TestInvoker.invokeTestMethods(TestInvoker.java:146) ~[testng-7.4.0.jar:7.4.0]
	at org.testng.internal.TestMethodWorker.invokeTestMethods(TestMethodWorker.java:146) ~[testng-7.4.0.jar:7.4.0]
	at org.testng.internal.TestMethodWorker.run(TestMethodWorker.java:128) ~[testng-7.4.0.jar:7.4.0]
	at java.base/java.util.ArrayList.forEach(ArrayList.java:1511) [?:?]
	at org.testng.TestRunner.privateRun(TestRunner.java:794) [testng-7.4.0.jar:7.4.0]
	at org.testng.TestRunner.run(TestRunner.java:596) [testng-7.4.0.jar:7.4.0]
	at org.testng.SuiteRunner.runTest(SuiteRunner.java:377) [testng-7.4.0.jar:7.4.0]
	at org.testng.SuiteRunner.runSequentially(SuiteRunner.java:371) [testng-7.4.0.jar:7.4.0]
	at org.testng.SuiteRunner.privateRun(SuiteRunner.java:332) [testng-7.4.0.jar:7.4.0]
	at org.testng.SuiteRunner.run(SuiteRunner.java:276) [testng-7.4.0.jar:7.4.0]
	at org.testng.SuiteRunnerWorker.runSuite(SuiteRunnerWorker.java:53) [testng-7.4.0.jar:7.4.0]
	at org.testng.SuiteRunnerWorker.run(SuiteRunnerWorker.java:96) [testng-7.4.0.jar:7.4.0]
	at org.testng.TestNG.runSuitesSequentially(TestNG.java:1212) [testng-7.4.0.jar:7.4.0]
	at org.testng.TestNG.runSuitesLocally(TestNG.java:1134) [testng-7.4.0.jar:7.4.0]
	at org.testng.TestNG.runSuites(TestNG.java:1063) [testng-7.4.0.jar:7.4.0]
	at org.testng.TestNG.run(TestNG.java:1031) [testng-7.4.0.jar:7.4.0]
	at org.testng.remote.AbstractRemoteTestNG.run(AbstractRemoteTestNG.java:115) [testng-remote.jar:?]
	at org.testng.remote.RemoteTestNG.initAndRun(RemoteTestNG.java:293) [testng-remote.jar:?]
	at org.testng.remote.RemoteTestNG.main(RemoteTestNG.java:91) [testng-remote.jar:?]
14:27:39.709 [main] ERROR testcases.Basiccontrol - Error occurred in Ok method: 
org.openqa.selenium.NoSuchElementException: no such element: Unable to locate element: {"method":"xpath","selector":"(//button[@class='borderenable btn btn-sm button-border ng-star-inserted'])[1]"}
  (Session info: chrome=137.0.7151.69)
For documentation on this error, please visit: https://www.selenium.dev/documentation/webdriver/troubleshooting/errors#no-such-element-exception
Build info: version: '4.32.0', revision: 'd17c8aa950'
System info: os.name: 'Windows 10', os.arch: 'amd64', os.version: '10.0', java.version: '17.0.11'
Driver info: org.openqa.selenium.chrome.ChromeDriver
Command: [1759c0590242119e1186306bde3a7750, findElement {value=(//button[@class='borderenable btn btn-sm button-border ng-star-inserted'])[1], using=xpath}]
Capabilities {acceptInsecureCerts: false, browserName: chrome, browserVersion: 137.0.7151.69, chrome: {chromedriverVersion: 137.0.7151.68 (2989ffee9373..., userDataDir: C:\Users\VSRIKA~1\AppData\L...}, fedcm:accounts: true, goog:chromeOptions: {debuggerAddress: localhost:54140}, networkConnectionEnabled: false, pageLoadStrategy: normal, platformName: windows, proxy: Proxy(), se:cdp: ws://localhost:54140/devtoo..., se:cdpVersion: 137.0.7151.69, setWindowRect: true, strictFileInteractability: false, timeouts: {implicit: 0, pageLoad: 300000, script: 30000}, unhandledPromptBehavior: dismiss and notify, webauthn:extension:credBlob: true, webauthn:extension:largeBlob: true, webauthn:extension:minPinLength: true, webauthn:extension:prf: true, webauthn:virtualAuthenticators: true}
Session ID: 1759c0590242119e1186306bde3a7750
	at jdk.internal.reflect.GeneratedConstructorAccessor23.newInstance(Unknown Source) ~[?:?]
	at java.base/jdk.internal.reflect.DelegatingConstructorAccessorImpl.newInstance(DelegatingConstructorAccessorImpl.java:45) ~[?:?]
	at java.base/java.lang.reflect.Constructor.newInstanceWithCaller(Constructor.java:499) ~[?:?]
	at java.base/java.lang.reflect.Constructor.newInstance(Constructor.java:480) ~[?:?]
	at org.openqa.selenium.remote.ErrorCodec.decode(ErrorCodec.java:167) ~[selenium-server-4.32.0.jar:?]
	at org.openqa.selenium.remote.codec.w3c.W3CHttpResponseCodec.decode(W3CHttpResponseCodec.java:138) ~[selenium-server-4.32.0.jar:?]
	at org.openqa.selenium.remote.codec.w3c.W3CHttpResponseCodec.decode(W3CHttpResponseCodec.java:50) ~[selenium-server-4.32.0.jar:?]
	at org.openqa.selenium.remote.HttpCommandExecutor.execute(HttpCommandExecutor.java:215) ~[selenium-server-4.32.0.jar:?]
	at org.openqa.selenium.remote.service.DriverCommandExecutor.invokeExecute(DriverCommandExecutor.java:216) ~[selenium-server-4.32.0.jar:?]
	at org.openqa.selenium.remote.service.DriverCommandExecutor.execute(DriverCommandExecutor.java:174) ~[selenium-server-4.32.0.jar:?]
	at org.openqa.selenium.remote.RemoteWebDriver.execute(RemoteWebDriver.java:545) ~[selenium-server-4.32.0.jar:?]
	at org.openqa.selenium.remote.ElementLocation$ElementFinder$2.findElement(ElementLocation.java:165) ~[selenium-server-4.32.0.jar:?]
	at org.openqa.selenium.remote.ElementLocation.findElement(ElementLocation.java:59) ~[selenium-server-4.32.0.jar:?]
	at org.openqa.selenium.remote.RemoteWebDriver.findElement(RemoteWebDriver.java:368) ~[selenium-server-4.32.0.jar:?]
	at org.openqa.selenium.remote.RemoteWebDriver.findElement(RemoteWebDriver.java:362) ~[selenium-server-4.32.0.jar:?]
	at testcases.Basiccontrol.Ok(Basiccontrol.java:440) ~[test-classes/:?]
	at java.base/jdk.internal.reflect.NativeMethodAccessorImpl.invoke0(Native Method) ~[?:?]
	at java.base/jdk.internal.reflect.NativeMethodAccessorImpl.invoke(NativeMethodAccessorImpl.java:77) ~[?:?]
	at java.base/jdk.internal.reflect.DelegatingMethodAccessorImpl.invoke(DelegatingMethodAccessorImpl.java:43) ~[?:?]
	at java.base/java.lang.reflect.Method.invoke(Method.java:568) ~[?:?]
	at org.testng.internal.MethodInvocationHelper.invokeMethod(MethodInvocationHelper.java:133) ~[testng-7.4.0.jar:7.4.0]
	at org.testng.internal.TestInvoker.invokeMethod(TestInvoker.java:598) ~[testng-7.4.0.jar:7.4.0]
	at org.testng.internal.TestInvoker.invokeTestMethod(TestInvoker.java:173) ~[testng-7.4.0.jar:7.4.0]
	at org.testng.internal.MethodRunner.runInSequence(MethodRunner.java:46) ~[testng-7.4.0.jar:7.4.0]
	at org.testng.internal.TestInvoker$MethodInvocationAgent.invoke(TestInvoker.java:824) ~[testng-7.4.0.jar:7.4.0]
	at org.testng.internal.TestInvoker.invokeTestMethods(TestInvoker.java:146) ~[testng-7.4.0.jar:7.4.0]
	at org.testng.internal.TestMethodWorker.invokeTestMethods(TestMethodWorker.java:146) ~[testng-7.4.0.jar:7.4.0]
	at org.testng.internal.TestMethodWorker.run(TestMethodWorker.java:128) ~[testng-7.4.0.jar:7.4.0]
	at java.base/java.util.ArrayList.forEach(ArrayList.java:1511) [?:?]
	at org.testng.TestRunner.privateRun(TestRunner.java:794) [testng-7.4.0.jar:7.4.0]
	at org.testng.TestRunner.run(TestRunner.java:596) [testng-7.4.0.jar:7.4.0]
	at org.testng.SuiteRunner.runTest(SuiteRunner.java:377) [testng-7.4.0.jar:7.4.0]
	at org.testng.SuiteRunner.runSequentially(SuiteRunner.java:371) [testng-7.4.0.jar:7.4.0]
	at org.testng.SuiteRunner.privateRun(SuiteRunner.java:332) [testng-7.4.0.jar:7.4.0]
	at org.testng.SuiteRunner.run(SuiteRunner.java:276) [testng-7.4.0.jar:7.4.0]
	at org.testng.SuiteRunnerWorker.runSuite(SuiteRunnerWorker.java:53) [testng-7.4.0.jar:7.4.0]
	at org.testng.SuiteRunnerWorker.run(SuiteRunnerWorker.java:96) [testng-7.4.0.jar:7.4.0]
	at org.testng.TestNG.runSuitesSequentially(TestNG.java:1212) [testng-7.4.0.jar:7.4.0]
	at org.testng.TestNG.runSuitesLocally(TestNG.java:1134) [testng-7.4.0.jar:7.4.0]
	at org.testng.TestNG.runSuites(TestNG.java:1063) [testng-7.4.0.jar:7.4.0]
	at org.testng.TestNG.run(TestNG.java:1031) [testng-7.4.0.jar:7.4.0]
	at org.testng.remote.AbstractRemoteTestNG.run(AbstractRemoteTestNG.java:115) [testng-remote.jar:?]
	at org.testng.remote.RemoteTestNG.initAndRun(RemoteTestNG.java:293) [testng-remote.jar:?]
	at org.testng.remote.RemoteTestNG.main(RemoteTestNG.java:91) [testng-remote.jar:?]
14:27:41.971 [main] ERROR testcases.Basiccontrol - Error occurred in Columnbutton method: 
org.openqa.selenium.NoSuchElementException: no such element: Unable to locate element: {"method":"xpath","selector":"(//a[@class='nav-link'])"}
  (Session info: chrome=137.0.7151.69)
For documentation on this error, please visit: https://www.selenium.dev/documentation/webdriver/troubleshooting/errors#no-such-element-exception
Build info: version: '4.32.0', revision: 'd17c8aa950'
System info: os.name: 'Windows 10', os.arch: 'amd64', os.version: '10.0', java.version: '17.0.11'
Driver info: org.openqa.selenium.chrome.ChromeDriver
Command: [1759c0590242119e1186306bde3a7750, findElement {value=(//a[@class='nav-link']), using=xpath}]
Capabilities {acceptInsecureCerts: false, browserName: chrome, browserVersion: 137.0.7151.69, chrome: {chromedriverVersion: 137.0.7151.68 (2989ffee9373..., userDataDir: C:\Users\VSRIKA~1\AppData\L...}, fedcm:accounts: true, goog:chromeOptions: {debuggerAddress: localhost:54140}, networkConnectionEnabled: false, pageLoadStrategy: normal, platformName: windows, proxy: Proxy(), se:cdp: ws://localhost:54140/devtoo..., se:cdpVersion: 137.0.7151.69, setWindowRect: true, strictFileInteractability: false, timeouts: {implicit: 0, pageLoad: 300000, script: 30000}, unhandledPromptBehavior: dismiss and notify, webauthn:extension:credBlob: true, webauthn:extension:largeBlob: true, webauthn:extension:minPinLength: true, webauthn:extension:prf: true, webauthn:virtualAuthenticators: true}
Session ID: 1759c0590242119e1186306bde3a7750
	at jdk.internal.reflect.GeneratedConstructorAccessor23.newInstance(Unknown Source) ~[?:?]
	at java.base/jdk.internal.reflect.DelegatingConstructorAccessorImpl.newInstance(DelegatingConstructorAccessorImpl.java:45) ~[?:?]
	at java.base/java.lang.reflect.Constructor.newInstanceWithCaller(Constructor.java:499) ~[?:?]
	at java.base/java.lang.reflect.Constructor.newInstance(Constructor.java:480) ~[?:?]
	at org.openqa.selenium.remote.ErrorCodec.decode(ErrorCodec.java:167) ~[selenium-server-4.32.0.jar:?]
	at org.openqa.selenium.remote.codec.w3c.W3CHttpResponseCodec.decode(W3CHttpResponseCodec.java:138) ~[selenium-server-4.32.0.jar:?]
	at org.openqa.selenium.remote.codec.w3c.W3CHttpResponseCodec.decode(W3CHttpResponseCodec.java:50) ~[selenium-server-4.32.0.jar:?]
	at org.openqa.selenium.remote.HttpCommandExecutor.execute(HttpCommandExecutor.java:215) ~[selenium-server-4.32.0.jar:?]
	at org.openqa.selenium.remote.service.DriverCommandExecutor.invokeExecute(DriverCommandExecutor.java:216) ~[selenium-server-4.32.0.jar:?]
	at org.openqa.selenium.remote.service.DriverCommandExecutor.execute(DriverCommandExecutor.java:174) ~[selenium-server-4.32.0.jar:?]
	at org.openqa.selenium.remote.RemoteWebDriver.execute(RemoteWebDriver.java:545) ~[selenium-server-4.32.0.jar:?]
	at org.openqa.selenium.remote.ElementLocation$ElementFinder$2.findElement(ElementLocation.java:165) ~[selenium-server-4.32.0.jar:?]
	at org.openqa.selenium.remote.ElementLocation.findElement(ElementLocation.java:59) ~[selenium-server-4.32.0.jar:?]
	at org.openqa.selenium.remote.RemoteWebDriver.findElement(RemoteWebDriver.java:368) ~[selenium-server-4.32.0.jar:?]
	at org.openqa.selenium.remote.RemoteWebDriver.findElement(RemoteWebDriver.java:362) ~[selenium-server-4.32.0.jar:?]
	at testcases.Basiccontrol.Columnbutton(Basiccontrol.java:447) ~[test-classes/:?]
	at java.base/jdk.internal.reflect.NativeMethodAccessorImpl.invoke0(Native Method) ~[?:?]
	at java.base/jdk.internal.reflect.NativeMethodAccessorImpl.invoke(NativeMethodAccessorImpl.java:77) ~[?:?]
	at java.base/jdk.internal.reflect.DelegatingMethodAccessorImpl.invoke(DelegatingMethodAccessorImpl.java:43) ~[?:?]
	at java.base/java.lang.reflect.Method.invoke(Method.java:568) ~[?:?]
	at org.testng.internal.MethodInvocationHelper.invokeMethod(MethodInvocationHelper.java:133) ~[testng-7.4.0.jar:7.4.0]
	at org.testng.internal.TestInvoker.invokeMethod(TestInvoker.java:598) ~[testng-7.4.0.jar:7.4.0]
	at org.testng.internal.TestInvoker.invokeTestMethod(TestInvoker.java:173) ~[testng-7.4.0.jar:7.4.0]
	at org.testng.internal.MethodRunner.runInSequence(MethodRunner.java:46) ~[testng-7.4.0.jar:7.4.0]
	at org.testng.internal.TestInvoker$MethodInvocationAgent.invoke(TestInvoker.java:824) ~[testng-7.4.0.jar:7.4.0]
	at org.testng.internal.TestInvoker.invokeTestMethods(TestInvoker.java:146) ~[testng-7.4.0.jar:7.4.0]
	at org.testng.internal.TestMethodWorker.invokeTestMethods(TestMethodWorker.java:146) ~[testng-7.4.0.jar:7.4.0]
	at org.testng.internal.TestMethodWorker.run(TestMethodWorker.java:128) ~[testng-7.4.0.jar:7.4.0]
	at java.base/java.util.ArrayList.forEach(ArrayList.java:1511) [?:?]
	at org.testng.TestRunner.privateRun(TestRunner.java:794) [testng-7.4.0.jar:7.4.0]
	at org.testng.TestRunner.run(TestRunner.java:596) [testng-7.4.0.jar:7.4.0]
	at org.testng.SuiteRunner.runTest(SuiteRunner.java:377) [testng-7.4.0.jar:7.4.0]
	at org.testng.SuiteRunner.runSequentially(SuiteRunner.java:371) [testng-7.4.0.jar:7.4.0]
	at org.testng.SuiteRunner.privateRun(SuiteRunner.java:332) [testng-7.4.0.jar:7.4.0]
	at org.testng.SuiteRunner.run(SuiteRunner.java:276) [testng-7.4.0.jar:7.4.0]
	at org.testng.SuiteRunnerWorker.runSuite(SuiteRunnerWorker.java:53) [testng-7.4.0.jar:7.4.0]
	at org.testng.SuiteRunnerWorker.run(SuiteRunnerWorker.java:96) [testng-7.4.0.jar:7.4.0]
	at org.testng.TestNG.runSuitesSequentially(TestNG.java:1212) [testng-7.4.0.jar:7.4.0]
	at org.testng.TestNG.runSuitesLocally(TestNG.java:1134) [testng-7.4.0.jar:7.4.0]
	at org.testng.TestNG.runSuites(TestNG.java:1063) [testng-7.4.0.jar:7.4.0]
	at org.testng.TestNG.run(TestNG.java:1031) [testng-7.4.0.jar:7.4.0]
	at org.testng.remote.AbstractRemoteTestNG.run(AbstractRemoteTestNG.java:115) [testng-remote.jar:?]
	at org.testng.remote.RemoteTestNG.initAndRun(RemoteTestNG.java:293) [testng-remote.jar:?]
	at org.testng.remote.RemoteTestNG.main(RemoteTestNG.java:91) [testng-remote.jar:?]
14:27:44.218 [main] ERROR testcases.Basiccontrol - Error occurred in Datatypedropdown method: 
org.openqa.selenium.NoSuchElementException: no such element: Unable to locate element: {"method":"xpath","selector":"//select[contains(@class,'form-control ng-untouched ng-pristine ng-valid')]"}
  (Session info: chrome=137.0.7151.69)
For documentation on this error, please visit: https://www.selenium.dev/documentation/webdriver/troubleshooting/errors#no-such-element-exception
Build info: version: '4.32.0', revision: 'd17c8aa950'
System info: os.name: 'Windows 10', os.arch: 'amd64', os.version: '10.0', java.version: '17.0.11'
Driver info: org.openqa.selenium.chrome.ChromeDriver
Command: [1759c0590242119e1186306bde3a7750, findElement {value=//select[contains(@class,'form-control ng-untouched ng-pristine ng-valid')], using=xpath}]
Capabilities {acceptInsecureCerts: false, browserName: chrome, browserVersion: 137.0.7151.69, chrome: {chromedriverVersion: 137.0.7151.68 (2989ffee9373..., userDataDir: C:\Users\VSRIKA~1\AppData\L...}, fedcm:accounts: true, goog:chromeOptions: {debuggerAddress: localhost:54140}, networkConnectionEnabled: false, pageLoadStrategy: normal, platformName: windows, proxy: Proxy(), se:cdp: ws://localhost:54140/devtoo..., se:cdpVersion: 137.0.7151.69, setWindowRect: true, strictFileInteractability: false, timeouts: {implicit: 0, pageLoad: 300000, script: 30000}, unhandledPromptBehavior: dismiss and notify, webauthn:extension:credBlob: true, webauthn:extension:largeBlob: true, webauthn:extension:minPinLength: true, webauthn:extension:prf: true, webauthn:virtualAuthenticators: true}
Session ID: 1759c0590242119e1186306bde3a7750
	at jdk.internal.reflect.GeneratedConstructorAccessor23.newInstance(Unknown Source) ~[?:?]
	at java.base/jdk.internal.reflect.DelegatingConstructorAccessorImpl.newInstance(DelegatingConstructorAccessorImpl.java:45) ~[?:?]
	at java.base/java.lang.reflect.Constructor.newInstanceWithCaller(Constructor.java:499) ~[?:?]
	at java.base/java.lang.reflect.Constructor.newInstance(Constructor.java:480) ~[?:?]
	at org.openqa.selenium.remote.ErrorCodec.decode(ErrorCodec.java:167) ~[selenium-server-4.32.0.jar:?]
	at org.openqa.selenium.remote.codec.w3c.W3CHttpResponseCodec.decode(W3CHttpResponseCodec.java:138) ~[selenium-server-4.32.0.jar:?]
	at org.openqa.selenium.remote.codec.w3c.W3CHttpResponseCodec.decode(W3CHttpResponseCodec.java:50) ~[selenium-server-4.32.0.jar:?]
	at org.openqa.selenium.remote.HttpCommandExecutor.execute(HttpCommandExecutor.java:215) ~[selenium-server-4.32.0.jar:?]
	at org.openqa.selenium.remote.service.DriverCommandExecutor.invokeExecute(DriverCommandExecutor.java:216) ~[selenium-server-4.32.0.jar:?]
	at org.openqa.selenium.remote.service.DriverCommandExecutor.execute(DriverCommandExecutor.java:174) ~[selenium-server-4.32.0.jar:?]
	at org.openqa.selenium.remote.RemoteWebDriver.execute(RemoteWebDriver.java:545) ~[selenium-server-4.32.0.jar:?]
	at org.openqa.selenium.remote.ElementLocation$ElementFinder$2.findElement(ElementLocation.java:165) ~[selenium-server-4.32.0.jar:?]
	at org.openqa.selenium.remote.ElementLocation.findElement(ElementLocation.java:59) ~[selenium-server-4.32.0.jar:?]
	at org.openqa.selenium.remote.RemoteWebDriver.findElement(RemoteWebDriver.java:368) ~[selenium-server-4.32.0.jar:?]
	at org.openqa.selenium.remote.RemoteWebDriver.findElement(RemoteWebDriver.java:362) ~[selenium-server-4.32.0.jar:?]
	at testcases.Basiccontrol.Datatypedropdown(Basiccontrol.java:454) ~[test-classes/:?]
	at java.base/jdk.internal.reflect.NativeMethodAccessorImpl.invoke0(Native Method) ~[?:?]
	at java.base/jdk.internal.reflect.NativeMethodAccessorImpl.invoke(NativeMethodAccessorImpl.java:77) ~[?:?]
	at java.base/jdk.internal.reflect.DelegatingMethodAccessorImpl.invoke(DelegatingMethodAccessorImpl.java:43) ~[?:?]
	at java.base/java.lang.reflect.Method.invoke(Method.java:568) ~[?:?]
	at org.testng.internal.MethodInvocationHelper.invokeMethod(MethodInvocationHelper.java:133) ~[testng-7.4.0.jar:7.4.0]
	at org.testng.internal.TestInvoker.invokeMethod(TestInvoker.java:598) ~[testng-7.4.0.jar:7.4.0]
	at org.testng.internal.TestInvoker.invokeTestMethod(TestInvoker.java:173) ~[testng-7.4.0.jar:7.4.0]
	at org.testng.internal.MethodRunner.runInSequence(MethodRunner.java:46) ~[testng-7.4.0.jar:7.4.0]
	at org.testng.internal.TestInvoker$MethodInvocationAgent.invoke(TestInvoker.java:824) ~[testng-7.4.0.jar:7.4.0]
	at org.testng.internal.TestInvoker.invokeTestMethods(TestInvoker.java:146) ~[testng-7.4.0.jar:7.4.0]
	at org.testng.internal.TestMethodWorker.invokeTestMethods(TestMethodWorker.java:146) ~[testng-7.4.0.jar:7.4.0]
	at org.testng.internal.TestMethodWorker.run(TestMethodWorker.java:128) ~[testng-7.4.0.jar:7.4.0]
	at java.base/java.util.ArrayList.forEach(ArrayList.java:1511) [?:?]
	at org.testng.TestRunner.privateRun(TestRunner.java:794) [testng-7.4.0.jar:7.4.0]
	at org.testng.TestRunner.run(TestRunner.java:596) [testng-7.4.0.jar:7.4.0]
	at org.testng.SuiteRunner.runTest(SuiteRunner.java:377) [testng-7.4.0.jar:7.4.0]
	at org.testng.SuiteRunner.runSequentially(SuiteRunner.java:371) [testng-7.4.0.jar:7.4.0]
	at org.testng.SuiteRunner.privateRun(SuiteRunner.java:332) [testng-7.4.0.jar:7.4.0]
	at org.testng.SuiteRunner.run(SuiteRunner.java:276) [testng-7.4.0.jar:7.4.0]
	at org.testng.SuiteRunnerWorker.runSuite(SuiteRunnerWorker.java:53) [testng-7.4.0.jar:7.4.0]
	at org.testng.SuiteRunnerWorker.run(SuiteRunnerWorker.java:96) [testng-7.4.0.jar:7.4.0]
	at org.testng.TestNG.runSuitesSequentially(TestNG.java:1212) [testng-7.4.0.jar:7.4.0]
	at org.testng.TestNG.runSuitesLocally(TestNG.java:1134) [testng-7.4.0.jar:7.4.0]
	at org.testng.TestNG.runSuites(TestNG.java:1063) [testng-7.4.0.jar:7.4.0]
	at org.testng.TestNG.run(TestNG.java:1031) [testng-7.4.0.jar:7.4.0]
	at org.testng.remote.AbstractRemoteTestNG.run(AbstractRemoteTestNG.java:115) [testng-remote.jar:?]
	at org.testng.remote.RemoteTestNG.initAndRun(RemoteTestNG.java:293) [testng-remote.jar:?]
	at org.testng.remote.RemoteTestNG.main(RemoteTestNG.java:91) [testng-remote.jar:?]
14:27:46.452 [main] ERROR testcases.Basiccontrol - Error occurred in Textdataentry method: 
org.openqa.selenium.NoSuchElementException: no such element: Unable to locate element: {"method":"xpath","selector":"//select[contains(@class,'form-control ng-untouched ng-pristine ng-valid')]"}
  (Session info: chrome=137.0.7151.69)
For documentation on this error, please visit: https://www.selenium.dev/documentation/webdriver/troubleshooting/errors#no-such-element-exception
Build info: version: '4.32.0', revision: 'd17c8aa950'
System info: os.name: 'Windows 10', os.arch: 'amd64', os.version: '10.0', java.version: '17.0.11'
Driver info: org.openqa.selenium.chrome.ChromeDriver
Command: [1759c0590242119e1186306bde3a7750, findElement {value=//select[contains(@class,'form-control ng-untouched ng-pristine ng-valid')], using=xpath}]
Capabilities {acceptInsecureCerts: false, browserName: chrome, browserVersion: 137.0.7151.69, chrome: {chromedriverVersion: 137.0.7151.68 (2989ffee9373..., userDataDir: C:\Users\VSRIKA~1\AppData\L...}, fedcm:accounts: true, goog:chromeOptions: {debuggerAddress: localhost:54140}, networkConnectionEnabled: false, pageLoadStrategy: normal, platformName: windows, proxy: Proxy(), se:cdp: ws://localhost:54140/devtoo..., se:cdpVersion: 137.0.7151.69, setWindowRect: true, strictFileInteractability: false, timeouts: {implicit: 0, pageLoad: 300000, script: 30000}, unhandledPromptBehavior: dismiss and notify, webauthn:extension:credBlob: true, webauthn:extension:largeBlob: true, webauthn:extension:minPinLength: true, webauthn:extension:prf: true, webauthn:virtualAuthenticators: true}
Session ID: 1759c0590242119e1186306bde3a7750
	at jdk.internal.reflect.GeneratedConstructorAccessor23.newInstance(Unknown Source) ~[?:?]
	at java.base/jdk.internal.reflect.DelegatingConstructorAccessorImpl.newInstance(DelegatingConstructorAccessorImpl.java:45) ~[?:?]
	at java.base/java.lang.reflect.Constructor.newInstanceWithCaller(Constructor.java:499) ~[?:?]
	at java.base/java.lang.reflect.Constructor.newInstance(Constructor.java:480) ~[?:?]
	at org.openqa.selenium.remote.ErrorCodec.decode(ErrorCodec.java:167) ~[selenium-server-4.32.0.jar:?]
	at org.openqa.selenium.remote.codec.w3c.W3CHttpResponseCodec.decode(W3CHttpResponseCodec.java:138) ~[selenium-server-4.32.0.jar:?]
	at org.openqa.selenium.remote.codec.w3c.W3CHttpResponseCodec.decode(W3CHttpResponseCodec.java:50) ~[selenium-server-4.32.0.jar:?]
	at org.openqa.selenium.remote.HttpCommandExecutor.execute(HttpCommandExecutor.java:215) ~[selenium-server-4.32.0.jar:?]
	at org.openqa.selenium.remote.service.DriverCommandExecutor.invokeExecute(DriverCommandExecutor.java:216) ~[selenium-server-4.32.0.jar:?]
	at org.openqa.selenium.remote.service.DriverCommandExecutor.execute(DriverCommandExecutor.java:174) ~[selenium-server-4.32.0.jar:?]
	at org.openqa.selenium.remote.RemoteWebDriver.execute(RemoteWebDriver.java:545) ~[selenium-server-4.32.0.jar:?]
	at org.openqa.selenium.remote.ElementLocation$ElementFinder$2.findElement(ElementLocation.java:165) ~[selenium-server-4.32.0.jar:?]
	at org.openqa.selenium.remote.ElementLocation.findElement(ElementLocation.java:59) ~[selenium-server-4.32.0.jar:?]
	at org.openqa.selenium.remote.RemoteWebDriver.findElement(RemoteWebDriver.java:368) ~[selenium-server-4.32.0.jar:?]
	at org.openqa.selenium.remote.RemoteWebDriver.findElement(RemoteWebDriver.java:362) ~[selenium-server-4.32.0.jar:?]
	at testcases.Basiccontrol.Textdataentry(Basiccontrol.java:461) ~[test-classes/:?]
	at java.base/jdk.internal.reflect.NativeMethodAccessorImpl.invoke0(Native Method) ~[?:?]
	at java.base/jdk.internal.reflect.NativeMethodAccessorImpl.invoke(NativeMethodAccessorImpl.java:77) ~[?:?]
	at java.base/jdk.internal.reflect.DelegatingMethodAccessorImpl.invoke(DelegatingMethodAccessorImpl.java:43) ~[?:?]
	at java.base/java.lang.reflect.Method.invoke(Method.java:568) ~[?:?]
	at org.testng.internal.MethodInvocationHelper.invokeMethod(MethodInvocationHelper.java:133) ~[testng-7.4.0.jar:7.4.0]
	at org.testng.internal.TestInvoker.invokeMethod(TestInvoker.java:598) ~[testng-7.4.0.jar:7.4.0]
	at org.testng.internal.TestInvoker.invokeTestMethod(TestInvoker.java:173) ~[testng-7.4.0.jar:7.4.0]
	at org.testng.internal.MethodRunner.runInSequence(MethodRunner.java:46) ~[testng-7.4.0.jar:7.4.0]
	at org.testng.internal.TestInvoker$MethodInvocationAgent.invoke(TestInvoker.java:824) ~[testng-7.4.0.jar:7.4.0]
	at org.testng.internal.TestInvoker.invokeTestMethods(TestInvoker.java:146) ~[testng-7.4.0.jar:7.4.0]
	at org.testng.internal.TestMethodWorker.invokeTestMethods(TestMethodWorker.java:146) ~[testng-7.4.0.jar:7.4.0]
	at org.testng.internal.TestMethodWorker.run(TestMethodWorker.java:128) ~[testng-7.4.0.jar:7.4.0]
	at java.base/java.util.ArrayList.forEach(ArrayList.java:1511) [?:?]
	at org.testng.TestRunner.privateRun(TestRunner.java:794) [testng-7.4.0.jar:7.4.0]
	at org.testng.TestRunner.run(TestRunner.java:596) [testng-7.4.0.jar:7.4.0]
	at org.testng.SuiteRunner.runTest(SuiteRunner.java:377) [testng-7.4.0.jar:7.4.0]
	at org.testng.SuiteRunner.runSequentially(SuiteRunner.java:371) [testng-7.4.0.jar:7.4.0]
	at org.testng.SuiteRunner.privateRun(SuiteRunner.java:332) [testng-7.4.0.jar:7.4.0]
	at org.testng.SuiteRunner.run(SuiteRunner.java:276) [testng-7.4.0.jar:7.4.0]
	at org.testng.SuiteRunnerWorker.runSuite(SuiteRunnerWorker.java:53) [testng-7.4.0.jar:7.4.0]
	at org.testng.SuiteRunnerWorker.run(SuiteRunnerWorker.java:96) [testng-7.4.0.jar:7.4.0]
	at org.testng.TestNG.runSuitesSequentially(TestNG.java:1212) [testng-7.4.0.jar:7.4.0]
	at org.testng.TestNG.runSuitesLocally(TestNG.java:1134) [testng-7.4.0.jar:7.4.0]
	at org.testng.TestNG.runSuites(TestNG.java:1063) [testng-7.4.0.jar:7.4.0]
	at org.testng.TestNG.run(TestNG.java:1031) [testng-7.4.0.jar:7.4.0]
	at org.testng.remote.AbstractRemoteTestNG.run(AbstractRemoteTestNG.java:115) [testng-remote.jar:?]
	at org.testng.remote.RemoteTestNG.initAndRun(RemoteTestNG.java:293) [testng-remote.jar:?]
	at org.testng.remote.RemoteTestNG.main(RemoteTestNG.java:91) [testng-remote.jar:?]
14:28:00.939 [main] ERROR testcases.Basiccontrol - Error occurred in Datatypedropdown1 method: 
org.openqa.selenium.NoSuchElementException: no such element: Unable to locate element: {"method":"xpath","selector":"//select[contains(@class,'form-control ng-untouched ng-pristine ng-valid')]"}
  (Session info: chrome=137.0.7151.69)
For documentation on this error, please visit: https://www.selenium.dev/documentation/webdriver/troubleshooting/errors#no-such-element-exception
Build info: version: '4.32.0', revision: 'd17c8aa950'
System info: os.name: 'Windows 10', os.arch: 'amd64', os.version: '10.0', java.version: '17.0.11'
Driver info: org.openqa.selenium.chrome.ChromeDriver
Command: [1759c0590242119e1186306bde3a7750, findElement {value=//select[contains(@class,'form-control ng-untouched ng-pristine ng-valid')], using=xpath}]
Capabilities {acceptInsecureCerts: false, browserName: chrome, browserVersion: 137.0.7151.69, chrome: {chromedriverVersion: 137.0.7151.68 (2989ffee9373..., userDataDir: C:\Users\VSRIKA~1\AppData\L...}, fedcm:accounts: true, goog:chromeOptions: {debuggerAddress: localhost:54140}, networkConnectionEnabled: false, pageLoadStrategy: normal, platformName: windows, proxy: Proxy(), se:cdp: ws://localhost:54140/devtoo..., se:cdpVersion: 137.0.7151.69, setWindowRect: true, strictFileInteractability: false, timeouts: {implicit: 0, pageLoad: 300000, script: 30000}, unhandledPromptBehavior: dismiss and notify, webauthn:extension:credBlob: true, webauthn:extension:largeBlob: true, webauthn:extension:minPinLength: true, webauthn:extension:prf: true, webauthn:virtualAuthenticators: true}
Session ID: 1759c0590242119e1186306bde3a7750
	at jdk.internal.reflect.GeneratedConstructorAccessor23.newInstance(Unknown Source) ~[?:?]
	at java.base/jdk.internal.reflect.DelegatingConstructorAccessorImpl.newInstance(DelegatingConstructorAccessorImpl.java:45) ~[?:?]
	at java.base/java.lang.reflect.Constructor.newInstanceWithCaller(Constructor.java:499) ~[?:?]
	at java.base/java.lang.reflect.Constructor.newInstance(Constructor.java:480) ~[?:?]
	at org.openqa.selenium.remote.ErrorCodec.decode(ErrorCodec.java:167) ~[selenium-server-4.32.0.jar:?]
	at org.openqa.selenium.remote.codec.w3c.W3CHttpResponseCodec.decode(W3CHttpResponseCodec.java:138) ~[selenium-server-4.32.0.jar:?]
	at org.openqa.selenium.remote.codec.w3c.W3CHttpResponseCodec.decode(W3CHttpResponseCodec.java:50) ~[selenium-server-4.32.0.jar:?]
	at org.openqa.selenium.remote.HttpCommandExecutor.execute(HttpCommandExecutor.java:215) ~[selenium-server-4.32.0.jar:?]
	at org.openqa.selenium.remote.service.DriverCommandExecutor.invokeExecute(DriverCommandExecutor.java:216) ~[selenium-server-4.32.0.jar:?]
	at org.openqa.selenium.remote.service.DriverCommandExecutor.execute(DriverCommandExecutor.java:174) ~[selenium-server-4.32.0.jar:?]
	at org.openqa.selenium.remote.RemoteWebDriver.execute(RemoteWebDriver.java:545) ~[selenium-server-4.32.0.jar:?]
	at org.openqa.selenium.remote.ElementLocation$ElementFinder$2.findElement(ElementLocation.java:165) ~[selenium-server-4.32.0.jar:?]
	at org.openqa.selenium.remote.ElementLocation.findElement(ElementLocation.java:59) ~[selenium-server-4.32.0.jar:?]
	at org.openqa.selenium.remote.RemoteWebDriver.findElement(RemoteWebDriver.java:368) ~[selenium-server-4.32.0.jar:?]
	at org.openqa.selenium.remote.RemoteWebDriver.findElement(RemoteWebDriver.java:362) ~[selenium-server-4.32.0.jar:?]
	at testcases.Basiccontrol.Datatypedropdown12(Basiccontrol.java:481) ~[test-classes/:?]
	at java.base/jdk.internal.reflect.NativeMethodAccessorImpl.invoke0(Native Method) ~[?:?]
	at java.base/jdk.internal.reflect.NativeMethodAccessorImpl.invoke(NativeMethodAccessorImpl.java:77) ~[?:?]
	at java.base/jdk.internal.reflect.DelegatingMethodAccessorImpl.invoke(DelegatingMethodAccessorImpl.java:43) ~[?:?]
	at java.base/java.lang.reflect.Method.invoke(Method.java:568) ~[?:?]
	at org.testng.internal.MethodInvocationHelper.invokeMethod(MethodInvocationHelper.java:133) ~[testng-7.4.0.jar:7.4.0]
	at org.testng.internal.TestInvoker.invokeMethod(TestInvoker.java:598) ~[testng-7.4.0.jar:7.4.0]
	at org.testng.internal.TestInvoker.invokeTestMethod(TestInvoker.java:173) ~[testng-7.4.0.jar:7.4.0]
	at org.testng.internal.MethodRunner.runInSequence(MethodRunner.java:46) ~[testng-7.4.0.jar:7.4.0]
	at org.testng.internal.TestInvoker$MethodInvocationAgent.invoke(TestInvoker.java:824) ~[testng-7.4.0.jar:7.4.0]
	at org.testng.internal.TestInvoker.invokeTestMethods(TestInvoker.java:146) ~[testng-7.4.0.jar:7.4.0]
	at org.testng.internal.TestMethodWorker.invokeTestMethods(TestMethodWorker.java:146) ~[testng-7.4.0.jar:7.4.0]
	at org.testng.internal.TestMethodWorker.run(TestMethodWorker.java:128) ~[testng-7.4.0.jar:7.4.0]
	at java.base/java.util.ArrayList.forEach(ArrayList.java:1511) [?:?]
	at org.testng.TestRunner.privateRun(TestRunner.java:794) [testng-7.4.0.jar:7.4.0]
	at org.testng.TestRunner.run(TestRunner.java:596) [testng-7.4.0.jar:7.4.0]
	at org.testng.SuiteRunner.runTest(SuiteRunner.java:377) [testng-7.4.0.jar:7.4.0]
	at org.testng.SuiteRunner.runSequentially(SuiteRunner.java:371) [testng-7.4.0.jar:7.4.0]
	at org.testng.SuiteRunner.privateRun(SuiteRunner.java:332) [testng-7.4.0.jar:7.4.0]
	at org.testng.SuiteRunner.run(SuiteRunner.java:276) [testng-7.4.0.jar:7.4.0]
	at org.testng.SuiteRunnerWorker.runSuite(SuiteRunnerWorker.java:53) [testng-7.4.0.jar:7.4.0]
	at org.testng.SuiteRunnerWorker.run(SuiteRunnerWorker.java:96) [testng-7.4.0.jar:7.4.0]
	at org.testng.TestNG.runSuitesSequentially(TestNG.java:1212) [testng-7.4.0.jar:7.4.0]
	at org.testng.TestNG.runSuitesLocally(TestNG.java:1134) [testng-7.4.0.jar:7.4.0]
	at org.testng.TestNG.runSuites(TestNG.java:1063) [testng-7.4.0.jar:7.4.0]
	at org.testng.TestNG.run(TestNG.java:1031) [testng-7.4.0.jar:7.4.0]
	at org.testng.remote.AbstractRemoteTestNG.run(AbstractRemoteTestNG.java:115) [testng-remote.jar:?]
	at org.testng.remote.RemoteTestNG.initAndRun(RemoteTestNG.java:293) [testng-remote.jar:?]
	at org.testng.remote.RemoteTestNG.main(RemoteTestNG.java:91) [testng-remote.jar:?]
14:28:03.352 [main] ERROR testcases.Basiccontrol - Error occurred in Textareadataentry method: 
org.openqa.selenium.ElementNotInteractableException: element not interactable: Element is not currently visible and may not be manipulated
  (Session info: chrome=137.0.7151.69)
Build info: version: '4.32.0', revision: 'd17c8aa950'
System info: os.name: 'Windows 10', os.arch: 'amd64', os.version: '10.0', java.version: '17.0.11'
Driver info: org.openqa.selenium.chrome.ChromeDriver
Command: [1759c0590242119e1186306bde3a7750, clickElement {id=f.CE6588BC9D4EB543A4038A3C3E2F04EE.d.8D6A3865B048BFD873F5FB030CC5CC41.e.794}]
Capabilities {acceptInsecureCerts: false, browserName: chrome, browserVersion: 137.0.7151.69, chrome: {chromedriverVersion: 137.0.7151.68 (2989ffee9373..., userDataDir: C:\Users\VSRIKA~1\AppData\L...}, fedcm:accounts: true, goog:chromeOptions: {debuggerAddress: localhost:54140}, networkConnectionEnabled: false, pageLoadStrategy: normal, platformName: windows, proxy: Proxy(), se:cdp: ws://localhost:54140/devtoo..., se:cdpVersion: 137.0.7151.69, setWindowRect: true, strictFileInteractability: false, timeouts: {implicit: 0, pageLoad: 300000, script: 30000}, unhandledPromptBehavior: dismiss and notify, webauthn:extension:credBlob: true, webauthn:extension:largeBlob: true, webauthn:extension:minPinLength: true, webauthn:extension:prf: true, webauthn:virtualAuthenticators: true}
Element: [[ChromeDriver: chrome on windows (1759c0590242119e1186306bde3a7750)] -> xpath: (//option[@class='ng-star-inserted'])[2]]
Session ID: 1759c0590242119e1186306bde3a7750
	at java.base/jdk.internal.reflect.NativeConstructorAccessorImpl.newInstance0(Native Method) ~[?:?]
	at java.base/jdk.internal.reflect.NativeConstructorAccessorImpl.newInstance(NativeConstructorAccessorImpl.java:77) ~[?:?]
	at java.base/jdk.internal.reflect.DelegatingConstructorAccessorImpl.newInstance(DelegatingConstructorAccessorImpl.java:45) ~[?:?]
	at java.base/java.lang.reflect.Constructor.newInstanceWithCaller(Constructor.java:499) ~[?:?]
	at java.base/java.lang.reflect.Constructor.newInstance(Constructor.java:480) ~[?:?]
	at org.openqa.selenium.remote.ErrorCodec.decode(ErrorCodec.java:167) ~[selenium-server-4.32.0.jar:?]
	at org.openqa.selenium.remote.codec.w3c.W3CHttpResponseCodec.decode(W3CHttpResponseCodec.java:138) ~[selenium-server-4.32.0.jar:?]
	at org.openqa.selenium.remote.codec.w3c.W3CHttpResponseCodec.decode(W3CHttpResponseCodec.java:50) ~[selenium-server-4.32.0.jar:?]
	at org.openqa.selenium.remote.HttpCommandExecutor.execute(HttpCommandExecutor.java:215) ~[selenium-server-4.32.0.jar:?]
	at org.openqa.selenium.remote.service.DriverCommandExecutor.invokeExecute(DriverCommandExecutor.java:216) ~[selenium-server-4.32.0.jar:?]
	at org.openqa.selenium.remote.service.DriverCommandExecutor.execute(DriverCommandExecutor.java:174) ~[selenium-server-4.32.0.jar:?]
	at org.openqa.selenium.remote.RemoteWebDriver.execute(RemoteWebDriver.java:545) ~[selenium-server-4.32.0.jar:?]
	at org.openqa.selenium.remote.RemoteWebElement.execute(RemoteWebElement.java:223) ~[selenium-server-4.32.0.jar:?]
	at org.openqa.selenium.remote.RemoteWebElement.click(RemoteWebElement.java:76) ~[selenium-server-4.32.0.jar:?]
	at testcases.Basiccontrol.Textareadataentry(Basiccontrol.java:489) ~[test-classes/:?]
	at java.base/jdk.internal.reflect.NativeMethodAccessorImpl.invoke0(Native Method) ~[?:?]
	at java.base/jdk.internal.reflect.NativeMethodAccessorImpl.invoke(NativeMethodAccessorImpl.java:77) ~[?:?]
	at java.base/jdk.internal.reflect.DelegatingMethodAccessorImpl.invoke(DelegatingMethodAccessorImpl.java:43) ~[?:?]
	at java.base/java.lang.reflect.Method.invoke(Method.java:568) ~[?:?]
	at org.testng.internal.MethodInvocationHelper.invokeMethod(MethodInvocationHelper.java:133) ~[testng-7.4.0.jar:7.4.0]
	at org.testng.internal.TestInvoker.invokeMethod(TestInvoker.java:598) ~[testng-7.4.0.jar:7.4.0]
	at org.testng.internal.TestInvoker.invokeTestMethod(TestInvoker.java:173) ~[testng-7.4.0.jar:7.4.0]
	at org.testng.internal.MethodRunner.runInSequence(MethodRunner.java:46) ~[testng-7.4.0.jar:7.4.0]
	at org.testng.internal.TestInvoker$MethodInvocationAgent.invoke(TestInvoker.java:824) ~[testng-7.4.0.jar:7.4.0]
	at org.testng.internal.TestInvoker.invokeTestMethods(TestInvoker.java:146) ~[testng-7.4.0.jar:7.4.0]
	at org.testng.internal.TestMethodWorker.invokeTestMethods(TestMethodWorker.java:146) ~[testng-7.4.0.jar:7.4.0]
	at org.testng.internal.TestMethodWorker.run(TestMethodWorker.java:128) ~[testng-7.4.0.jar:7.4.0]
	at java.base/java.util.ArrayList.forEach(ArrayList.java:1511) [?:?]
	at org.testng.TestRunner.privateRun(TestRunner.java:794) [testng-7.4.0.jar:7.4.0]
	at org.testng.TestRunner.run(TestRunner.java:596) [testng-7.4.0.jar:7.4.0]
	at org.testng.SuiteRunner.runTest(SuiteRunner.java:377) [testng-7.4.0.jar:7.4.0]
	at org.testng.SuiteRunner.runSequentially(SuiteRunner.java:371) [testng-7.4.0.jar:7.4.0]
	at org.testng.SuiteRunner.privateRun(SuiteRunner.java:332) [testng-7.4.0.jar:7.4.0]
	at org.testng.SuiteRunner.run(SuiteRunner.java:276) [testng-7.4.0.jar:7.4.0]
	at org.testng.SuiteRunnerWorker.runSuite(SuiteRunnerWorker.java:53) [testng-7.4.0.jar:7.4.0]
	at org.testng.SuiteRunnerWorker.run(SuiteRunnerWorker.java:96) [testng-7.4.0.jar:7.4.0]
	at org.testng.TestNG.runSuitesSequentially(TestNG.java:1212) [testng-7.4.0.jar:7.4.0]
	at org.testng.TestNG.runSuitesLocally(TestNG.java:1134) [testng-7.4.0.jar:7.4.0]
	at org.testng.TestNG.runSuites(TestNG.java:1063) [testng-7.4.0.jar:7.4.0]
	at org.testng.TestNG.run(TestNG.java:1031) [testng-7.4.0.jar:7.4.0]
	at org.testng.remote.AbstractRemoteTestNG.run(AbstractRemoteTestNG.java:115) [testng-remote.jar:?]
	at org.testng.remote.RemoteTestNG.initAndRun(RemoteTestNG.java:293) [testng-remote.jar:?]
	at org.testng.remote.RemoteTestNG.main(RemoteTestNG.java:91) [testng-remote.jar:?]
14:28:07.994 [main] ERROR testcases.Basiccontrol - Error occurred in Numberdataentry method: 
org.openqa.selenium.ElementNotInteractableException: element not interactable: Element is not currently visible and may not be manipulated
  (Session info: chrome=137.0.7151.69)
Build info: version: '4.32.0', revision: 'd17c8aa950'
System info: os.name: 'Windows 10', os.arch: 'amd64', os.version: '10.0', java.version: '17.0.11'
Driver info: org.openqa.selenium.chrome.ChromeDriver
Command: [1759c0590242119e1186306bde3a7750, clickElement {id=f.CE6588BC9D4EB543A4038A3C3E2F04EE.d.8D6A3865B048BFD873F5FB030CC5CC41.e.796}]
Capabilities {acceptInsecureCerts: false, browserName: chrome, browserVersion: 137.0.7151.69, chrome: {chromedriverVersion: 137.0.7151.68 (2989ffee9373..., userDataDir: C:\Users\VSRIKA~1\AppData\L...}, fedcm:accounts: true, goog:chromeOptions: {debuggerAddress: localhost:54140}, networkConnectionEnabled: false, pageLoadStrategy: normal, platformName: windows, proxy: Proxy(), se:cdp: ws://localhost:54140/devtoo..., se:cdpVersion: 137.0.7151.69, setWindowRect: true, strictFileInteractability: false, timeouts: {implicit: 0, pageLoad: 300000, script: 30000}, unhandledPromptBehavior: dismiss and notify, webauthn:extension:credBlob: true, webauthn:extension:largeBlob: true, webauthn:extension:minPinLength: true, webauthn:extension:prf: true, webauthn:virtualAuthenticators: true}
Element: [[ChromeDriver: chrome on windows (1759c0590242119e1186306bde3a7750)] -> xpath: (//option[@class='ng-star-inserted'])[3]]
Session ID: 1759c0590242119e1186306bde3a7750
	at java.base/jdk.internal.reflect.NativeConstructorAccessorImpl.newInstance0(Native Method) ~[?:?]
	at java.base/jdk.internal.reflect.NativeConstructorAccessorImpl.newInstance(NativeConstructorAccessorImpl.java:77) ~[?:?]
	at java.base/jdk.internal.reflect.DelegatingConstructorAccessorImpl.newInstance(DelegatingConstructorAccessorImpl.java:45) ~[?:?]
	at java.base/java.lang.reflect.Constructor.newInstanceWithCaller(Constructor.java:499) ~[?:?]
	at java.base/java.lang.reflect.Constructor.newInstance(Constructor.java:480) ~[?:?]
	at org.openqa.selenium.remote.ErrorCodec.decode(ErrorCodec.java:167) ~[selenium-server-4.32.0.jar:?]
	at org.openqa.selenium.remote.codec.w3c.W3CHttpResponseCodec.decode(W3CHttpResponseCodec.java:138) ~[selenium-server-4.32.0.jar:?]
	at org.openqa.selenium.remote.codec.w3c.W3CHttpResponseCodec.decode(W3CHttpResponseCodec.java:50) ~[selenium-server-4.32.0.jar:?]
	at org.openqa.selenium.remote.HttpCommandExecutor.execute(HttpCommandExecutor.java:215) ~[selenium-server-4.32.0.jar:?]
	at org.openqa.selenium.remote.service.DriverCommandExecutor.invokeExecute(DriverCommandExecutor.java:216) ~[selenium-server-4.32.0.jar:?]
	at org.openqa.selenium.remote.service.DriverCommandExecutor.execute(DriverCommandExecutor.java:174) ~[selenium-server-4.32.0.jar:?]
	at org.openqa.selenium.remote.RemoteWebDriver.execute(RemoteWebDriver.java:545) ~[selenium-server-4.32.0.jar:?]
	at org.openqa.selenium.remote.RemoteWebElement.execute(RemoteWebElement.java:223) ~[selenium-server-4.32.0.jar:?]
	at org.openqa.selenium.remote.RemoteWebElement.click(RemoteWebElement.java:76) ~[selenium-server-4.32.0.jar:?]
	at testcases.Basiccontrol.Numberdataentry(Basiccontrol.java:510) ~[test-classes/:?]
	at java.base/jdk.internal.reflect.NativeMethodAccessorImpl.invoke0(Native Method) ~[?:?]
	at java.base/jdk.internal.reflect.NativeMethodAccessorImpl.invoke(NativeMethodAccessorImpl.java:77) ~[?:?]
	at java.base/jdk.internal.reflect.DelegatingMethodAccessorImpl.invoke(DelegatingMethodAccessorImpl.java:43) ~[?:?]
	at java.base/java.lang.reflect.Method.invoke(Method.java:568) ~[?:?]
	at org.testng.internal.MethodInvocationHelper.invokeMethod(MethodInvocationHelper.java:133) ~[testng-7.4.0.jar:7.4.0]
	at org.testng.internal.TestInvoker.invokeMethod(TestInvoker.java:598) ~[testng-7.4.0.jar:7.4.0]
	at org.testng.internal.TestInvoker.invokeTestMethod(TestInvoker.java:173) ~[testng-7.4.0.jar:7.4.0]
	at org.testng.internal.MethodRunner.runInSequence(MethodRunner.java:46) ~[testng-7.4.0.jar:7.4.0]
	at org.testng.internal.TestInvoker$MethodInvocationAgent.invoke(TestInvoker.java:824) ~[testng-7.4.0.jar:7.4.0]
	at org.testng.internal.TestInvoker.invokeTestMethods(TestInvoker.java:146) ~[testng-7.4.0.jar:7.4.0]
	at org.testng.internal.TestMethodWorker.invokeTestMethods(TestMethodWorker.java:146) ~[testng-7.4.0.jar:7.4.0]
	at org.testng.internal.TestMethodWorker.run(TestMethodWorker.java:128) ~[testng-7.4.0.jar:7.4.0]
	at java.base/java.util.ArrayList.forEach(ArrayList.java:1511) [?:?]
	at org.testng.TestRunner.privateRun(TestRunner.java:794) [testng-7.4.0.jar:7.4.0]
	at org.testng.TestRunner.run(TestRunner.java:596) [testng-7.4.0.jar:7.4.0]
	at org.testng.SuiteRunner.runTest(SuiteRunner.java:377) [testng-7.4.0.jar:7.4.0]
	at org.testng.SuiteRunner.runSequentially(SuiteRunner.java:371) [testng-7.4.0.jar:7.4.0]
	at org.testng.SuiteRunner.privateRun(SuiteRunner.java:332) [testng-7.4.0.jar:7.4.0]
	at org.testng.SuiteRunner.run(SuiteRunner.java:276) [testng-7.4.0.jar:7.4.0]
	at org.testng.SuiteRunnerWorker.runSuite(SuiteRunnerWorker.java:53) [testng-7.4.0.jar:7.4.0]
	at org.testng.SuiteRunnerWorker.run(SuiteRunnerWorker.java:96) [testng-7.4.0.jar:7.4.0]
	at org.testng.TestNG.runSuitesSequentially(TestNG.java:1212) [testng-7.4.0.jar:7.4.0]
	at org.testng.TestNG.runSuitesLocally(TestNG.java:1134) [testng-7.4.0.jar:7.4.0]
	at org.testng.TestNG.runSuites(TestNG.java:1063) [testng-7.4.0.jar:7.4.0]
	at org.testng.TestNG.run(TestNG.java:1031) [testng-7.4.0.jar:7.4.0]
	at org.testng.remote.AbstractRemoteTestNG.run(AbstractRemoteTestNG.java:115) [testng-remote.jar:?]
	at org.testng.remote.RemoteTestNG.initAndRun(RemoteTestNG.java:293) [testng-remote.jar:?]
	at org.testng.remote.RemoteTestNG.main(RemoteTestNG.java:91) [testng-remote.jar:?]
14:28:08.254 [main] ERROR testcases.Basiccontrol - Error occurred in Column4 method: 
org.openqa.selenium.NoSuchElementException: no such element: Unable to locate element: {"method":"xpath","selector":"(//td[@class='text-center'])[4]"}
  (Session info: chrome=137.0.7151.69)
For documentation on this error, please visit: https://www.selenium.dev/documentation/webdriver/troubleshooting/errors#no-such-element-exception
Build info: version: '4.32.0', revision: 'd17c8aa950'
System info: os.name: 'Windows 10', os.arch: 'amd64', os.version: '10.0', java.version: '17.0.11'
Driver info: org.openqa.selenium.chrome.ChromeDriver
Command: [1759c0590242119e1186306bde3a7750, findElement {value=(//td[@class='text-center'])[4], using=xpath}]
Capabilities {acceptInsecureCerts: false, browserName: chrome, browserVersion: 137.0.7151.69, chrome: {chromedriverVersion: 137.0.7151.68 (2989ffee9373..., userDataDir: C:\Users\VSRIKA~1\AppData\L...}, fedcm:accounts: true, goog:chromeOptions: {debuggerAddress: localhost:54140}, networkConnectionEnabled: false, pageLoadStrategy: normal, platformName: windows, proxy: Proxy(), se:cdp: ws://localhost:54140/devtoo..., se:cdpVersion: 137.0.7151.69, setWindowRect: true, strictFileInteractability: false, timeouts: {implicit: 0, pageLoad: 300000, script: 30000}, unhandledPromptBehavior: dismiss and notify, webauthn:extension:credBlob: true, webauthn:extension:largeBlob: true, webauthn:extension:minPinLength: true, webauthn:extension:prf: true, webauthn:virtualAuthenticators: true}
Session ID: 1759c0590242119e1186306bde3a7750
	at jdk.internal.reflect.GeneratedConstructorAccessor23.newInstance(Unknown Source) ~[?:?]
	at java.base/jdk.internal.reflect.DelegatingConstructorAccessorImpl.newInstance(DelegatingConstructorAccessorImpl.java:45) ~[?:?]
	at java.base/java.lang.reflect.Constructor.newInstanceWithCaller(Constructor.java:499) ~[?:?]
	at java.base/java.lang.reflect.Constructor.newInstance(Constructor.java:480) ~[?:?]
	at org.openqa.selenium.remote.ErrorCodec.decode(ErrorCodec.java:167) ~[selenium-server-4.32.0.jar:?]
	at org.openqa.selenium.remote.codec.w3c.W3CHttpResponseCodec.decode(W3CHttpResponseCodec.java:138) ~[selenium-server-4.32.0.jar:?]
	at org.openqa.selenium.remote.codec.w3c.W3CHttpResponseCodec.decode(W3CHttpResponseCodec.java:50) ~[selenium-server-4.32.0.jar:?]
	at org.openqa.selenium.remote.HttpCommandExecutor.execute(HttpCommandExecutor.java:215) ~[selenium-server-4.32.0.jar:?]
	at org.openqa.selenium.remote.service.DriverCommandExecutor.invokeExecute(DriverCommandExecutor.java:216) ~[selenium-server-4.32.0.jar:?]
	at org.openqa.selenium.remote.service.DriverCommandExecutor.execute(DriverCommandExecutor.java:174) ~[selenium-server-4.32.0.jar:?]
	at org.openqa.selenium.remote.RemoteWebDriver.execute(RemoteWebDriver.java:545) ~[selenium-server-4.32.0.jar:?]
	at org.openqa.selenium.remote.ElementLocation$ElementFinder$2.findElement(ElementLocation.java:165) ~[selenium-server-4.32.0.jar:?]
	at org.openqa.selenium.remote.ElementLocation.findElement(ElementLocation.java:59) ~[selenium-server-4.32.0.jar:?]
	at org.openqa.selenium.remote.RemoteWebDriver.findElement(RemoteWebDriver.java:368) ~[selenium-server-4.32.0.jar:?]
	at org.openqa.selenium.remote.RemoteWebDriver.findElement(RemoteWebDriver.java:362) ~[selenium-server-4.32.0.jar:?]
	at testcases.Basiccontrol.Column4(Basiccontrol.java:519) ~[test-classes/:?]
	at java.base/jdk.internal.reflect.NativeMethodAccessorImpl.invoke0(Native Method) ~[?:?]
	at java.base/jdk.internal.reflect.NativeMethodAccessorImpl.invoke(NativeMethodAccessorImpl.java:77) ~[?:?]
	at java.base/jdk.internal.reflect.DelegatingMethodAccessorImpl.invoke(DelegatingMethodAccessorImpl.java:43) ~[?:?]
	at java.base/java.lang.reflect.Method.invoke(Method.java:568) ~[?:?]
	at org.testng.internal.MethodInvocationHelper.invokeMethod(MethodInvocationHelper.java:133) ~[testng-7.4.0.jar:7.4.0]
	at org.testng.internal.TestInvoker.invokeMethod(TestInvoker.java:598) ~[testng-7.4.0.jar:7.4.0]
	at org.testng.internal.TestInvoker.invokeTestMethod(TestInvoker.java:173) ~[testng-7.4.0.jar:7.4.0]
	at org.testng.internal.MethodRunner.runInSequence(MethodRunner.java:46) ~[testng-7.4.0.jar:7.4.0]
	at org.testng.internal.TestInvoker$MethodInvocationAgent.invoke(TestInvoker.java:824) ~[testng-7.4.0.jar:7.4.0]
	at org.testng.internal.TestInvoker.invokeTestMethods(TestInvoker.java:146) ~[testng-7.4.0.jar:7.4.0]
	at org.testng.internal.TestMethodWorker.invokeTestMethods(TestMethodWorker.java:146) ~[testng-7.4.0.jar:7.4.0]
	at org.testng.internal.TestMethodWorker.run(TestMethodWorker.java:128) ~[testng-7.4.0.jar:7.4.0]
	at java.base/java.util.ArrayList.forEach(ArrayList.java:1511) [?:?]
	at org.testng.TestRunner.privateRun(TestRunner.java:794) [testng-7.4.0.jar:7.4.0]
	at org.testng.TestRunner.run(TestRunner.java:596) [testng-7.4.0.jar:7.4.0]
	at org.testng.SuiteRunner.runTest(SuiteRunner.java:377) [testng-7.4.0.jar:7.4.0]
	at org.testng.SuiteRunner.runSequentially(SuiteRunner.java:371) [testng-7.4.0.jar:7.4.0]
	at org.testng.SuiteRunner.privateRun(SuiteRunner.java:332) [testng-7.4.0.jar:7.4.0]
	at org.testng.SuiteRunner.run(SuiteRunner.java:276) [testng-7.4.0.jar:7.4.0]
	at org.testng.SuiteRunnerWorker.runSuite(SuiteRunnerWorker.java:53) [testng-7.4.0.jar:7.4.0]
	at org.testng.SuiteRunnerWorker.run(SuiteRunnerWorker.java:96) [testng-7.4.0.jar:7.4.0]
	at org.testng.TestNG.runSuitesSequentially(TestNG.java:1212) [testng-7.4.0.jar:7.4.0]
	at org.testng.TestNG.runSuitesLocally(TestNG.java:1134) [testng-7.4.0.jar:7.4.0]
	at org.testng.TestNG.runSuites(TestNG.java:1063) [testng-7.4.0.jar:7.4.0]
	at org.testng.TestNG.run(TestNG.java:1031) [testng-7.4.0.jar:7.4.0]
	at org.testng.remote.AbstractRemoteTestNG.run(AbstractRemoteTestNG.java:115) [testng-remote.jar:?]
	at org.testng.remote.RemoteTestNG.initAndRun(RemoteTestNG.java:293) [testng-remote.jar:?]
	at org.testng.remote.RemoteTestNG.main(RemoteTestNG.java:91) [testng-remote.jar:?]
14:28:15.471 [main] ERROR testcases.Basiccontrol - Error occurred in Datatypedropdown3 method: 
org.openqa.selenium.NoSuchElementException: no such element: Unable to locate element: {"method":"xpath","selector":"//select[contains(@class,'form-control ng-untouched ng-pristine ng-valid')]"}
  (Session info: chrome=137.0.7151.69)
For documentation on this error, please visit: https://www.selenium.dev/documentation/webdriver/troubleshooting/errors#no-such-element-exception
Build info: version: '4.32.0', revision: 'd17c8aa950'
System info: os.name: 'Windows 10', os.arch: 'amd64', os.version: '10.0', java.version: '17.0.11'
Driver info: org.openqa.selenium.chrome.ChromeDriver
Command: [1759c0590242119e1186306bde3a7750, findElement {value=//select[contains(@class,'form-control ng-untouched ng-pristine ng-valid')], using=xpath}]
Capabilities {acceptInsecureCerts: false, browserName: chrome, browserVersion: 137.0.7151.69, chrome: {chromedriverVersion: 137.0.7151.68 (2989ffee9373..., userDataDir: C:\Users\VSRIKA~1\AppData\L...}, fedcm:accounts: true, goog:chromeOptions: {debuggerAddress: localhost:54140}, networkConnectionEnabled: false, pageLoadStrategy: normal, platformName: windows, proxy: Proxy(), se:cdp: ws://localhost:54140/devtoo..., se:cdpVersion: 137.0.7151.69, setWindowRect: true, strictFileInteractability: false, timeouts: {implicit: 0, pageLoad: 300000, script: 30000}, unhandledPromptBehavior: dismiss and notify, webauthn:extension:credBlob: true, webauthn:extension:largeBlob: true, webauthn:extension:minPinLength: true, webauthn:extension:prf: true, webauthn:virtualAuthenticators: true}
Session ID: 1759c0590242119e1186306bde3a7750
	at jdk.internal.reflect.GeneratedConstructorAccessor23.newInstance(Unknown Source) ~[?:?]
	at java.base/jdk.internal.reflect.DelegatingConstructorAccessorImpl.newInstance(DelegatingConstructorAccessorImpl.java:45) ~[?:?]
	at java.base/java.lang.reflect.Constructor.newInstanceWithCaller(Constructor.java:499) ~[?:?]
	at java.base/java.lang.reflect.Constructor.newInstance(Constructor.java:480) ~[?:?]
	at org.openqa.selenium.remote.ErrorCodec.decode(ErrorCodec.java:167) ~[selenium-server-4.32.0.jar:?]
	at org.openqa.selenium.remote.codec.w3c.W3CHttpResponseCodec.decode(W3CHttpResponseCodec.java:138) ~[selenium-server-4.32.0.jar:?]
	at org.openqa.selenium.remote.codec.w3c.W3CHttpResponseCodec.decode(W3CHttpResponseCodec.java:50) ~[selenium-server-4.32.0.jar:?]
	at org.openqa.selenium.remote.HttpCommandExecutor.execute(HttpCommandExecutor.java:215) ~[selenium-server-4.32.0.jar:?]
	at org.openqa.selenium.remote.service.DriverCommandExecutor.invokeExecute(DriverCommandExecutor.java:216) ~[selenium-server-4.32.0.jar:?]
	at org.openqa.selenium.remote.service.DriverCommandExecutor.execute(DriverCommandExecutor.java:174) ~[selenium-server-4.32.0.jar:?]
	at org.openqa.selenium.remote.RemoteWebDriver.execute(RemoteWebDriver.java:545) ~[selenium-server-4.32.0.jar:?]
	at org.openqa.selenium.remote.ElementLocation$ElementFinder$2.findElement(ElementLocation.java:165) ~[selenium-server-4.32.0.jar:?]
	at org.openqa.selenium.remote.ElementLocation.findElement(ElementLocation.java:59) ~[selenium-server-4.32.0.jar:?]
	at org.openqa.selenium.remote.RemoteWebDriver.findElement(RemoteWebDriver.java:368) ~[selenium-server-4.32.0.jar:?]
	at org.openqa.selenium.remote.RemoteWebDriver.findElement(RemoteWebDriver.java:362) ~[selenium-server-4.32.0.jar:?]
	at testcases.Basiccontrol.Datatypedropdown2(Basiccontrol.java:530) ~[test-classes/:?]
	at java.base/jdk.internal.reflect.NativeMethodAccessorImpl.invoke0(Native Method) ~[?:?]
	at java.base/jdk.internal.reflect.NativeMethodAccessorImpl.invoke(NativeMethodAccessorImpl.java:77) ~[?:?]
	at java.base/jdk.internal.reflect.DelegatingMethodAccessorImpl.invoke(DelegatingMethodAccessorImpl.java:43) ~[?:?]
	at java.base/java.lang.reflect.Method.invoke(Method.java:568) ~[?:?]
	at org.testng.internal.MethodInvocationHelper.invokeMethod(MethodInvocationHelper.java:133) ~[testng-7.4.0.jar:7.4.0]
	at org.testng.internal.TestInvoker.invokeMethod(TestInvoker.java:598) ~[testng-7.4.0.jar:7.4.0]
	at org.testng.internal.TestInvoker.invokeTestMethod(TestInvoker.java:173) ~[testng-7.4.0.jar:7.4.0]
	at org.testng.internal.MethodRunner.runInSequence(MethodRunner.java:46) ~[testng-7.4.0.jar:7.4.0]
	at org.testng.internal.TestInvoker$MethodInvocationAgent.invoke(TestInvoker.java:824) ~[testng-7.4.0.jar:7.4.0]
	at org.testng.internal.TestInvoker.invokeTestMethods(TestInvoker.java:146) ~[testng-7.4.0.jar:7.4.0]
	at org.testng.internal.TestMethodWorker.invokeTestMethods(TestMethodWorker.java:146) ~[testng-7.4.0.jar:7.4.0]
	at org.testng.internal.TestMethodWorker.run(TestMethodWorker.java:128) ~[testng-7.4.0.jar:7.4.0]
	at java.base/java.util.ArrayList.forEach(ArrayList.java:1511) [?:?]
	at org.testng.TestRunner.privateRun(TestRunner.java:794) [testng-7.4.0.jar:7.4.0]
	at org.testng.TestRunner.run(TestRunner.java:596) [testng-7.4.0.jar:7.4.0]
	at org.testng.SuiteRunner.runTest(SuiteRunner.java:377) [testng-7.4.0.jar:7.4.0]
	at org.testng.SuiteRunner.runSequentially(SuiteRunner.java:371) [testng-7.4.0.jar:7.4.0]
	at org.testng.SuiteRunner.privateRun(SuiteRunner.java:332) [testng-7.4.0.jar:7.4.0]
	at org.testng.SuiteRunner.run(SuiteRunner.java:276) [testng-7.4.0.jar:7.4.0]
	at org.testng.SuiteRunnerWorker.runSuite(SuiteRunnerWorker.java:53) [testng-7.4.0.jar:7.4.0]
	at org.testng.SuiteRunnerWorker.run(SuiteRunnerWorker.java:96) [testng-7.4.0.jar:7.4.0]
	at org.testng.TestNG.runSuitesSequentially(TestNG.java:1212) [testng-7.4.0.jar:7.4.0]
	at org.testng.TestNG.runSuitesLocally(TestNG.java:1134) [testng-7.4.0.jar:7.4.0]
	at org.testng.TestNG.runSuites(TestNG.java:1063) [testng-7.4.0.jar:7.4.0]
	at org.testng.TestNG.run(TestNG.java:1031) [testng-7.4.0.jar:7.4.0]
	at org.testng.remote.AbstractRemoteTestNG.run(AbstractRemoteTestNG.java:115) [testng-remote.jar:?]
	at org.testng.remote.RemoteTestNG.initAndRun(RemoteTestNG.java:293) [testng-remote.jar:?]
	at org.testng.remote.RemoteTestNG.main(RemoteTestNG.java:91) [testng-remote.jar:?]
14:28:17.781 [main] ERROR testcases.Basiccontrol - Error occurred in Datedataentry method: 
org.openqa.selenium.ElementNotInteractableException: element not interactable: Element is not currently visible and may not be manipulated
  (Session info: chrome=137.0.7151.69)
Build info: version: '4.32.0', revision: 'd17c8aa950'
System info: os.name: 'Windows 10', os.arch: 'amd64', os.version: '10.0', java.version: '17.0.11'
Driver info: org.openqa.selenium.chrome.ChromeDriver
Command: [1759c0590242119e1186306bde3a7750, clickElement {id=f.CE6588BC9D4EB543A4038A3C3E2F04EE.d.8D6A3865B048BFD873F5FB030CC5CC41.e.798}]
Capabilities {acceptInsecureCerts: false, browserName: chrome, browserVersion: 137.0.7151.69, chrome: {chromedriverVersion: 137.0.7151.68 (2989ffee9373..., userDataDir: C:\Users\VSRIKA~1\AppData\L...}, fedcm:accounts: true, goog:chromeOptions: {debuggerAddress: localhost:54140}, networkConnectionEnabled: false, pageLoadStrategy: normal, platformName: windows, proxy: Proxy(), se:cdp: ws://localhost:54140/devtoo..., se:cdpVersion: 137.0.7151.69, setWindowRect: true, strictFileInteractability: false, timeouts: {implicit: 0, pageLoad: 300000, script: 30000}, unhandledPromptBehavior: dismiss and notify, webauthn:extension:credBlob: true, webauthn:extension:largeBlob: true, webauthn:extension:minPinLength: true, webauthn:extension:prf: true, webauthn:virtualAuthenticators: true}
Element: [[ChromeDriver: chrome on windows (1759c0590242119e1186306bde3a7750)] -> xpath: //option[@value='DateDataEntry']]
Session ID: 1759c0590242119e1186306bde3a7750
	at java.base/jdk.internal.reflect.NativeConstructorAccessorImpl.newInstance0(Native Method) ~[?:?]
	at java.base/jdk.internal.reflect.NativeConstructorAccessorImpl.newInstance(NativeConstructorAccessorImpl.java:77) ~[?:?]
	at java.base/jdk.internal.reflect.DelegatingConstructorAccessorImpl.newInstance(DelegatingConstructorAccessorImpl.java:45) ~[?:?]
	at java.base/java.lang.reflect.Constructor.newInstanceWithCaller(Constructor.java:499) ~[?:?]
	at java.base/java.lang.reflect.Constructor.newInstance(Constructor.java:480) ~[?:?]
	at org.openqa.selenium.remote.ErrorCodec.decode(ErrorCodec.java:167) ~[selenium-server-4.32.0.jar:?]
	at org.openqa.selenium.remote.codec.w3c.W3CHttpResponseCodec.decode(W3CHttpResponseCodec.java:138) ~[selenium-server-4.32.0.jar:?]
	at org.openqa.selenium.remote.codec.w3c.W3CHttpResponseCodec.decode(W3CHttpResponseCodec.java:50) ~[selenium-server-4.32.0.jar:?]
	at org.openqa.selenium.remote.HttpCommandExecutor.execute(HttpCommandExecutor.java:215) ~[selenium-server-4.32.0.jar:?]
	at org.openqa.selenium.remote.service.DriverCommandExecutor.invokeExecute(DriverCommandExecutor.java:216) ~[selenium-server-4.32.0.jar:?]
	at org.openqa.selenium.remote.service.DriverCommandExecutor.execute(DriverCommandExecutor.java:174) ~[selenium-server-4.32.0.jar:?]
	at org.openqa.selenium.remote.RemoteWebDriver.execute(RemoteWebDriver.java:545) ~[selenium-server-4.32.0.jar:?]
	at org.openqa.selenium.remote.RemoteWebElement.execute(RemoteWebElement.java:223) ~[selenium-server-4.32.0.jar:?]
	at org.openqa.selenium.remote.RemoteWebElement.click(RemoteWebElement.java:76) ~[selenium-server-4.32.0.jar:?]
	at testcases.Basiccontrol.Datedataentry(Basiccontrol.java:541) ~[test-classes/:?]
	at java.base/jdk.internal.reflect.NativeMethodAccessorImpl.invoke0(Native Method) ~[?:?]
	at java.base/jdk.internal.reflect.NativeMethodAccessorImpl.invoke(NativeMethodAccessorImpl.java:77) ~[?:?]
	at java.base/jdk.internal.reflect.DelegatingMethodAccessorImpl.invoke(DelegatingMethodAccessorImpl.java:43) ~[?:?]
	at java.base/java.lang.reflect.Method.invoke(Method.java:568) ~[?:?]
	at org.testng.internal.MethodInvocationHelper.invokeMethod(MethodInvocationHelper.java:133) ~[testng-7.4.0.jar:7.4.0]
	at org.testng.internal.TestInvoker.invokeMethod(TestInvoker.java:598) ~[testng-7.4.0.jar:7.4.0]
	at org.testng.internal.TestInvoker.invokeTestMethod(TestInvoker.java:173) ~[testng-7.4.0.jar:7.4.0]
	at org.testng.internal.MethodRunner.runInSequence(MethodRunner.java:46) ~[testng-7.4.0.jar:7.4.0]
	at org.testng.internal.TestInvoker$MethodInvocationAgent.invoke(TestInvoker.java:824) ~[testng-7.4.0.jar:7.4.0]
	at org.testng.internal.TestInvoker.invokeTestMethods(TestInvoker.java:146) ~[testng-7.4.0.jar:7.4.0]
	at org.testng.internal.TestMethodWorker.invokeTestMethods(TestMethodWorker.java:146) ~[testng-7.4.0.jar:7.4.0]
	at org.testng.internal.TestMethodWorker.run(TestMethodWorker.java:128) ~[testng-7.4.0.jar:7.4.0]
	at java.base/java.util.ArrayList.forEach(ArrayList.java:1511) [?:?]
	at org.testng.TestRunner.privateRun(TestRunner.java:794) [testng-7.4.0.jar:7.4.0]
	at org.testng.TestRunner.run(TestRunner.java:596) [testng-7.4.0.jar:7.4.0]
	at org.testng.SuiteRunner.runTest(SuiteRunner.java:377) [testng-7.4.0.jar:7.4.0]
	at org.testng.SuiteRunner.runSequentially(SuiteRunner.java:371) [testng-7.4.0.jar:7.4.0]
	at org.testng.SuiteRunner.privateRun(SuiteRunner.java:332) [testng-7.4.0.jar:7.4.0]
	at org.testng.SuiteRunner.run(SuiteRunner.java:276) [testng-7.4.0.jar:7.4.0]
	at org.testng.SuiteRunnerWorker.runSuite(SuiteRunnerWorker.java:53) [testng-7.4.0.jar:7.4.0]
	at org.testng.SuiteRunnerWorker.run(SuiteRunnerWorker.java:96) [testng-7.4.0.jar:7.4.0]
	at org.testng.TestNG.runSuitesSequentially(TestNG.java:1212) [testng-7.4.0.jar:7.4.0]
	at org.testng.TestNG.runSuitesLocally(TestNG.java:1134) [testng-7.4.0.jar:7.4.0]
	at org.testng.TestNG.runSuites(TestNG.java:1063) [testng-7.4.0.jar:7.4.0]
	at org.testng.TestNG.run(TestNG.java:1031) [testng-7.4.0.jar:7.4.0]
	at org.testng.remote.AbstractRemoteTestNG.run(AbstractRemoteTestNG.java:115) [testng-remote.jar:?]
	at org.testng.remote.RemoteTestNG.initAndRun(RemoteTestNG.java:293) [testng-remote.jar:?]
	at org.testng.remote.RemoteTestNG.main(RemoteTestNG.java:91) [testng-remote.jar:?]
14:28:26.028 [main] ERROR testcases.Basiccontrol - Error occurred in Column5 method: 
org.openqa.selenium.NoSuchElementException: no such element: Unable to locate element: {"method":"xpath","selector":"(//td[normalize-space()='5'])[1]"}
  (Session info: chrome=137.0.7151.69)
For documentation on this error, please visit: https://www.selenium.dev/documentation/webdriver/troubleshooting/errors#no-such-element-exception
Build info: version: '4.32.0', revision: 'd17c8aa950'
System info: os.name: 'Windows 10', os.arch: 'amd64', os.version: '10.0', java.version: '17.0.11'
Driver info: org.openqa.selenium.chrome.ChromeDriver
Command: [1759c0590242119e1186306bde3a7750, findElement {value=(//td[normalize-space()='5'])[1], using=xpath}]
Capabilities {acceptInsecureCerts: false, browserName: chrome, browserVersion: 137.0.7151.69, chrome: {chromedriverVersion: 137.0.7151.68 (2989ffee9373..., userDataDir: C:\Users\VSRIKA~1\AppData\L...}, fedcm:accounts: true, goog:chromeOptions: {debuggerAddress: localhost:54140}, networkConnectionEnabled: false, pageLoadStrategy: normal, platformName: windows, proxy: Proxy(), se:cdp: ws://localhost:54140/devtoo..., se:cdpVersion: 137.0.7151.69, setWindowRect: true, strictFileInteractability: false, timeouts: {implicit: 0, pageLoad: 300000, script: 30000}, unhandledPromptBehavior: dismiss and notify, webauthn:extension:credBlob: true, webauthn:extension:largeBlob: true, webauthn:extension:minPinLength: true, webauthn:extension:prf: true, webauthn:virtualAuthenticators: true}
Session ID: 1759c0590242119e1186306bde3a7750
	at jdk.internal.reflect.GeneratedConstructorAccessor23.newInstance(Unknown Source) ~[?:?]
	at java.base/jdk.internal.reflect.DelegatingConstructorAccessorImpl.newInstance(DelegatingConstructorAccessorImpl.java:45) ~[?:?]
	at java.base/java.lang.reflect.Constructor.newInstanceWithCaller(Constructor.java:499) ~[?:?]
	at java.base/java.lang.reflect.Constructor.newInstance(Constructor.java:480) ~[?:?]
	at org.openqa.selenium.remote.ErrorCodec.decode(ErrorCodec.java:167) ~[selenium-server-4.32.0.jar:?]
	at org.openqa.selenium.remote.codec.w3c.W3CHttpResponseCodec.decode(W3CHttpResponseCodec.java:138) ~[selenium-server-4.32.0.jar:?]
	at org.openqa.selenium.remote.codec.w3c.W3CHttpResponseCodec.decode(W3CHttpResponseCodec.java:50) ~[selenium-server-4.32.0.jar:?]
	at org.openqa.selenium.remote.HttpCommandExecutor.execute(HttpCommandExecutor.java:215) ~[selenium-server-4.32.0.jar:?]
	at org.openqa.selenium.remote.service.DriverCommandExecutor.invokeExecute(DriverCommandExecutor.java:216) ~[selenium-server-4.32.0.jar:?]
	at org.openqa.selenium.remote.service.DriverCommandExecutor.execute(DriverCommandExecutor.java:174) ~[selenium-server-4.32.0.jar:?]
	at org.openqa.selenium.remote.RemoteWebDriver.execute(RemoteWebDriver.java:545) ~[selenium-server-4.32.0.jar:?]
	at org.openqa.selenium.remote.ElementLocation$ElementFinder$2.findElement(ElementLocation.java:165) ~[selenium-server-4.32.0.jar:?]
	at org.openqa.selenium.remote.ElementLocation.findElement(ElementLocation.java:59) ~[selenium-server-4.32.0.jar:?]
	at org.openqa.selenium.remote.RemoteWebDriver.findElement(RemoteWebDriver.java:368) ~[selenium-server-4.32.0.jar:?]
	at org.openqa.selenium.remote.RemoteWebDriver.findElement(RemoteWebDriver.java:362) ~[selenium-server-4.32.0.jar:?]
	at testcases.Basiccontrol.Column5(Basiccontrol.java:551) ~[test-classes/:?]
	at java.base/jdk.internal.reflect.NativeMethodAccessorImpl.invoke0(Native Method) ~[?:?]
	at java.base/jdk.internal.reflect.NativeMethodAccessorImpl.invoke(NativeMethodAccessorImpl.java:77) ~[?:?]
	at java.base/jdk.internal.reflect.DelegatingMethodAccessorImpl.invoke(DelegatingMethodAccessorImpl.java:43) ~[?:?]
	at java.base/java.lang.reflect.Method.invoke(Method.java:568) ~[?:?]
	at org.testng.internal.MethodInvocationHelper.invokeMethod(MethodInvocationHelper.java:133) ~[testng-7.4.0.jar:7.4.0]
	at org.testng.internal.TestInvoker.invokeMethod(TestInvoker.java:598) ~[testng-7.4.0.jar:7.4.0]
	at org.testng.internal.TestInvoker.invokeTestMethod(TestInvoker.java:173) ~[testng-7.4.0.jar:7.4.0]
	at org.testng.internal.MethodRunner.runInSequence(MethodRunner.java:46) ~[testng-7.4.0.jar:7.4.0]
	at org.testng.internal.TestInvoker$MethodInvocationAgent.invoke(TestInvoker.java:824) ~[testng-7.4.0.jar:7.4.0]
	at org.testng.internal.TestInvoker.invokeTestMethods(TestInvoker.java:146) ~[testng-7.4.0.jar:7.4.0]
	at org.testng.internal.TestMethodWorker.invokeTestMethods(TestMethodWorker.java:146) ~[testng-7.4.0.jar:7.4.0]
	at org.testng.internal.TestMethodWorker.run(TestMethodWorker.java:128) ~[testng-7.4.0.jar:7.4.0]
	at java.base/java.util.ArrayList.forEach(ArrayList.java:1511) [?:?]
	at org.testng.TestRunner.privateRun(TestRunner.java:794) [testng-7.4.0.jar:7.4.0]
	at org.testng.TestRunner.run(TestRunner.java:596) [testng-7.4.0.jar:7.4.0]
	at org.testng.SuiteRunner.runTest(SuiteRunner.java:377) [testng-7.4.0.jar:7.4.0]
	at org.testng.SuiteRunner.runSequentially(SuiteRunner.java:371) [testng-7.4.0.jar:7.4.0]
	at org.testng.SuiteRunner.privateRun(SuiteRunner.java:332) [testng-7.4.0.jar:7.4.0]
	at org.testng.SuiteRunner.run(SuiteRunner.java:276) [testng-7.4.0.jar:7.4.0]
	at org.testng.SuiteRunnerWorker.runSuite(SuiteRunnerWorker.java:53) [testng-7.4.0.jar:7.4.0]
	at org.testng.SuiteRunnerWorker.run(SuiteRunnerWorker.java:96) [testng-7.4.0.jar:7.4.0]
	at org.testng.TestNG.runSuitesSequentially(TestNG.java:1212) [testng-7.4.0.jar:7.4.0]
	at org.testng.TestNG.runSuitesLocally(TestNG.java:1134) [testng-7.4.0.jar:7.4.0]
	at org.testng.TestNG.runSuites(TestNG.java:1063) [testng-7.4.0.jar:7.4.0]
	at org.testng.TestNG.run(TestNG.java:1031) [testng-7.4.0.jar:7.4.0]
	at org.testng.remote.AbstractRemoteTestNG.run(AbstractRemoteTestNG.java:115) [testng-remote.jar:?]
	at org.testng.remote.RemoteTestNG.initAndRun(RemoteTestNG.java:293) [testng-remote.jar:?]
	at org.testng.remote.RemoteTestNG.main(RemoteTestNG.java:91) [testng-remote.jar:?]
14:28:26.245 [main] ERROR testcases.Basiccontrol - Error occurred in Datatypedropdown4 method: 
org.openqa.selenium.NoSuchElementException: no such element: Unable to locate element: {"method":"xpath","selector":"//select[contains(@class,'form-control ng-untouched ng-pristine ng-valid')]"}
  (Session info: chrome=137.0.7151.69)
For documentation on this error, please visit: https://www.selenium.dev/documentation/webdriver/troubleshooting/errors#no-such-element-exception
Build info: version: '4.32.0', revision: 'd17c8aa950'
System info: os.name: 'Windows 10', os.arch: 'amd64', os.version: '10.0', java.version: '17.0.11'
Driver info: org.openqa.selenium.chrome.ChromeDriver
Command: [1759c0590242119e1186306bde3a7750, findElement {value=//select[contains(@class,'form-control ng-untouched ng-pristine ng-valid')], using=xpath}]
Capabilities {acceptInsecureCerts: false, browserName: chrome, browserVersion: 137.0.7151.69, chrome: {chromedriverVersion: 137.0.7151.68 (2989ffee9373..., userDataDir: C:\Users\VSRIKA~1\AppData\L...}, fedcm:accounts: true, goog:chromeOptions: {debuggerAddress: localhost:54140}, networkConnectionEnabled: false, pageLoadStrategy: normal, platformName: windows, proxy: Proxy(), se:cdp: ws://localhost:54140/devtoo..., se:cdpVersion: 137.0.7151.69, setWindowRect: true, strictFileInteractability: false, timeouts: {implicit: 0, pageLoad: 300000, script: 30000}, unhandledPromptBehavior: dismiss and notify, webauthn:extension:credBlob: true, webauthn:extension:largeBlob: true, webauthn:extension:minPinLength: true, webauthn:extension:prf: true, webauthn:virtualAuthenticators: true}
Session ID: 1759c0590242119e1186306bde3a7750
	at jdk.internal.reflect.GeneratedConstructorAccessor23.newInstance(Unknown Source) ~[?:?]
	at java.base/jdk.internal.reflect.DelegatingConstructorAccessorImpl.newInstance(DelegatingConstructorAccessorImpl.java:45) ~[?:?]
	at java.base/java.lang.reflect.Constructor.newInstanceWithCaller(Constructor.java:499) ~[?:?]
	at java.base/java.lang.reflect.Constructor.newInstance(Constructor.java:480) ~[?:?]
	at org.openqa.selenium.remote.ErrorCodec.decode(ErrorCodec.java:167) ~[selenium-server-4.32.0.jar:?]
	at org.openqa.selenium.remote.codec.w3c.W3CHttpResponseCodec.decode(W3CHttpResponseCodec.java:138) ~[selenium-server-4.32.0.jar:?]
	at org.openqa.selenium.remote.codec.w3c.W3CHttpResponseCodec.decode(W3CHttpResponseCodec.java:50) ~[selenium-server-4.32.0.jar:?]
	at org.openqa.selenium.remote.HttpCommandExecutor.execute(HttpCommandExecutor.java:215) ~[selenium-server-4.32.0.jar:?]
	at org.openqa.selenium.remote.service.DriverCommandExecutor.invokeExecute(DriverCommandExecutor.java:216) ~[selenium-server-4.32.0.jar:?]
	at org.openqa.selenium.remote.service.DriverCommandExecutor.execute(DriverCommandExecutor.java:174) ~[selenium-server-4.32.0.jar:?]
	at org.openqa.selenium.remote.RemoteWebDriver.execute(RemoteWebDriver.java:545) ~[selenium-server-4.32.0.jar:?]
	at org.openqa.selenium.remote.ElementLocation$ElementFinder$2.findElement(ElementLocation.java:165) ~[selenium-server-4.32.0.jar:?]
	at org.openqa.selenium.remote.ElementLocation.findElement(ElementLocation.java:59) ~[selenium-server-4.32.0.jar:?]
	at org.openqa.selenium.remote.RemoteWebDriver.findElement(RemoteWebDriver.java:368) ~[selenium-server-4.32.0.jar:?]
	at org.openqa.selenium.remote.RemoteWebDriver.findElement(RemoteWebDriver.java:362) ~[selenium-server-4.32.0.jar:?]
	at testcases.Basiccontrol.Datatypedropdown4(Basiccontrol.java:562) ~[test-classes/:?]
	at java.base/jdk.internal.reflect.NativeMethodAccessorImpl.invoke0(Native Method) ~[?:?]
	at java.base/jdk.internal.reflect.NativeMethodAccessorImpl.invoke(NativeMethodAccessorImpl.java:77) ~[?:?]
	at java.base/jdk.internal.reflect.DelegatingMethodAccessorImpl.invoke(DelegatingMethodAccessorImpl.java:43) ~[?:?]
	at java.base/java.lang.reflect.Method.invoke(Method.java:568) ~[?:?]
	at org.testng.internal.MethodInvocationHelper.invokeMethod(MethodInvocationHelper.java:133) ~[testng-7.4.0.jar:7.4.0]
	at org.testng.internal.TestInvoker.invokeMethod(TestInvoker.java:598) ~[testng-7.4.0.jar:7.4.0]
	at org.testng.internal.TestInvoker.invokeTestMethod(TestInvoker.java:173) ~[testng-7.4.0.jar:7.4.0]
	at org.testng.internal.MethodRunner.runInSequence(MethodRunner.java:46) ~[testng-7.4.0.jar:7.4.0]
	at org.testng.internal.TestInvoker$MethodInvocationAgent.invoke(TestInvoker.java:824) ~[testng-7.4.0.jar:7.4.0]
	at org.testng.internal.TestInvoker.invokeTestMethods(TestInvoker.java:146) ~[testng-7.4.0.jar:7.4.0]
	at org.testng.internal.TestMethodWorker.invokeTestMethods(TestMethodWorker.java:146) ~[testng-7.4.0.jar:7.4.0]
	at org.testng.internal.TestMethodWorker.run(TestMethodWorker.java:128) ~[testng-7.4.0.jar:7.4.0]
	at java.base/java.util.ArrayList.forEach(ArrayList.java:1511) [?:?]
	at org.testng.TestRunner.privateRun(TestRunner.java:794) [testng-7.4.0.jar:7.4.0]
	at org.testng.TestRunner.run(TestRunner.java:596) [testng-7.4.0.jar:7.4.0]
	at org.testng.SuiteRunner.runTest(SuiteRunner.java:377) [testng-7.4.0.jar:7.4.0]
	at org.testng.SuiteRunner.runSequentially(SuiteRunner.java:371) [testng-7.4.0.jar:7.4.0]
	at org.testng.SuiteRunner.privateRun(SuiteRunner.java:332) [testng-7.4.0.jar:7.4.0]
	at org.testng.SuiteRunner.run(SuiteRunner.java:276) [testng-7.4.0.jar:7.4.0]
	at org.testng.SuiteRunnerWorker.runSuite(SuiteRunnerWorker.java:53) [testng-7.4.0.jar:7.4.0]
	at org.testng.SuiteRunnerWorker.run(SuiteRunnerWorker.java:96) [testng-7.4.0.jar:7.4.0]
	at org.testng.TestNG.runSuitesSequentially(TestNG.java:1212) [testng-7.4.0.jar:7.4.0]
	at org.testng.TestNG.runSuitesLocally(TestNG.java:1134) [testng-7.4.0.jar:7.4.0]
	at org.testng.TestNG.runSuites(TestNG.java:1063) [testng-7.4.0.jar:7.4.0]
	at org.testng.TestNG.run(TestNG.java:1031) [testng-7.4.0.jar:7.4.0]
	at org.testng.remote.AbstractRemoteTestNG.run(AbstractRemoteTestNG.java:115) [testng-remote.jar:?]
	at org.testng.remote.RemoteTestNG.initAndRun(RemoteTestNG.java:293) [testng-remote.jar:?]
	at org.testng.remote.RemoteTestNG.main(RemoteTestNG.java:91) [testng-remote.jar:?]
14:28:28.467 [main] ERROR testcases.Basiccontrol - Error occurred in Datedataentry method: 
org.openqa.selenium.NoSuchElementException: no such element: Unable to locate element: {"method":"xpath","selector":"(//td[normalize-space()='5'])[1]"}
  (Session info: chrome=137.0.7151.69)
For documentation on this error, please visit: https://www.selenium.dev/documentation/webdriver/troubleshooting/errors#no-such-element-exception
Build info: version: '4.32.0', revision: 'd17c8aa950'
System info: os.name: 'Windows 10', os.arch: 'amd64', os.version: '10.0', java.version: '17.0.11'
Driver info: org.openqa.selenium.chrome.ChromeDriver
Command: [1759c0590242119e1186306bde3a7750, findElement {value=(//td[normalize-space()='5'])[1], using=xpath}]
Capabilities {acceptInsecureCerts: false, browserName: chrome, browserVersion: 137.0.7151.69, chrome: {chromedriverVersion: 137.0.7151.68 (2989ffee9373..., userDataDir: C:\Users\VSRIKA~1\AppData\L...}, fedcm:accounts: true, goog:chromeOptions: {debuggerAddress: localhost:54140}, networkConnectionEnabled: false, pageLoadStrategy: normal, platformName: windows, proxy: Proxy(), se:cdp: ws://localhost:54140/devtoo..., se:cdpVersion: 137.0.7151.69, setWindowRect: true, strictFileInteractability: false, timeouts: {implicit: 0, pageLoad: 300000, script: 30000}, unhandledPromptBehavior: dismiss and notify, webauthn:extension:credBlob: true, webauthn:extension:largeBlob: true, webauthn:extension:minPinLength: true, webauthn:extension:prf: true, webauthn:virtualAuthenticators: true}
Session ID: 1759c0590242119e1186306bde3a7750
	at jdk.internal.reflect.GeneratedConstructorAccessor23.newInstance(Unknown Source) ~[?:?]
	at java.base/jdk.internal.reflect.DelegatingConstructorAccessorImpl.newInstance(DelegatingConstructorAccessorImpl.java:45) ~[?:?]
	at java.base/java.lang.reflect.Constructor.newInstanceWithCaller(Constructor.java:499) ~[?:?]
	at java.base/java.lang.reflect.Constructor.newInstance(Constructor.java:480) ~[?:?]
	at org.openqa.selenium.remote.ErrorCodec.decode(ErrorCodec.java:167) ~[selenium-server-4.32.0.jar:?]
	at org.openqa.selenium.remote.codec.w3c.W3CHttpResponseCodec.decode(W3CHttpResponseCodec.java:138) ~[selenium-server-4.32.0.jar:?]
	at org.openqa.selenium.remote.codec.w3c.W3CHttpResponseCodec.decode(W3CHttpResponseCodec.java:50) ~[selenium-server-4.32.0.jar:?]
	at org.openqa.selenium.remote.HttpCommandExecutor.execute(HttpCommandExecutor.java:215) ~[selenium-server-4.32.0.jar:?]
	at org.openqa.selenium.remote.service.DriverCommandExecutor.invokeExecute(DriverCommandExecutor.java:216) ~[selenium-server-4.32.0.jar:?]
	at org.openqa.selenium.remote.service.DriverCommandExecutor.execute(DriverCommandExecutor.java:174) ~[selenium-server-4.32.0.jar:?]
	at org.openqa.selenium.remote.RemoteWebDriver.execute(RemoteWebDriver.java:545) ~[selenium-server-4.32.0.jar:?]
	at org.openqa.selenium.remote.ElementLocation$ElementFinder$2.findElement(ElementLocation.java:165) ~[selenium-server-4.32.0.jar:?]
	at org.openqa.selenium.remote.ElementLocation.findElement(ElementLocation.java:59) ~[selenium-server-4.32.0.jar:?]
	at org.openqa.selenium.remote.RemoteWebDriver.findElement(RemoteWebDriver.java:368) ~[selenium-server-4.32.0.jar:?]
	at org.openqa.selenium.remote.RemoteWebDriver.findElement(RemoteWebDriver.java:362) ~[selenium-server-4.32.0.jar:?]
	at testcases.Basiccontrol.Datedataentry1(Basiccontrol.java:572) ~[test-classes/:?]
	at java.base/jdk.internal.reflect.NativeMethodAccessorImpl.invoke0(Native Method) ~[?:?]
	at java.base/jdk.internal.reflect.NativeMethodAccessorImpl.invoke(NativeMethodAccessorImpl.java:77) ~[?:?]
	at java.base/jdk.internal.reflect.DelegatingMethodAccessorImpl.invoke(DelegatingMethodAccessorImpl.java:43) ~[?:?]
	at java.base/java.lang.reflect.Method.invoke(Method.java:568) ~[?:?]
	at org.testng.internal.MethodInvocationHelper.invokeMethod(MethodInvocationHelper.java:133) ~[testng-7.4.0.jar:7.4.0]
	at org.testng.internal.TestInvoker.invokeMethod(TestInvoker.java:598) ~[testng-7.4.0.jar:7.4.0]
	at org.testng.internal.TestInvoker.invokeTestMethod(TestInvoker.java:173) ~[testng-7.4.0.jar:7.4.0]
	at org.testng.internal.MethodRunner.runInSequence(MethodRunner.java:46) ~[testng-7.4.0.jar:7.4.0]
	at org.testng.internal.TestInvoker$MethodInvocationAgent.invoke(TestInvoker.java:824) ~[testng-7.4.0.jar:7.4.0]
	at org.testng.internal.TestInvoker.invokeTestMethods(TestInvoker.java:146) ~[testng-7.4.0.jar:7.4.0]
	at org.testng.internal.TestMethodWorker.invokeTestMethods(TestMethodWorker.java:146) ~[testng-7.4.0.jar:7.4.0]
	at org.testng.internal.TestMethodWorker.run(TestMethodWorker.java:128) ~[testng-7.4.0.jar:7.4.0]
	at java.base/java.util.ArrayList.forEach(ArrayList.java:1511) [?:?]
	at org.testng.TestRunner.privateRun(TestRunner.java:794) [testng-7.4.0.jar:7.4.0]
	at org.testng.TestRunner.run(TestRunner.java:596) [testng-7.4.0.jar:7.4.0]
	at org.testng.SuiteRunner.runTest(SuiteRunner.java:377) [testng-7.4.0.jar:7.4.0]
	at org.testng.SuiteRunner.runSequentially(SuiteRunner.java:371) [testng-7.4.0.jar:7.4.0]
	at org.testng.SuiteRunner.privateRun(SuiteRunner.java:332) [testng-7.4.0.jar:7.4.0]
	at org.testng.SuiteRunner.run(SuiteRunner.java:276) [testng-7.4.0.jar:7.4.0]
	at org.testng.SuiteRunnerWorker.runSuite(SuiteRunnerWorker.java:53) [testng-7.4.0.jar:7.4.0]
	at org.testng.SuiteRunnerWorker.run(SuiteRunnerWorker.java:96) [testng-7.4.0.jar:7.4.0]
	at org.testng.TestNG.runSuitesSequentially(TestNG.java:1212) [testng-7.4.0.jar:7.4.0]
	at org.testng.TestNG.runSuitesLocally(TestNG.java:1134) [testng-7.4.0.jar:7.4.0]
	at org.testng.TestNG.runSuites(TestNG.java:1063) [testng-7.4.0.jar:7.4.0]
	at org.testng.TestNG.run(TestNG.java:1031) [testng-7.4.0.jar:7.4.0]
	at org.testng.remote.AbstractRemoteTestNG.run(AbstractRemoteTestNG.java:115) [testng-remote.jar:?]
	at org.testng.remote.RemoteTestNG.initAndRun(RemoteTestNG.java:293) [testng-remote.jar:?]
	at org.testng.remote.RemoteTestNG.main(RemoteTestNG.java:91) [testng-remote.jar:?]
14:28:30.736 [main] ERROR testcases.Basiccontrol - Error occurred in Ok1 method: 
org.openqa.selenium.NoSuchElementException: no such element: Unable to locate element: {"method":"xpath","selector":"(//button[@class='borderenable btn btn-sm button-border ng-star-inserted'])[2]"}
  (Session info: chrome=137.0.7151.69)
For documentation on this error, please visit: https://www.selenium.dev/documentation/webdriver/troubleshooting/errors#no-such-element-exception
Build info: version: '4.32.0', revision: 'd17c8aa950'
System info: os.name: 'Windows 10', os.arch: 'amd64', os.version: '10.0', java.version: '17.0.11'
Driver info: org.openqa.selenium.chrome.ChromeDriver
Command: [1759c0590242119e1186306bde3a7750, findElement {value=(//button[@class='borderenable btn btn-sm button-border ng-star-inserted'])[2], using=xpath}]
Capabilities {acceptInsecureCerts: false, browserName: chrome, browserVersion: 137.0.7151.69, chrome: {chromedriverVersion: 137.0.7151.68 (2989ffee9373..., userDataDir: C:\Users\VSRIKA~1\AppData\L...}, fedcm:accounts: true, goog:chromeOptions: {debuggerAddress: localhost:54140}, networkConnectionEnabled: false, pageLoadStrategy: normal, platformName: windows, proxy: Proxy(), se:cdp: ws://localhost:54140/devtoo..., se:cdpVersion: 137.0.7151.69, setWindowRect: true, strictFileInteractability: false, timeouts: {implicit: 0, pageLoad: 300000, script: 30000}, unhandledPromptBehavior: dismiss and notify, webauthn:extension:credBlob: true, webauthn:extension:largeBlob: true, webauthn:extension:minPinLength: true, webauthn:extension:prf: true, webauthn:virtualAuthenticators: true}
Session ID: 1759c0590242119e1186306bde3a7750
	at jdk.internal.reflect.GeneratedConstructorAccessor23.newInstance(Unknown Source) ~[?:?]
	at java.base/jdk.internal.reflect.DelegatingConstructorAccessorImpl.newInstance(DelegatingConstructorAccessorImpl.java:45) ~[?:?]
	at java.base/java.lang.reflect.Constructor.newInstanceWithCaller(Constructor.java:499) ~[?:?]
	at java.base/java.lang.reflect.Constructor.newInstance(Constructor.java:480) ~[?:?]
	at org.openqa.selenium.remote.ErrorCodec.decode(ErrorCodec.java:167) ~[selenium-server-4.32.0.jar:?]
	at org.openqa.selenium.remote.codec.w3c.W3CHttpResponseCodec.decode(W3CHttpResponseCodec.java:138) ~[selenium-server-4.32.0.jar:?]
	at org.openqa.selenium.remote.codec.w3c.W3CHttpResponseCodec.decode(W3CHttpResponseCodec.java:50) ~[selenium-server-4.32.0.jar:?]
	at org.openqa.selenium.remote.HttpCommandExecutor.execute(HttpCommandExecutor.java:215) ~[selenium-server-4.32.0.jar:?]
	at org.openqa.selenium.remote.service.DriverCommandExecutor.invokeExecute(DriverCommandExecutor.java:216) ~[selenium-server-4.32.0.jar:?]
	at org.openqa.selenium.remote.service.DriverCommandExecutor.execute(DriverCommandExecutor.java:174) ~[selenium-server-4.32.0.jar:?]
	at org.openqa.selenium.remote.RemoteWebDriver.execute(RemoteWebDriver.java:545) ~[selenium-server-4.32.0.jar:?]
	at org.openqa.selenium.remote.ElementLocation$ElementFinder$2.findElement(ElementLocation.java:165) ~[selenium-server-4.32.0.jar:?]
	at org.openqa.selenium.remote.ElementLocation.findElement(ElementLocation.java:59) ~[selenium-server-4.32.0.jar:?]
	at org.openqa.selenium.remote.RemoteWebDriver.findElement(RemoteWebDriver.java:368) ~[selenium-server-4.32.0.jar:?]
	at org.openqa.selenium.remote.RemoteWebDriver.findElement(RemoteWebDriver.java:362) ~[selenium-server-4.32.0.jar:?]
	at testcases.Basiccontrol.Ok1(Basiccontrol.java:586) ~[test-classes/:?]
	at java.base/jdk.internal.reflect.NativeMethodAccessorImpl.invoke0(Native Method) ~[?:?]
	at java.base/jdk.internal.reflect.NativeMethodAccessorImpl.invoke(NativeMethodAccessorImpl.java:77) ~[?:?]
	at java.base/jdk.internal.reflect.DelegatingMethodAccessorImpl.invoke(DelegatingMethodAccessorImpl.java:43) ~[?:?]
	at java.base/java.lang.reflect.Method.invoke(Method.java:568) ~[?:?]
	at org.testng.internal.MethodInvocationHelper.invokeMethod(MethodInvocationHelper.java:133) ~[testng-7.4.0.jar:7.4.0]
	at org.testng.internal.TestInvoker.invokeMethod(TestInvoker.java:598) ~[testng-7.4.0.jar:7.4.0]
	at org.testng.internal.TestInvoker.invokeTestMethod(TestInvoker.java:173) ~[testng-7.4.0.jar:7.4.0]
	at org.testng.internal.MethodRunner.runInSequence(MethodRunner.java:46) ~[testng-7.4.0.jar:7.4.0]
	at org.testng.internal.TestInvoker$MethodInvocationAgent.invoke(TestInvoker.java:824) ~[testng-7.4.0.jar:7.4.0]
	at org.testng.internal.TestInvoker.invokeTestMethods(TestInvoker.java:146) ~[testng-7.4.0.jar:7.4.0]
	at org.testng.internal.TestMethodWorker.invokeTestMethods(TestMethodWorker.java:146) ~[testng-7.4.0.jar:7.4.0]
	at org.testng.internal.TestMethodWorker.run(TestMethodWorker.java:128) ~[testng-7.4.0.jar:7.4.0]
	at java.base/java.util.ArrayList.forEach(ArrayList.java:1511) [?:?]
	at org.testng.TestRunner.privateRun(TestRunner.java:794) [testng-7.4.0.jar:7.4.0]
	at org.testng.TestRunner.run(TestRunner.java:596) [testng-7.4.0.jar:7.4.0]
	at org.testng.SuiteRunner.runTest(SuiteRunner.java:377) [testng-7.4.0.jar:7.4.0]
	at org.testng.SuiteRunner.runSequentially(SuiteRunner.java:371) [testng-7.4.0.jar:7.4.0]
	at org.testng.SuiteRunner.privateRun(SuiteRunner.java:332) [testng-7.4.0.jar:7.4.0]
	at org.testng.SuiteRunner.run(SuiteRunner.java:276) [testng-7.4.0.jar:7.4.0]
	at org.testng.SuiteRunnerWorker.runSuite(SuiteRunnerWorker.java:53) [testng-7.4.0.jar:7.4.0]
	at org.testng.SuiteRunnerWorker.run(SuiteRunnerWorker.java:96) [testng-7.4.0.jar:7.4.0]
	at org.testng.TestNG.runSuitesSequentially(TestNG.java:1212) [testng-7.4.0.jar:7.4.0]
	at org.testng.TestNG.runSuitesLocally(TestNG.java:1134) [testng-7.4.0.jar:7.4.0]
	at org.testng.TestNG.runSuites(TestNG.java:1063) [testng-7.4.0.jar:7.4.0]
	at org.testng.TestNG.run(TestNG.java:1031) [testng-7.4.0.jar:7.4.0]
	at org.testng.remote.AbstractRemoteTestNG.run(AbstractRemoteTestNG.java:115) [testng-remote.jar:?]
	at org.testng.remote.RemoteTestNG.initAndRun(RemoteTestNG.java:293) [testng-remote.jar:?]
	at org.testng.remote.RemoteTestNG.main(RemoteTestNG.java:91) [testng-remote.jar:?]
14:35:14.700 [main] INFO  testcases.Signin - SignIn successfully
14:35:27.967 [main] INFO  testcases.Basiccontrol - Section process completed successfully.
15:57:58.090 [main] ERROR testcases.Basiccontrol - Error occurred in signaturestep method: 
org.openqa.selenium.TimeoutException: Expected condition failed: waiting for element to be clickable: By.xpath: (//span[@data-type='textfield'])[15] (tried for 30 second(s) with 500 milliseconds interval)
Build info: version: '4.32.0', revision: 'd17c8aa950'
System info: os.name: 'Windows 10', os.arch: 'amd64', os.version: '10.0', java.version: '17.0.11'
Driver info: org.openqa.selenium.chrome.ChromeDriver
Capabilities {acceptInsecureCerts: false, browserName: chrome, browserVersion: 137.0.7151.69, chrome: {chromedriverVersion: 137.0.7151.68 (2989ffee9373..., userDataDir: C:\Users\VSRIKA~1\AppData\L...}, fedcm:accounts: true, goog:chromeOptions: {debuggerAddress: localhost:65249}, networkConnectionEnabled: false, pageLoadStrategy: normal, platformName: windows, proxy: Proxy(), se:cdp: ws://localhost:65249/devtoo..., se:cdpVersion: 137.0.7151.69, setWindowRect: true, strictFileInteractability: false, timeouts: {implicit: 0, pageLoad: 300000, script: 30000}, unhandledPromptBehavior: dismiss and notify, webauthn:extension:credBlob: true, webauthn:extension:largeBlob: true, webauthn:extension:minPinLength: true, webauthn:extension:prf: true, webauthn:virtualAuthenticators: true}
Session ID: 27856242838c60cfd802f69e202783ef
	at org.openqa.selenium.support.ui.WebDriverWait.timeoutException(WebDriverWait.java:84) ~[selenium-server-4.32.0.jar:?]
	at org.openqa.selenium.support.ui.FluentWait.until(FluentWait.java:228) ~[selenium-server-4.32.0.jar:?]
	at testcases.Basiccontrol.signaturestep(Basiccontrol.java:134) ~[test-classes/:?]
	at java.base/jdk.internal.reflect.NativeMethodAccessorImpl.invoke0(Native Method) ~[?:?]
	at java.base/jdk.internal.reflect.NativeMethodAccessorImpl.invoke(NativeMethodAccessorImpl.java:77) ~[?:?]
	at java.base/jdk.internal.reflect.DelegatingMethodAccessorImpl.invoke(DelegatingMethodAccessorImpl.java:43) ~[?:?]
	at java.base/java.lang.reflect.Method.invoke(Method.java:568) ~[?:?]
	at org.testng.internal.MethodInvocationHelper.invokeMethod(MethodInvocationHelper.java:133) ~[testng-7.4.0.jar:7.4.0]
	at org.testng.internal.TestInvoker.invokeMethod(TestInvoker.java:598) ~[testng-7.4.0.jar:7.4.0]
	at org.testng.internal.TestInvoker.invokeTestMethod(TestInvoker.java:173) ~[testng-7.4.0.jar:7.4.0]
	at org.testng.internal.MethodRunner.runInSequence(MethodRunner.java:46) ~[testng-7.4.0.jar:7.4.0]
	at org.testng.internal.TestInvoker$MethodInvocationAgent.invoke(TestInvoker.java:824) ~[testng-7.4.0.jar:7.4.0]
	at org.testng.internal.TestInvoker.invokeTestMethods(TestInvoker.java:146) ~[testng-7.4.0.jar:7.4.0]
	at org.testng.internal.TestMethodWorker.invokeTestMethods(TestMethodWorker.java:146) ~[testng-7.4.0.jar:7.4.0]
	at org.testng.internal.TestMethodWorker.run(TestMethodWorker.java:128) ~[testng-7.4.0.jar:7.4.0]
	at java.base/java.util.ArrayList.forEach(ArrayList.java:1511) [?:?]
	at org.testng.TestRunner.privateRun(TestRunner.java:794) [testng-7.4.0.jar:7.4.0]
	at org.testng.TestRunner.run(TestRunner.java:596) [testng-7.4.0.jar:7.4.0]
	at org.testng.SuiteRunner.runTest(SuiteRunner.java:377) [testng-7.4.0.jar:7.4.0]
	at org.testng.SuiteRunner.runSequentially(SuiteRunner.java:371) [testng-7.4.0.jar:7.4.0]
	at org.testng.SuiteRunner.privateRun(SuiteRunner.java:332) [testng-7.4.0.jar:7.4.0]
	at org.testng.SuiteRunner.run(SuiteRunner.java:276) [testng-7.4.0.jar:7.4.0]
	at org.testng.SuiteRunnerWorker.runSuite(SuiteRunnerWorker.java:53) [testng-7.4.0.jar:7.4.0]
	at org.testng.SuiteRunnerWorker.run(SuiteRunnerWorker.java:96) [testng-7.4.0.jar:7.4.0]
	at org.testng.TestNG.runSuitesSequentially(TestNG.java:1212) [testng-7.4.0.jar:7.4.0]
	at org.testng.TestNG.runSuitesLocally(TestNG.java:1134) [testng-7.4.0.jar:7.4.0]
	at org.testng.TestNG.runSuites(TestNG.java:1063) [testng-7.4.0.jar:7.4.0]
	at org.testng.TestNG.run(TestNG.java:1031) [testng-7.4.0.jar:7.4.0]
	at org.testng.remote.AbstractRemoteTestNG.run(AbstractRemoteTestNG.java:115) [testng-remote.jar:?]
	at org.testng.remote.RemoteTestNG.initAndRun(RemoteTestNG.java:293) [testng-remote.jar:?]
	at org.testng.remote.RemoteTestNG.main(RemoteTestNG.java:91) [testng-remote.jar:?]
15:58:28.590 [main] ERROR testcases.Basiccontrol - Error occurred in stepinfo method: 
org.openqa.selenium.TimeoutException: Expected condition failed: waiting for presence of element located by: By.xpath: (//span[@data-key='textfield'])[16] (tried for 30 second(s) with 500 milliseconds interval)
	at org.openqa.selenium.support.ui.WebDriverWait.timeoutException(WebDriverWait.java:84) ~[selenium-server-4.32.0.jar:?]
	at org.openqa.selenium.support.ui.FluentWait.until(FluentWait.java:228) ~[selenium-server-4.32.0.jar:?]
	at testcases.Basiccontrol.scrollAndClick(Basiccontrol.java:35) ~[test-classes/:?]
	at testcases.Basiccontrol.stepinfo(Basiccontrol.java:163) ~[test-classes/:?]
	at java.base/jdk.internal.reflect.NativeMethodAccessorImpl.invoke0(Native Method) ~[?:?]
	at java.base/jdk.internal.reflect.NativeMethodAccessorImpl.invoke(NativeMethodAccessorImpl.java:77) ~[?:?]
	at java.base/jdk.internal.reflect.DelegatingMethodAccessorImpl.invoke(DelegatingMethodAccessorImpl.java:43) ~[?:?]
	at java.base/java.lang.reflect.Method.invoke(Method.java:568) ~[?:?]
	at org.testng.internal.MethodInvocationHelper.invokeMethod(MethodInvocationHelper.java:133) ~[testng-7.4.0.jar:7.4.0]
	at org.testng.internal.TestInvoker.invokeMethod(TestInvoker.java:598) ~[testng-7.4.0.jar:7.4.0]
	at org.testng.internal.TestInvoker.invokeTestMethod(TestInvoker.java:173) ~[testng-7.4.0.jar:7.4.0]
	at org.testng.internal.MethodRunner.runInSequence(MethodRunner.java:46) ~[testng-7.4.0.jar:7.4.0]
	at org.testng.internal.TestInvoker$MethodInvocationAgent.invoke(TestInvoker.java:824) ~[testng-7.4.0.jar:7.4.0]
	at org.testng.internal.TestInvoker.invokeTestMethods(TestInvoker.java:146) ~[testng-7.4.0.jar:7.4.0]
	at org.testng.internal.TestMethodWorker.invokeTestMethods(TestMethodWorker.java:146) ~[testng-7.4.0.jar:7.4.0]
	at org.testng.internal.TestMethodWorker.run(TestMethodWorker.java:128) ~[testng-7.4.0.jar:7.4.0]
	at java.base/java.util.ArrayList.forEach(ArrayList.java:1511) [?:?]
	at org.testng.TestRunner.privateRun(TestRunner.java:794) [testng-7.4.0.jar:7.4.0]
	at org.testng.TestRunner.run(TestRunner.java:596) [testng-7.4.0.jar:7.4.0]
	at org.testng.SuiteRunner.runTest(SuiteRunner.java:377) [testng-7.4.0.jar:7.4.0]
	at org.testng.SuiteRunner.runSequentially(SuiteRunner.java:371) [testng-7.4.0.jar:7.4.0]
	at org.testng.SuiteRunner.privateRun(SuiteRunner.java:332) [testng-7.4.0.jar:7.4.0]
	at org.testng.SuiteRunner.run(SuiteRunner.java:276) [testng-7.4.0.jar:7.4.0]
	at org.testng.SuiteRunnerWorker.runSuite(SuiteRunnerWorker.java:53) [testng-7.4.0.jar:7.4.0]
	at org.testng.SuiteRunnerWorker.run(SuiteRunnerWorker.java:96) [testng-7.4.0.jar:7.4.0]
	at org.testng.TestNG.runSuitesSequentially(TestNG.java:1212) [testng-7.4.0.jar:7.4.0]
	at org.testng.TestNG.runSuitesLocally(TestNG.java:1134) [testng-7.4.0.jar:7.4.0]
	at org.testng.TestNG.runSuites(TestNG.java:1063) [testng-7.4.0.jar:7.4.0]
	at org.testng.TestNG.run(TestNG.java:1031) [testng-7.4.0.jar:7.4.0]
	at org.testng.remote.AbstractRemoteTestNG.run(AbstractRemoteTestNG.java:115) [testng-remote.jar:?]
	at org.testng.remote.RemoteTestNG.initAndRun(RemoteTestNG.java:293) [testng-remote.jar:?]
	at org.testng.remote.RemoteTestNG.main(RemoteTestNG.java:91) [testng-remote.jar:?]
Caused by: org.openqa.selenium.NoSuchElementException: no such element: Unable to locate element: {"method":"xpath","selector":"(//span[@data-key='textfield'])[16]"}
  (Session info: chrome=137.0.7151.69)
For documentation on this error, please visit: https://www.selenium.dev/documentation/webdriver/troubleshooting/errors#no-such-element-exception
Build info: version: '4.32.0', revision: 'd17c8aa950'
System info: os.name: 'Windows 10', os.arch: 'amd64', os.version: '10.0', java.version: '17.0.11'
Driver info: org.openqa.selenium.chrome.ChromeDriver
Command: [27856242838c60cfd802f69e202783ef, findElement {value=(//span[@data-key='textfield'])[16], using=xpath}]
Capabilities {acceptInsecureCerts: false, browserName: chrome, browserVersion: 137.0.7151.69, chrome: {chromedriverVersion: 137.0.7151.68 (2989ffee9373..., userDataDir: C:\Users\VSRIKA~1\AppData\L...}, fedcm:accounts: true, goog:chromeOptions: {debuggerAddress: localhost:65249}, networkConnectionEnabled: false, pageLoadStrategy: normal, platformName: windows, proxy: Proxy(), se:cdp: ws://localhost:65249/devtoo..., se:cdpVersion: 137.0.7151.69, setWindowRect: true, strictFileInteractability: false, timeouts: {implicit: 0, pageLoad: 300000, script: 30000}, unhandledPromptBehavior: dismiss and notify, webauthn:extension:credBlob: true, webauthn:extension:largeBlob: true, webauthn:extension:minPinLength: true, webauthn:extension:prf: true, webauthn:virtualAuthenticators: true}
Session ID: 27856242838c60cfd802f69e202783ef
	at jdk.internal.reflect.GeneratedConstructorAccessor21.newInstance(Unknown Source) ~[?:?]
	at java.base/jdk.internal.reflect.DelegatingConstructorAccessorImpl.newInstance(DelegatingConstructorAccessorImpl.java:45) ~[?:?]
	at java.base/java.lang.reflect.Constructor.newInstanceWithCaller(Constructor.java:499) ~[?:?]
	at java.base/java.lang.reflect.Constructor.newInstance(Constructor.java:480) ~[?:?]
	at org.openqa.selenium.remote.ErrorCodec.decode(ErrorCodec.java:167) ~[selenium-server-4.32.0.jar:?]
	at org.openqa.selenium.remote.codec.w3c.W3CHttpResponseCodec.decode(W3CHttpResponseCodec.java:138) ~[selenium-server-4.32.0.jar:?]
	at org.openqa.selenium.remote.codec.w3c.W3CHttpResponseCodec.decode(W3CHttpResponseCodec.java:50) ~[selenium-server-4.32.0.jar:?]
	at org.openqa.selenium.remote.HttpCommandExecutor.execute(HttpCommandExecutor.java:215) ~[selenium-server-4.32.0.jar:?]
	at org.openqa.selenium.remote.service.DriverCommandExecutor.invokeExecute(DriverCommandExecutor.java:216) ~[selenium-server-4.32.0.jar:?]
	at org.openqa.selenium.remote.service.DriverCommandExecutor.execute(DriverCommandExecutor.java:174) ~[selenium-server-4.32.0.jar:?]
	at org.openqa.selenium.remote.RemoteWebDriver.execute(RemoteWebDriver.java:545) ~[selenium-server-4.32.0.jar:?]
	at org.openqa.selenium.remote.ElementLocation$ElementFinder$2.findElement(ElementLocation.java:165) ~[selenium-server-4.32.0.jar:?]
	at org.openqa.selenium.remote.ElementLocation.findElement(ElementLocation.java:59) ~[selenium-server-4.32.0.jar:?]
	at org.openqa.selenium.remote.RemoteWebDriver.findElement(RemoteWebDriver.java:368) ~[selenium-server-4.32.0.jar:?]
	at org.openqa.selenium.remote.RemoteWebDriver.findElement(RemoteWebDriver.java:362) ~[selenium-server-4.32.0.jar:?]
	at org.openqa.selenium.support.ui.ExpectedConditions$6.apply(ExpectedConditions.java:171) ~[selenium-server-4.32.0.jar:?]
	at org.openqa.selenium.support.ui.ExpectedConditions$6.apply(ExpectedConditions.java:168) ~[selenium-server-4.32.0.jar:?]
	at org.openqa.selenium.support.ui.FluentWait.until(FluentWait.java:203) ~[selenium-server-4.32.0.jar:?]
	... 30 more
15:58:59.075 [main] ERROR testcases.Basiccontrol - Error occurred in Delaystep method: 
org.openqa.selenium.TimeoutException: Expected condition failed: waiting for presence of element located by: By.xpath: (//span[@data-key='textfield'])[17] (tried for 30 second(s) with 500 milliseconds interval)
	at org.openqa.selenium.support.ui.WebDriverWait.timeoutException(WebDriverWait.java:84) ~[selenium-server-4.32.0.jar:?]
	at org.openqa.selenium.support.ui.FluentWait.until(FluentWait.java:228) ~[selenium-server-4.32.0.jar:?]
	at testcases.Basiccontrol.scrollAndClick(Basiccontrol.java:35) ~[test-classes/:?]
	at testcases.Basiccontrol.Delaystep(Basiccontrol.java:189) ~[test-classes/:?]
	at java.base/jdk.internal.reflect.NativeMethodAccessorImpl.invoke0(Native Method) ~[?:?]
	at java.base/jdk.internal.reflect.NativeMethodAccessorImpl.invoke(NativeMethodAccessorImpl.java:77) ~[?:?]
	at java.base/jdk.internal.reflect.DelegatingMethodAccessorImpl.invoke(DelegatingMethodAccessorImpl.java:43) ~[?:?]
	at java.base/java.lang.reflect.Method.invoke(Method.java:568) ~[?:?]
	at org.testng.internal.MethodInvocationHelper.invokeMethod(MethodInvocationHelper.java:133) ~[testng-7.4.0.jar:7.4.0]
	at org.testng.internal.TestInvoker.invokeMethod(TestInvoker.java:598) ~[testng-7.4.0.jar:7.4.0]
	at org.testng.internal.TestInvoker.invokeTestMethod(TestInvoker.java:173) ~[testng-7.4.0.jar:7.4.0]
	at org.testng.internal.MethodRunner.runInSequence(MethodRunner.java:46) ~[testng-7.4.0.jar:7.4.0]
	at org.testng.internal.TestInvoker$MethodInvocationAgent.invoke(TestInvoker.java:824) ~[testng-7.4.0.jar:7.4.0]
	at org.testng.internal.TestInvoker.invokeTestMethods(TestInvoker.java:146) ~[testng-7.4.0.jar:7.4.0]
	at org.testng.internal.TestMethodWorker.invokeTestMethods(TestMethodWorker.java:146) ~[testng-7.4.0.jar:7.4.0]
	at org.testng.internal.TestMethodWorker.run(TestMethodWorker.java:128) ~[testng-7.4.0.jar:7.4.0]
	at java.base/java.util.ArrayList.forEach(ArrayList.java:1511) [?:?]
	at org.testng.TestRunner.privateRun(TestRunner.java:794) [testng-7.4.0.jar:7.4.0]
	at org.testng.TestRunner.run(TestRunner.java:596) [testng-7.4.0.jar:7.4.0]
	at org.testng.SuiteRunner.runTest(SuiteRunner.java:377) [testng-7.4.0.jar:7.4.0]
	at org.testng.SuiteRunner.runSequentially(SuiteRunner.java:371) [testng-7.4.0.jar:7.4.0]
	at org.testng.SuiteRunner.privateRun(SuiteRunner.java:332) [testng-7.4.0.jar:7.4.0]
	at org.testng.SuiteRunner.run(SuiteRunner.java:276) [testng-7.4.0.jar:7.4.0]
	at org.testng.SuiteRunnerWorker.runSuite(SuiteRunnerWorker.java:53) [testng-7.4.0.jar:7.4.0]
	at org.testng.SuiteRunnerWorker.run(SuiteRunnerWorker.java:96) [testng-7.4.0.jar:7.4.0]
	at org.testng.TestNG.runSuitesSequentially(TestNG.java:1212) [testng-7.4.0.jar:7.4.0]
	at org.testng.TestNG.runSuitesLocally(TestNG.java:1134) [testng-7.4.0.jar:7.4.0]
	at org.testng.TestNG.runSuites(TestNG.java:1063) [testng-7.4.0.jar:7.4.0]
	at org.testng.TestNG.run(TestNG.java:1031) [testng-7.4.0.jar:7.4.0]
	at org.testng.remote.AbstractRemoteTestNG.run(AbstractRemoteTestNG.java:115) [testng-remote.jar:?]
	at org.testng.remote.RemoteTestNG.initAndRun(RemoteTestNG.java:293) [testng-remote.jar:?]
	at org.testng.remote.RemoteTestNG.main(RemoteTestNG.java:91) [testng-remote.jar:?]
Caused by: org.openqa.selenium.NoSuchElementException: no such element: Unable to locate element: {"method":"xpath","selector":"(//span[@data-key='textfield'])[17]"}
  (Session info: chrome=137.0.7151.69)
For documentation on this error, please visit: https://www.selenium.dev/documentation/webdriver/troubleshooting/errors#no-such-element-exception
Build info: version: '4.32.0', revision: 'd17c8aa950'
System info: os.name: 'Windows 10', os.arch: 'amd64', os.version: '10.0', java.version: '17.0.11'
Driver info: org.openqa.selenium.chrome.ChromeDriver
Command: [27856242838c60cfd802f69e202783ef, findElement {value=(//span[@data-key='textfield'])[17], using=xpath}]
Capabilities {acceptInsecureCerts: false, browserName: chrome, browserVersion: 137.0.7151.69, chrome: {chromedriverVersion: 137.0.7151.68 (2989ffee9373..., userDataDir: C:\Users\VSRIKA~1\AppData\L...}, fedcm:accounts: true, goog:chromeOptions: {debuggerAddress: localhost:65249}, networkConnectionEnabled: false, pageLoadStrategy: normal, platformName: windows, proxy: Proxy(), se:cdp: ws://localhost:65249/devtoo..., se:cdpVersion: 137.0.7151.69, setWindowRect: true, strictFileInteractability: false, timeouts: {implicit: 0, pageLoad: 300000, script: 30000}, unhandledPromptBehavior: dismiss and notify, webauthn:extension:credBlob: true, webauthn:extension:largeBlob: true, webauthn:extension:minPinLength: true, webauthn:extension:prf: true, webauthn:virtualAuthenticators: true}
Session ID: 27856242838c60cfd802f69e202783ef
	at jdk.internal.reflect.GeneratedConstructorAccessor21.newInstance(Unknown Source) ~[?:?]
	at java.base/jdk.internal.reflect.DelegatingConstructorAccessorImpl.newInstance(DelegatingConstructorAccessorImpl.java:45) ~[?:?]
	at java.base/java.lang.reflect.Constructor.newInstanceWithCaller(Constructor.java:499) ~[?:?]
	at java.base/java.lang.reflect.Constructor.newInstance(Constructor.java:480) ~[?:?]
	at org.openqa.selenium.remote.ErrorCodec.decode(ErrorCodec.java:167) ~[selenium-server-4.32.0.jar:?]
	at org.openqa.selenium.remote.codec.w3c.W3CHttpResponseCodec.decode(W3CHttpResponseCodec.java:138) ~[selenium-server-4.32.0.jar:?]
	at org.openqa.selenium.remote.codec.w3c.W3CHttpResponseCodec.decode(W3CHttpResponseCodec.java:50) ~[selenium-server-4.32.0.jar:?]
	at org.openqa.selenium.remote.HttpCommandExecutor.execute(HttpCommandExecutor.java:215) ~[selenium-server-4.32.0.jar:?]
	at org.openqa.selenium.remote.service.DriverCommandExecutor.invokeExecute(DriverCommandExecutor.java:216) ~[selenium-server-4.32.0.jar:?]
	at org.openqa.selenium.remote.service.DriverCommandExecutor.execute(DriverCommandExecutor.java:174) ~[selenium-server-4.32.0.jar:?]
	at org.openqa.selenium.remote.RemoteWebDriver.execute(RemoteWebDriver.java:545) ~[selenium-server-4.32.0.jar:?]
	at org.openqa.selenium.remote.ElementLocation$ElementFinder$2.findElement(ElementLocation.java:165) ~[selenium-server-4.32.0.jar:?]
	at org.openqa.selenium.remote.ElementLocation.findElement(ElementLocation.java:59) ~[selenium-server-4.32.0.jar:?]
	at org.openqa.selenium.remote.RemoteWebDriver.findElement(RemoteWebDriver.java:368) ~[selenium-server-4.32.0.jar:?]
	at org.openqa.selenium.remote.RemoteWebDriver.findElement(RemoteWebDriver.java:362) ~[selenium-server-4.32.0.jar:?]
	at org.openqa.selenium.support.ui.ExpectedConditions$6.apply(ExpectedConditions.java:171) ~[selenium-server-4.32.0.jar:?]
	at org.openqa.selenium.support.ui.ExpectedConditions$6.apply(ExpectedConditions.java:168) ~[selenium-server-4.32.0.jar:?]
	at org.openqa.selenium.support.ui.FluentWait.until(FluentWait.java:203) ~[selenium-server-4.32.0.jar:?]
	... 30 more
15:59:29.591 [main] ERROR testcases.Basiccontrol - Error occurred in Timedstep method: 
org.openqa.selenium.TimeoutException: Expected condition failed: waiting for presence of element located by: By.xpath: (//span[@data-type='textfield'])[18] (tried for 30 second(s) with 500 milliseconds interval)
	at org.openqa.selenium.support.ui.WebDriverWait.timeoutException(WebDriverWait.java:84) ~[selenium-server-4.32.0.jar:?]
	at org.openqa.selenium.support.ui.FluentWait.until(FluentWait.java:228) ~[selenium-server-4.32.0.jar:?]
	at testcases.Basiccontrol.scrollAndClick(Basiccontrol.java:35) ~[test-classes/:?]
	at testcases.Basiccontrol.Timedstep(Basiccontrol.java:214) ~[test-classes/:?]
	at java.base/jdk.internal.reflect.NativeMethodAccessorImpl.invoke0(Native Method) ~[?:?]
	at java.base/jdk.internal.reflect.NativeMethodAccessorImpl.invoke(NativeMethodAccessorImpl.java:77) ~[?:?]
	at java.base/jdk.internal.reflect.DelegatingMethodAccessorImpl.invoke(DelegatingMethodAccessorImpl.java:43) ~[?:?]
	at java.base/java.lang.reflect.Method.invoke(Method.java:568) ~[?:?]
	at org.testng.internal.MethodInvocationHelper.invokeMethod(MethodInvocationHelper.java:133) ~[testng-7.4.0.jar:7.4.0]
	at org.testng.internal.TestInvoker.invokeMethod(TestInvoker.java:598) ~[testng-7.4.0.jar:7.4.0]
	at org.testng.internal.TestInvoker.invokeTestMethod(TestInvoker.java:173) ~[testng-7.4.0.jar:7.4.0]
	at org.testng.internal.MethodRunner.runInSequence(MethodRunner.java:46) ~[testng-7.4.0.jar:7.4.0]
	at org.testng.internal.TestInvoker$MethodInvocationAgent.invoke(TestInvoker.java:824) ~[testng-7.4.0.jar:7.4.0]
	at org.testng.internal.TestInvoker.invokeTestMethods(TestInvoker.java:146) ~[testng-7.4.0.jar:7.4.0]
	at org.testng.internal.TestMethodWorker.invokeTestMethods(TestMethodWorker.java:146) ~[testng-7.4.0.jar:7.4.0]
	at org.testng.internal.TestMethodWorker.run(TestMethodWorker.java:128) ~[testng-7.4.0.jar:7.4.0]
	at java.base/java.util.ArrayList.forEach(ArrayList.java:1511) [?:?]
	at org.testng.TestRunner.privateRun(TestRunner.java:794) [testng-7.4.0.jar:7.4.0]
	at org.testng.TestRunner.run(TestRunner.java:596) [testng-7.4.0.jar:7.4.0]
	at org.testng.SuiteRunner.runTest(SuiteRunner.java:377) [testng-7.4.0.jar:7.4.0]
	at org.testng.SuiteRunner.runSequentially(SuiteRunner.java:371) [testng-7.4.0.jar:7.4.0]
	at org.testng.SuiteRunner.privateRun(SuiteRunner.java:332) [testng-7.4.0.jar:7.4.0]
	at org.testng.SuiteRunner.run(SuiteRunner.java:276) [testng-7.4.0.jar:7.4.0]
	at org.testng.SuiteRunnerWorker.runSuite(SuiteRunnerWorker.java:53) [testng-7.4.0.jar:7.4.0]
	at org.testng.SuiteRunnerWorker.run(SuiteRunnerWorker.java:96) [testng-7.4.0.jar:7.4.0]
	at org.testng.TestNG.runSuitesSequentially(TestNG.java:1212) [testng-7.4.0.jar:7.4.0]
	at org.testng.TestNG.runSuitesLocally(TestNG.java:1134) [testng-7.4.0.jar:7.4.0]
	at org.testng.TestNG.runSuites(TestNG.java:1063) [testng-7.4.0.jar:7.4.0]
	at org.testng.TestNG.run(TestNG.java:1031) [testng-7.4.0.jar:7.4.0]
	at org.testng.remote.AbstractRemoteTestNG.run(AbstractRemoteTestNG.java:115) [testng-remote.jar:?]
	at org.testng.remote.RemoteTestNG.initAndRun(RemoteTestNG.java:293) [testng-remote.jar:?]
	at org.testng.remote.RemoteTestNG.main(RemoteTestNG.java:91) [testng-remote.jar:?]
Caused by: org.openqa.selenium.NoSuchElementException: no such element: Unable to locate element: {"method":"xpath","selector":"(//span[@data-type='textfield'])[18]"}
  (Session info: chrome=137.0.7151.69)
For documentation on this error, please visit: https://www.selenium.dev/documentation/webdriver/troubleshooting/errors#no-such-element-exception
Build info: version: '4.32.0', revision: 'd17c8aa950'
System info: os.name: 'Windows 10', os.arch: 'amd64', os.version: '10.0', java.version: '17.0.11'
Driver info: org.openqa.selenium.chrome.ChromeDriver
Command: [27856242838c60cfd802f69e202783ef, findElement {value=(//span[@data-type='textfield'])[18], using=xpath}]
Capabilities {acceptInsecureCerts: false, browserName: chrome, browserVersion: 137.0.7151.69, chrome: {chromedriverVersion: 137.0.7151.68 (2989ffee9373..., userDataDir: C:\Users\VSRIKA~1\AppData\L...}, fedcm:accounts: true, goog:chromeOptions: {debuggerAddress: localhost:65249}, networkConnectionEnabled: false, pageLoadStrategy: normal, platformName: windows, proxy: Proxy(), se:cdp: ws://localhost:65249/devtoo..., se:cdpVersion: 137.0.7151.69, setWindowRect: true, strictFileInteractability: false, timeouts: {implicit: 0, pageLoad: 300000, script: 30000}, unhandledPromptBehavior: dismiss and notify, webauthn:extension:credBlob: true, webauthn:extension:largeBlob: true, webauthn:extension:minPinLength: true, webauthn:extension:prf: true, webauthn:virtualAuthenticators: true}
Session ID: 27856242838c60cfd802f69e202783ef
	at jdk.internal.reflect.GeneratedConstructorAccessor21.newInstance(Unknown Source) ~[?:?]
	at java.base/jdk.internal.reflect.DelegatingConstructorAccessorImpl.newInstance(DelegatingConstructorAccessorImpl.java:45) ~[?:?]
	at java.base/java.lang.reflect.Constructor.newInstanceWithCaller(Constructor.java:499) ~[?:?]
	at java.base/java.lang.reflect.Constructor.newInstance(Constructor.java:480) ~[?:?]
	at org.openqa.selenium.remote.ErrorCodec.decode(ErrorCodec.java:167) ~[selenium-server-4.32.0.jar:?]
	at org.openqa.selenium.remote.codec.w3c.W3CHttpResponseCodec.decode(W3CHttpResponseCodec.java:138) ~[selenium-server-4.32.0.jar:?]
	at org.openqa.selenium.remote.codec.w3c.W3CHttpResponseCodec.decode(W3CHttpResponseCodec.java:50) ~[selenium-server-4.32.0.jar:?]
	at org.openqa.selenium.remote.HttpCommandExecutor.execute(HttpCommandExecutor.java:215) ~[selenium-server-4.32.0.jar:?]
	at org.openqa.selenium.remote.service.DriverCommandExecutor.invokeExecute(DriverCommandExecutor.java:216) ~[selenium-server-4.32.0.jar:?]
	at org.openqa.selenium.remote.service.DriverCommandExecutor.execute(DriverCommandExecutor.java:174) ~[selenium-server-4.32.0.jar:?]
	at org.openqa.selenium.remote.RemoteWebDriver.execute(RemoteWebDriver.java:545) ~[selenium-server-4.32.0.jar:?]
	at org.openqa.selenium.remote.ElementLocation$ElementFinder$2.findElement(ElementLocation.java:165) ~[selenium-server-4.32.0.jar:?]
	at org.openqa.selenium.remote.ElementLocation.findElement(ElementLocation.java:59) ~[selenium-server-4.32.0.jar:?]
	at org.openqa.selenium.remote.RemoteWebDriver.findElement(RemoteWebDriver.java:368) ~[selenium-server-4.32.0.jar:?]
	at org.openqa.selenium.remote.RemoteWebDriver.findElement(RemoteWebDriver.java:362) ~[selenium-server-4.32.0.jar:?]
	at org.openqa.selenium.support.ui.ExpectedConditions$6.apply(ExpectedConditions.java:171) ~[selenium-server-4.32.0.jar:?]
	at org.openqa.selenium.support.ui.ExpectedConditions$6.apply(ExpectedConditions.java:168) ~[selenium-server-4.32.0.jar:?]
	at org.openqa.selenium.support.ui.FluentWait.until(FluentWait.java:203) ~[selenium-server-4.32.0.jar:?]
	... 30 more
16:00:00.146 [main] ERROR testcases.Basiccontrol - Error occurred in Repeatstep method: 
org.openqa.selenium.TimeoutException: Expected condition failed: waiting for presence of element located by: By.xpath: //span[normalize-space()='Repeat Step' and contains(@class, 'btn') and contains(@class, 'drag-copy')] (tried for 30 second(s) with 500 milliseconds interval)
	at org.openqa.selenium.support.ui.WebDriverWait.timeoutException(WebDriverWait.java:84) ~[selenium-server-4.32.0.jar:?]
	at org.openqa.selenium.support.ui.FluentWait.until(FluentWait.java:228) ~[selenium-server-4.32.0.jar:?]
	at testcases.Basiccontrol.scrollAndClick(Basiccontrol.java:35) ~[test-classes/:?]
	at testcases.Basiccontrol.Repeatstep(Basiccontrol.java:240) ~[test-classes/:?]
	at java.base/jdk.internal.reflect.NativeMethodAccessorImpl.invoke0(Native Method) ~[?:?]
	at java.base/jdk.internal.reflect.NativeMethodAccessorImpl.invoke(NativeMethodAccessorImpl.java:77) ~[?:?]
	at java.base/jdk.internal.reflect.DelegatingMethodAccessorImpl.invoke(DelegatingMethodAccessorImpl.java:43) ~[?:?]
	at java.base/java.lang.reflect.Method.invoke(Method.java:568) ~[?:?]
	at org.testng.internal.MethodInvocationHelper.invokeMethod(MethodInvocationHelper.java:133) ~[testng-7.4.0.jar:7.4.0]
	at org.testng.internal.TestInvoker.invokeMethod(TestInvoker.java:598) ~[testng-7.4.0.jar:7.4.0]
	at org.testng.internal.TestInvoker.invokeTestMethod(TestInvoker.java:173) ~[testng-7.4.0.jar:7.4.0]
	at org.testng.internal.MethodRunner.runInSequence(MethodRunner.java:46) ~[testng-7.4.0.jar:7.4.0]
	at org.testng.internal.TestInvoker$MethodInvocationAgent.invoke(TestInvoker.java:824) ~[testng-7.4.0.jar:7.4.0]
	at org.testng.internal.TestInvoker.invokeTestMethods(TestInvoker.java:146) ~[testng-7.4.0.jar:7.4.0]
	at org.testng.internal.TestMethodWorker.invokeTestMethods(TestMethodWorker.java:146) ~[testng-7.4.0.jar:7.4.0]
	at org.testng.internal.TestMethodWorker.run(TestMethodWorker.java:128) ~[testng-7.4.0.jar:7.4.0]
	at java.base/java.util.ArrayList.forEach(ArrayList.java:1511) [?:?]
	at org.testng.TestRunner.privateRun(TestRunner.java:794) [testng-7.4.0.jar:7.4.0]
	at org.testng.TestRunner.run(TestRunner.java:596) [testng-7.4.0.jar:7.4.0]
	at org.testng.SuiteRunner.runTest(SuiteRunner.java:377) [testng-7.4.0.jar:7.4.0]
	at org.testng.SuiteRunner.runSequentially(SuiteRunner.java:371) [testng-7.4.0.jar:7.4.0]
	at org.testng.SuiteRunner.privateRun(SuiteRunner.java:332) [testng-7.4.0.jar:7.4.0]
	at org.testng.SuiteRunner.run(SuiteRunner.java:276) [testng-7.4.0.jar:7.4.0]
	at org.testng.SuiteRunnerWorker.runSuite(SuiteRunnerWorker.java:53) [testng-7.4.0.jar:7.4.0]
	at org.testng.SuiteRunnerWorker.run(SuiteRunnerWorker.java:96) [testng-7.4.0.jar:7.4.0]
	at org.testng.TestNG.runSuitesSequentially(TestNG.java:1212) [testng-7.4.0.jar:7.4.0]
	at org.testng.TestNG.runSuitesLocally(TestNG.java:1134) [testng-7.4.0.jar:7.4.0]
	at org.testng.TestNG.runSuites(TestNG.java:1063) [testng-7.4.0.jar:7.4.0]
	at org.testng.TestNG.run(TestNG.java:1031) [testng-7.4.0.jar:7.4.0]
	at org.testng.remote.AbstractRemoteTestNG.run(AbstractRemoteTestNG.java:115) [testng-remote.jar:?]
	at org.testng.remote.RemoteTestNG.initAndRun(RemoteTestNG.java:293) [testng-remote.jar:?]
	at org.testng.remote.RemoteTestNG.main(RemoteTestNG.java:91) [testng-remote.jar:?]
Caused by: org.openqa.selenium.NoSuchElementException: no such element: Unable to locate element: {"method":"xpath","selector":"//span[normalize-space()='Repeat Step' and contains(@class, 'btn') and contains(@class, 'drag-copy')]"}
  (Session info: chrome=137.0.7151.69)
For documentation on this error, please visit: https://www.selenium.dev/documentation/webdriver/troubleshooting/errors#no-such-element-exception
Build info: version: '4.32.0', revision: 'd17c8aa950'
System info: os.name: 'Windows 10', os.arch: 'amd64', os.version: '10.0', java.version: '17.0.11'
Driver info: org.openqa.selenium.chrome.ChromeDriver
Command: [27856242838c60cfd802f69e202783ef, findElement {value=//span[normalize-space()='Repeat Step' and contains(@class, 'btn') and contains(@class, 'drag-copy')], using=xpath}]
Capabilities {acceptInsecureCerts: false, browserName: chrome, browserVersion: 137.0.7151.69, chrome: {chromedriverVersion: 137.0.7151.68 (2989ffee9373..., userDataDir: C:\Users\VSRIKA~1\AppData\L...}, fedcm:accounts: true, goog:chromeOptions: {debuggerAddress: localhost:65249}, networkConnectionEnabled: false, pageLoadStrategy: normal, platformName: windows, proxy: Proxy(), se:cdp: ws://localhost:65249/devtoo..., se:cdpVersion: 137.0.7151.69, setWindowRect: true, strictFileInteractability: false, timeouts: {implicit: 0, pageLoad: 300000, script: 30000}, unhandledPromptBehavior: dismiss and notify, webauthn:extension:credBlob: true, webauthn:extension:largeBlob: true, webauthn:extension:minPinLength: true, webauthn:extension:prf: true, webauthn:virtualAuthenticators: true}
Session ID: 27856242838c60cfd802f69e202783ef
	at jdk.internal.reflect.GeneratedConstructorAccessor21.newInstance(Unknown Source) ~[?:?]
	at java.base/jdk.internal.reflect.DelegatingConstructorAccessorImpl.newInstance(DelegatingConstructorAccessorImpl.java:45) ~[?:?]
	at java.base/java.lang.reflect.Constructor.newInstanceWithCaller(Constructor.java:499) ~[?:?]
	at java.base/java.lang.reflect.Constructor.newInstance(Constructor.java:480) ~[?:?]
	at org.openqa.selenium.remote.ErrorCodec.decode(ErrorCodec.java:167) ~[selenium-server-4.32.0.jar:?]
	at org.openqa.selenium.remote.codec.w3c.W3CHttpResponseCodec.decode(W3CHttpResponseCodec.java:138) ~[selenium-server-4.32.0.jar:?]
	at org.openqa.selenium.remote.codec.w3c.W3CHttpResponseCodec.decode(W3CHttpResponseCodec.java:50) ~[selenium-server-4.32.0.jar:?]
	at org.openqa.selenium.remote.HttpCommandExecutor.execute(HttpCommandExecutor.java:215) ~[selenium-server-4.32.0.jar:?]
	at org.openqa.selenium.remote.service.DriverCommandExecutor.invokeExecute(DriverCommandExecutor.java:216) ~[selenium-server-4.32.0.jar:?]
	at org.openqa.selenium.remote.service.DriverCommandExecutor.execute(DriverCommandExecutor.java:174) ~[selenium-server-4.32.0.jar:?]
	at org.openqa.selenium.remote.RemoteWebDriver.execute(RemoteWebDriver.java:545) ~[selenium-server-4.32.0.jar:?]
	at org.openqa.selenium.remote.ElementLocation$ElementFinder$2.findElement(ElementLocation.java:165) ~[selenium-server-4.32.0.jar:?]
	at org.openqa.selenium.remote.ElementLocation.findElement(ElementLocation.java:59) ~[selenium-server-4.32.0.jar:?]
	at org.openqa.selenium.remote.RemoteWebDriver.findElement(RemoteWebDriver.java:368) ~[selenium-server-4.32.0.jar:?]
	at org.openqa.selenium.remote.RemoteWebDriver.findElement(RemoteWebDriver.java:362) ~[selenium-server-4.32.0.jar:?]
	at org.openqa.selenium.support.ui.ExpectedConditions$6.apply(ExpectedConditions.java:171) ~[selenium-server-4.32.0.jar:?]
	at org.openqa.selenium.support.ui.ExpectedConditions$6.apply(ExpectedConditions.java:168) ~[selenium-server-4.32.0.jar:?]
	at org.openqa.selenium.support.ui.FluentWait.until(FluentWait.java:203) ~[selenium-server-4.32.0.jar:?]
	... 30 more
16:00:00.424 [main] ERROR testcases.Basiccontrol - Error occurred in Holdstep method: 
org.openqa.selenium.NoSuchElementException: no such element: Unable to locate element: {"method":"xpath","selector":"(//span[@data-type='textfield'])[20]"}
  (Session info: chrome=137.0.7151.69)
For documentation on this error, please visit: https://www.selenium.dev/documentation/webdriver/troubleshooting/errors#no-such-element-exception
Build info: version: '4.32.0', revision: 'd17c8aa950'
System info: os.name: 'Windows 10', os.arch: 'amd64', os.version: '10.0', java.version: '17.0.11'
Driver info: org.openqa.selenium.chrome.ChromeDriver
Command: [27856242838c60cfd802f69e202783ef, findElement {value=(//span[@data-type='textfield'])[20], using=xpath}]
Capabilities {acceptInsecureCerts: false, browserName: chrome, browserVersion: 137.0.7151.69, chrome: {chromedriverVersion: 137.0.7151.68 (2989ffee9373..., userDataDir: C:\Users\VSRIKA~1\AppData\L...}, fedcm:accounts: true, goog:chromeOptions: {debuggerAddress: localhost:65249}, networkConnectionEnabled: false, pageLoadStrategy: normal, platformName: windows, proxy: Proxy(), se:cdp: ws://localhost:65249/devtoo..., se:cdpVersion: 137.0.7151.69, setWindowRect: true, strictFileInteractability: false, timeouts: {implicit: 0, pageLoad: 300000, script: 30000}, unhandledPromptBehavior: dismiss and notify, webauthn:extension:credBlob: true, webauthn:extension:largeBlob: true, webauthn:extension:minPinLength: true, webauthn:extension:prf: true, webauthn:virtualAuthenticators: true}
Session ID: 27856242838c60cfd802f69e202783ef
	at jdk.internal.reflect.GeneratedConstructorAccessor21.newInstance(Unknown Source) ~[?:?]
	at java.base/jdk.internal.reflect.DelegatingConstructorAccessorImpl.newInstance(DelegatingConstructorAccessorImpl.java:45) ~[?:?]
	at java.base/java.lang.reflect.Constructor.newInstanceWithCaller(Constructor.java:499) ~[?:?]
	at java.base/java.lang.reflect.Constructor.newInstance(Constructor.java:480) ~[?:?]
	at org.openqa.selenium.remote.ErrorCodec.decode(ErrorCodec.java:167) ~[selenium-server-4.32.0.jar:?]
	at org.openqa.selenium.remote.codec.w3c.W3CHttpResponseCodec.decode(W3CHttpResponseCodec.java:138) ~[selenium-server-4.32.0.jar:?]
	at org.openqa.selenium.remote.codec.w3c.W3CHttpResponseCodec.decode(W3CHttpResponseCodec.java:50) ~[selenium-server-4.32.0.jar:?]
	at org.openqa.selenium.remote.HttpCommandExecutor.execute(HttpCommandExecutor.java:215) ~[selenium-server-4.32.0.jar:?]
	at org.openqa.selenium.remote.service.DriverCommandExecutor.invokeExecute(DriverCommandExecutor.java:216) ~[selenium-server-4.32.0.jar:?]
	at org.openqa.selenium.remote.service.DriverCommandExecutor.execute(DriverCommandExecutor.java:174) ~[selenium-server-4.32.0.jar:?]
	at org.openqa.selenium.remote.RemoteWebDriver.execute(RemoteWebDriver.java:545) ~[selenium-server-4.32.0.jar:?]
	at org.openqa.selenium.remote.ElementLocation$ElementFinder$2.findElement(ElementLocation.java:165) ~[selenium-server-4.32.0.jar:?]
	at org.openqa.selenium.remote.ElementLocation.findElement(ElementLocation.java:59) ~[selenium-server-4.32.0.jar:?]
	at org.openqa.selenium.remote.RemoteWebDriver.findElement(RemoteWebDriver.java:368) ~[selenium-server-4.32.0.jar:?]
	at org.openqa.selenium.remote.RemoteWebDriver.findElement(RemoteWebDriver.java:362) ~[selenium-server-4.32.0.jar:?]
	at testcases.Basiccontrol.Holdstep(Basiccontrol.java:267) ~[test-classes/:?]
	at java.base/jdk.internal.reflect.NativeMethodAccessorImpl.invoke0(Native Method) ~[?:?]
	at java.base/jdk.internal.reflect.NativeMethodAccessorImpl.invoke(NativeMethodAccessorImpl.java:77) ~[?:?]
	at java.base/jdk.internal.reflect.DelegatingMethodAccessorImpl.invoke(DelegatingMethodAccessorImpl.java:43) ~[?:?]
	at java.base/java.lang.reflect.Method.invoke(Method.java:568) ~[?:?]
	at org.testng.internal.MethodInvocationHelper.invokeMethod(MethodInvocationHelper.java:133) ~[testng-7.4.0.jar:7.4.0]
	at org.testng.internal.TestInvoker.invokeMethod(TestInvoker.java:598) ~[testng-7.4.0.jar:7.4.0]
	at org.testng.internal.TestInvoker.invokeTestMethod(TestInvoker.java:173) ~[testng-7.4.0.jar:7.4.0]
	at org.testng.internal.MethodRunner.runInSequence(MethodRunner.java:46) ~[testng-7.4.0.jar:7.4.0]
	at org.testng.internal.TestInvoker$MethodInvocationAgent.invoke(TestInvoker.java:824) ~[testng-7.4.0.jar:7.4.0]
	at org.testng.internal.TestInvoker.invokeTestMethods(TestInvoker.java:146) ~[testng-7.4.0.jar:7.4.0]
	at org.testng.internal.TestMethodWorker.invokeTestMethods(TestMethodWorker.java:146) ~[testng-7.4.0.jar:7.4.0]
	at org.testng.internal.TestMethodWorker.run(TestMethodWorker.java:128) ~[testng-7.4.0.jar:7.4.0]
	at java.base/java.util.ArrayList.forEach(ArrayList.java:1511) [?:?]
	at org.testng.TestRunner.privateRun(TestRunner.java:794) [testng-7.4.0.jar:7.4.0]
	at org.testng.TestRunner.run(TestRunner.java:596) [testng-7.4.0.jar:7.4.0]
	at org.testng.SuiteRunner.runTest(SuiteRunner.java:377) [testng-7.4.0.jar:7.4.0]
	at org.testng.SuiteRunner.runSequentially(SuiteRunner.java:371) [testng-7.4.0.jar:7.4.0]
	at org.testng.SuiteRunner.privateRun(SuiteRunner.java:332) [testng-7.4.0.jar:7.4.0]
	at org.testng.SuiteRunner.run(SuiteRunner.java:276) [testng-7.4.0.jar:7.4.0]
	at org.testng.SuiteRunnerWorker.runSuite(SuiteRunnerWorker.java:53) [testng-7.4.0.jar:7.4.0]
	at org.testng.SuiteRunnerWorker.run(SuiteRunnerWorker.java:96) [testng-7.4.0.jar:7.4.0]
	at org.testng.TestNG.runSuitesSequentially(TestNG.java:1212) [testng-7.4.0.jar:7.4.0]
	at org.testng.TestNG.runSuitesLocally(TestNG.java:1134) [testng-7.4.0.jar:7.4.0]
	at org.testng.TestNG.runSuites(TestNG.java:1063) [testng-7.4.0.jar:7.4.0]
	at org.testng.TestNG.run(TestNG.java:1031) [testng-7.4.0.jar:7.4.0]
	at org.testng.remote.AbstractRemoteTestNG.run(AbstractRemoteTestNG.java:115) [testng-remote.jar:?]
	at org.testng.remote.RemoteTestNG.initAndRun(RemoteTestNG.java:293) [testng-remote.jar:?]
	at org.testng.remote.RemoteTestNG.main(RemoteTestNG.java:91) [testng-remote.jar:?]
16:01:00.938 [main] ERROR testcases.Basiccontrol - Error occurred in Add method: 
org.openqa.selenium.TimeoutException: Expected condition failed: waiting for element to be clickable: By.xpath: //button[text()=' Add'] (tried for 30 second(s) with 500 milliseconds interval)
Build info: version: '4.32.0', revision: 'd17c8aa950'
System info: os.name: 'Windows 10', os.arch: 'amd64', os.version: '10.0', java.version: '17.0.11'
Driver info: org.openqa.selenium.chrome.ChromeDriver
Capabilities {acceptInsecureCerts: false, browserName: chrome, browserVersion: 137.0.7151.69, chrome: {chromedriverVersion: 137.0.7151.68 (2989ffee9373..., userDataDir: C:\Users\VSRIKA~1\AppData\L...}, fedcm:accounts: true, goog:chromeOptions: {debuggerAddress: localhost:65249}, networkConnectionEnabled: false, pageLoadStrategy: normal, platformName: windows, proxy: Proxy(), se:cdp: ws://localhost:65249/devtoo..., se:cdpVersion: 137.0.7151.69, setWindowRect: true, strictFileInteractability: false, timeouts: {implicit: 0, pageLoad: 300000, script: 30000}, unhandledPromptBehavior: dismiss and notify, webauthn:extension:credBlob: true, webauthn:extension:largeBlob: true, webauthn:extension:minPinLength: true, webauthn:extension:prf: true, webauthn:virtualAuthenticators: true}
Session ID: 27856242838c60cfd802f69e202783ef
	at org.openqa.selenium.support.ui.WebDriverWait.timeoutException(WebDriverWait.java:84) ~[selenium-server-4.32.0.jar:?]
	at org.openqa.selenium.support.ui.FluentWait.until(FluentWait.java:228) ~[selenium-server-4.32.0.jar:?]
	at testcases.Basiccontrol.Add(Basiccontrol.java:346) ~[test-classes/:?]
	at java.base/jdk.internal.reflect.NativeMethodAccessorImpl.invoke0(Native Method) ~[?:?]
	at java.base/jdk.internal.reflect.NativeMethodAccessorImpl.invoke(NativeMethodAccessorImpl.java:77) ~[?:?]
	at java.base/jdk.internal.reflect.DelegatingMethodAccessorImpl.invoke(DelegatingMethodAccessorImpl.java:43) ~[?:?]
	at java.base/java.lang.reflect.Method.invoke(Method.java:568) ~[?:?]
	at org.testng.internal.MethodInvocationHelper.invokeMethod(MethodInvocationHelper.java:133) ~[testng-7.4.0.jar:7.4.0]
	at org.testng.internal.TestInvoker.invokeMethod(TestInvoker.java:598) ~[testng-7.4.0.jar:7.4.0]
	at org.testng.internal.TestInvoker.invokeTestMethod(TestInvoker.java:173) ~[testng-7.4.0.jar:7.4.0]
	at org.testng.internal.MethodRunner.runInSequence(MethodRunner.java:46) ~[testng-7.4.0.jar:7.4.0]
	at org.testng.internal.TestInvoker$MethodInvocationAgent.invoke(TestInvoker.java:824) ~[testng-7.4.0.jar:7.4.0]
	at org.testng.internal.TestInvoker.invokeTestMethods(TestInvoker.java:146) ~[testng-7.4.0.jar:7.4.0]
	at org.testng.internal.TestMethodWorker.invokeTestMethods(TestMethodWorker.java:146) ~[testng-7.4.0.jar:7.4.0]
	at org.testng.internal.TestMethodWorker.run(TestMethodWorker.java:128) ~[testng-7.4.0.jar:7.4.0]
	at java.base/java.util.ArrayList.forEach(ArrayList.java:1511) [?:?]
	at org.testng.TestRunner.privateRun(TestRunner.java:794) [testng-7.4.0.jar:7.4.0]
	at org.testng.TestRunner.run(TestRunner.java:596) [testng-7.4.0.jar:7.4.0]
	at org.testng.SuiteRunner.runTest(SuiteRunner.java:377) [testng-7.4.0.jar:7.4.0]
	at org.testng.SuiteRunner.runSequentially(SuiteRunner.java:371) [testng-7.4.0.jar:7.4.0]
	at org.testng.SuiteRunner.privateRun(SuiteRunner.java:332) [testng-7.4.0.jar:7.4.0]
	at org.testng.SuiteRunner.run(SuiteRunner.java:276) [testng-7.4.0.jar:7.4.0]
	at org.testng.SuiteRunnerWorker.runSuite(SuiteRunnerWorker.java:53) [testng-7.4.0.jar:7.4.0]
	at org.testng.SuiteRunnerWorker.run(SuiteRunnerWorker.java:96) [testng-7.4.0.jar:7.4.0]
	at org.testng.TestNG.runSuitesSequentially(TestNG.java:1212) [testng-7.4.0.jar:7.4.0]
	at org.testng.TestNG.runSuitesLocally(TestNG.java:1134) [testng-7.4.0.jar:7.4.0]
	at org.testng.TestNG.runSuites(TestNG.java:1063) [testng-7.4.0.jar:7.4.0]
	at org.testng.TestNG.run(TestNG.java:1031) [testng-7.4.0.jar:7.4.0]
	at org.testng.remote.AbstractRemoteTestNG.run(AbstractRemoteTestNG.java:115) [testng-remote.jar:?]
	at org.testng.remote.RemoteTestNG.initAndRun(RemoteTestNG.java:293) [testng-remote.jar:?]
	at org.testng.remote.RemoteTestNG.main(RemoteTestNG.java:91) [testng-remote.jar:?]
16:01:26.281 [main] ERROR testcases.Basiccontrol - Error occurred in Warning method: 
org.openqa.selenium.NoSuchSessionException: invalid session id: session deleted as the browser has closed the connection
from disconnected: not connected to DevTools
  (Session info: chrome=137.0.7151.69)
Build info: version: '4.32.0', revision: 'd17c8aa950'
System info: os.name: 'Windows 10', os.arch: 'amd64', os.version: '10.0', java.version: '17.0.11'
Driver info: org.openqa.selenium.chrome.ChromeDriver
Command: [27856242838c60cfd802f69e202783ef, findElement {value=//a[text()='Warning'], using=xpath}]
Capabilities {acceptInsecureCerts: false, browserName: chrome, browserVersion: 137.0.7151.69, chrome: {chromedriverVersion: 137.0.7151.68 (2989ffee9373..., userDataDir: C:\Users\VSRIKA~1\AppData\L...}, fedcm:accounts: true, goog:chromeOptions: {debuggerAddress: localhost:65249}, networkConnectionEnabled: false, pageLoadStrategy: normal, platformName: windows, proxy: Proxy(), se:cdp: ws://localhost:65249/devtoo..., se:cdpVersion: 137.0.7151.69, setWindowRect: true, strictFileInteractability: false, timeouts: {implicit: 0, pageLoad: 300000, script: 30000}, unhandledPromptBehavior: dismiss and notify, webauthn:extension:credBlob: true, webauthn:extension:largeBlob: true, webauthn:extension:minPinLength: true, webauthn:extension:prf: true, webauthn:virtualAuthenticators: true}
Session ID: 27856242838c60cfd802f69e202783ef
	at java.base/jdk.internal.reflect.NativeConstructorAccessorImpl.newInstance0(Native Method) ~[?:?]
	at java.base/jdk.internal.reflect.NativeConstructorAccessorImpl.newInstance(NativeConstructorAccessorImpl.java:77) ~[?:?]
	at java.base/jdk.internal.reflect.DelegatingConstructorAccessorImpl.newInstance(DelegatingConstructorAccessorImpl.java:45) ~[?:?]
	at java.base/java.lang.reflect.Constructor.newInstanceWithCaller(Constructor.java:499) ~[?:?]
	at java.base/java.lang.reflect.Constructor.newInstance(Constructor.java:480) ~[?:?]
	at org.openqa.selenium.remote.ErrorCodec.decode(ErrorCodec.java:167) ~[selenium-server-4.32.0.jar:?]
	at org.openqa.selenium.remote.codec.w3c.W3CHttpResponseCodec.decode(W3CHttpResponseCodec.java:138) ~[selenium-server-4.32.0.jar:?]
	at org.openqa.selenium.remote.codec.w3c.W3CHttpResponseCodec.decode(W3CHttpResponseCodec.java:50) ~[selenium-server-4.32.0.jar:?]
	at org.openqa.selenium.remote.HttpCommandExecutor.execute(HttpCommandExecutor.java:215) ~[selenium-server-4.32.0.jar:?]
	at org.openqa.selenium.remote.service.DriverCommandExecutor.invokeExecute(DriverCommandExecutor.java:216) ~[selenium-server-4.32.0.jar:?]
	at org.openqa.selenium.remote.service.DriverCommandExecutor.execute(DriverCommandExecutor.java:174) ~[selenium-server-4.32.0.jar:?]
	at org.openqa.selenium.remote.RemoteWebDriver.execute(RemoteWebDriver.java:545) ~[selenium-server-4.32.0.jar:?]
	at org.openqa.selenium.remote.ElementLocation$ElementFinder$2.findElement(ElementLocation.java:165) ~[selenium-server-4.32.0.jar:?]
	at org.openqa.selenium.remote.ElementLocation.findElement(ElementLocation.java:59) ~[selenium-server-4.32.0.jar:?]
	at org.openqa.selenium.remote.RemoteWebDriver.findElement(RemoteWebDriver.java:368) ~[selenium-server-4.32.0.jar:?]
	at org.openqa.selenium.remote.RemoteWebDriver.findElement(RemoteWebDriver.java:362) ~[selenium-server-4.32.0.jar:?]
	at org.openqa.selenium.support.ui.ExpectedConditions$7.apply(ExpectedConditions.java:194) ~[selenium-server-4.32.0.jar:?]
	at org.openqa.selenium.support.ui.ExpectedConditions$7.apply(ExpectedConditions.java:190) ~[selenium-server-4.32.0.jar:?]
	at org.openqa.selenium.support.ui.ExpectedConditions$22.apply(ExpectedConditions.java:627) ~[selenium-server-4.32.0.jar:?]
	at org.openqa.selenium.support.ui.ExpectedConditions$22.apply(ExpectedConditions.java:624) ~[selenium-server-4.32.0.jar:?]
	at org.openqa.selenium.support.ui.FluentWait.until(FluentWait.java:203) ~[selenium-server-4.32.0.jar:?]
	at testcases.Basiccontrol.Warning(Basiccontrol.java:355) ~[test-classes/:?]
	at java.base/jdk.internal.reflect.NativeMethodAccessorImpl.invoke0(Native Method) ~[?:?]
	at java.base/jdk.internal.reflect.NativeMethodAccessorImpl.invoke(NativeMethodAccessorImpl.java:77) ~[?:?]
	at java.base/jdk.internal.reflect.DelegatingMethodAccessorImpl.invoke(DelegatingMethodAccessorImpl.java:43) ~[?:?]
	at java.base/java.lang.reflect.Method.invoke(Method.java:568) ~[?:?]
	at org.testng.internal.MethodInvocationHelper.invokeMethod(MethodInvocationHelper.java:133) ~[testng-7.4.0.jar:7.4.0]
	at org.testng.internal.TestInvoker.invokeMethod(TestInvoker.java:598) ~[testng-7.4.0.jar:7.4.0]
	at org.testng.internal.TestInvoker.invokeTestMethod(TestInvoker.java:173) ~[testng-7.4.0.jar:7.4.0]
	at org.testng.internal.MethodRunner.runInSequence(MethodRunner.java:46) ~[testng-7.4.0.jar:7.4.0]
	at org.testng.internal.TestInvoker$MethodInvocationAgent.invoke(TestInvoker.java:824) ~[testng-7.4.0.jar:7.4.0]
	at org.testng.internal.TestInvoker.invokeTestMethods(TestInvoker.java:146) ~[testng-7.4.0.jar:7.4.0]
	at org.testng.internal.TestMethodWorker.invokeTestMethods(TestMethodWorker.java:146) ~[testng-7.4.0.jar:7.4.0]
	at org.testng.internal.TestMethodWorker.run(TestMethodWorker.java:128) ~[testng-7.4.0.jar:7.4.0]
	at java.base/java.util.ArrayList.forEach(ArrayList.java:1511) [?:?]
	at org.testng.TestRunner.privateRun(TestRunner.java:794) [testng-7.4.0.jar:7.4.0]
	at org.testng.TestRunner.run(TestRunner.java:596) [testng-7.4.0.jar:7.4.0]
	at org.testng.SuiteRunner.runTest(SuiteRunner.java:377) [testng-7.4.0.jar:7.4.0]
	at org.testng.SuiteRunner.runSequentially(SuiteRunner.java:371) [testng-7.4.0.jar:7.4.0]
	at org.testng.SuiteRunner.privateRun(SuiteRunner.java:332) [testng-7.4.0.jar:7.4.0]
	at org.testng.SuiteRunner.run(SuiteRunner.java:276) [testng-7.4.0.jar:7.4.0]
	at org.testng.SuiteRunnerWorker.runSuite(SuiteRunnerWorker.java:53) [testng-7.4.0.jar:7.4.0]
	at org.testng.SuiteRunnerWorker.run(SuiteRunnerWorker.java:96) [testng-7.4.0.jar:7.4.0]
	at org.testng.TestNG.runSuitesSequentially(TestNG.java:1212) [testng-7.4.0.jar:7.4.0]
	at org.testng.TestNG.runSuitesLocally(TestNG.java:1134) [testng-7.4.0.jar:7.4.0]
	at org.testng.TestNG.runSuites(TestNG.java:1063) [testng-7.4.0.jar:7.4.0]
	at org.testng.TestNG.run(TestNG.java:1031) [testng-7.4.0.jar:7.4.0]
	at org.testng.remote.AbstractRemoteTestNG.run(AbstractRemoteTestNG.java:115) [testng-remote.jar:?]
	at org.testng.remote.RemoteTestNG.initAndRun(RemoteTestNG.java:293) [testng-remote.jar:?]
	at org.testng.remote.RemoteTestNG.main(RemoteTestNG.java:91) [testng-remote.jar:?]
22:24:55.371 [main] INFO  testcases.Signin - SignIn successfully
22:25:11.001 [main] INFO  testcases.Basiccontrol - Section process completed successfully.
22:34:15.026 [main] INFO  testcases.Signin - SignIn successfully
22:34:33.041 [main] INFO  testcases.Basiccontrol - Section process completed successfully.
22:41:08.507 [main] INFO  testcases.Signin - SignIn successfully
22:41:25.788 [main] INFO  testcases.Basiccontrol - Section process completed successfully.
22:49:46.008 [main] INFO  testcases.Signin - SignIn successfully
22:50:07.203 [main] INFO  testcases.Basiccontrol - Section process completed successfully.
22:52:47.133 [main] INFO  testcases.Signin - SignIn successfully
22:53:01.409 [main] INFO  testcases.Basiccontrol - Section process completed successfully.
23:01:59.843 [main] INFO  testcases.Signin - SignIn successfully
23:02:15.161 [main] INFO  testcases.Basiccontrol - Section process completed successfully.
23:19:23.084 [main] INFO  testcases.Signin - SignIn successfully
23:19:37.507 [main] INFO  testcases.Basiccontrol - Section process completed successfully.
23:27:47.454 [main] INFO  testcases.Signin - SignIn successfully
23:28:04.136 [main] INFO  testcases.Basiccontrol - Section process completed successfully.
23:34:20.906 [main] INFO  testcases.Signin - SignIn successfully
23:34:37.393 [main] INFO  testcases.Basiccontrol - Section process completed successfully.
23:43:15.337 [main] INFO  testcases.Signin - SignIn successfully
23:43:31.007 [main] INFO  testcases.Basiccontrol - Section process completed successfully.
23:54:42.990 [main] INFO  testcases.Signin - SignIn successfully
23:55:20.476 [main] INFO  testcases.Basiccontrol - Section process completed successfully.
00:06:15.375 [main] INFO  testcases.Signin - SignIn successfully
00:06:31.099 [main] INFO  testcases.Basiccontrol - Section process completed successfully.
00:17:07.571 [main] INFO  testcases.Signin - SignIn successfully
00:17:21.588 [main] INFO  testcases.Basiccontrol - Section process completed successfully.
00:25:33.151 [main] INFO  testcases.Signin - SignIn successfully
00:25:47.614 [main] INFO  testcases.Basiccontrol - Section process completed successfully.
00:54:43.601 [main] INFO  testcases.Signin - SignIn successfully
00:55:11.381 [main] INFO  testcases.Basiccontrol - Section process completed successfully.
10:09:33.967 [main] INFO  testcases.Signin - SignIn successfully
10:09:45.566 [main] INFO  testcases.Basiccontrol - Section process completed successfully.
10:21:39.952 [main] INFO  testcases.Signin - SignIn successfully
10:21:50.266 [main] INFO  testcases.Basiccontrol - Section process completed successfully.
10:29:31.127 [main] INFO  testcases.Signin - SignIn successfully
10:29:44.141 [main] INFO  testcases.Basiccontrol - Section process completed successfully.
10:45:54.907 [main] INFO  testcases.Signin - SignIn successfully
10:46:26.287 [main] INFO  testcases.Basiccontrol - Section process completed successfully.
11:51:09.960 [main] INFO  testcases.Signin - SignIn successfully
11:51:45.587 [main] INFO  testcases.Basiccontrol - Section process completed successfully.
12:07:12.206 [main] INFO  testcases.Signin - SignIn successfully
12:07:49.163 [main] INFO  testcases.Basiccontrol - Section process completed successfully.
12:09:09.771 [main] ERROR testcases.Basiccontrol - Error occurred in Warning method: 
org.openqa.selenium.NoSuchSessionException: invalid session id: session deleted as the browser has closed the connection
from disconnected: not connected to DevTools
  (Session info: chrome=137.0.7151.69)
Build info: version: '4.32.0', revision: 'd17c8aa950'
System info: os.name: 'Windows 10', os.arch: 'amd64', os.version: '10.0', java.version: '17.0.11'
Driver info: org.openqa.selenium.chrome.ChromeDriver
Command: [b965b81d9508d19420c0d455410547a2, findElement {using=xpath, value=//a[text()='Warning']}]
Capabilities {acceptInsecureCerts: false, browserName: chrome, browserVersion: 137.0.7151.69, chrome: {chromedriverVersion: 137.0.7151.68 (2989ffee9373..., userDataDir: C:\Users\VSRIKA~1\AppData\L...}, fedcm:accounts: true, goog:chromeOptions: {debuggerAddress: localhost:54227}, networkConnectionEnabled: false, pageLoadStrategy: normal, platformName: windows, proxy: Proxy(), se:cdp: ws://localhost:54227/devtoo..., se:cdpVersion: 137.0.7151.69, setWindowRect: true, strictFileInteractability: false, timeouts: {implicit: 0, pageLoad: 300000, script: 30000}, unhandledPromptBehavior: dismiss and notify, webauthn:extension:credBlob: true, webauthn:extension:largeBlob: true, webauthn:extension:minPinLength: true, webauthn:extension:prf: true, webauthn:virtualAuthenticators: true}
Session ID: b965b81d9508d19420c0d455410547a2
	at java.base/jdk.internal.reflect.NativeConstructorAccessorImpl.newInstance0(Native Method) ~[?:?]
	at java.base/jdk.internal.reflect.NativeConstructorAccessorImpl.newInstance(NativeConstructorAccessorImpl.java:77) ~[?:?]
	at java.base/jdk.internal.reflect.DelegatingConstructorAccessorImpl.newInstance(DelegatingConstructorAccessorImpl.java:45) ~[?:?]
	at java.base/java.lang.reflect.Constructor.newInstanceWithCaller(Constructor.java:499) ~[?:?]
	at java.base/java.lang.reflect.Constructor.newInstance(Constructor.java:480) ~[?:?]
	at org.openqa.selenium.remote.ErrorCodec.decode(ErrorCodec.java:167) ~[selenium-server-4.32.0.jar:?]
	at org.openqa.selenium.remote.codec.w3c.W3CHttpResponseCodec.decode(W3CHttpResponseCodec.java:138) ~[selenium-server-4.32.0.jar:?]
	at org.openqa.selenium.remote.codec.w3c.W3CHttpResponseCodec.decode(W3CHttpResponseCodec.java:50) ~[selenium-server-4.32.0.jar:?]
	at org.openqa.selenium.remote.HttpCommandExecutor.execute(HttpCommandExecutor.java:215) ~[selenium-server-4.32.0.jar:?]
	at org.openqa.selenium.remote.service.DriverCommandExecutor.invokeExecute(DriverCommandExecutor.java:216) ~[selenium-server-4.32.0.jar:?]
	at org.openqa.selenium.remote.service.DriverCommandExecutor.execute(DriverCommandExecutor.java:174) ~[selenium-server-4.32.0.jar:?]
	at org.openqa.selenium.remote.RemoteWebDriver.execute(RemoteWebDriver.java:545) ~[selenium-server-4.32.0.jar:?]
	at org.openqa.selenium.remote.ElementLocation$ElementFinder$2.findElement(ElementLocation.java:165) ~[selenium-server-4.32.0.jar:?]
	at org.openqa.selenium.remote.ElementLocation.findElement(ElementLocation.java:59) ~[selenium-server-4.32.0.jar:?]
	at org.openqa.selenium.remote.RemoteWebDriver.findElement(RemoteWebDriver.java:368) ~[selenium-server-4.32.0.jar:?]
	at org.openqa.selenium.remote.RemoteWebDriver.findElement(RemoteWebDriver.java:362) ~[selenium-server-4.32.0.jar:?]
	at org.openqa.selenium.support.ui.ExpectedConditions$7.apply(ExpectedConditions.java:194) ~[selenium-server-4.32.0.jar:?]
	at org.openqa.selenium.support.ui.ExpectedConditions$7.apply(ExpectedConditions.java:190) ~[selenium-server-4.32.0.jar:?]
	at org.openqa.selenium.support.ui.ExpectedConditions$22.apply(ExpectedConditions.java:627) ~[selenium-server-4.32.0.jar:?]
	at org.openqa.selenium.support.ui.ExpectedConditions$22.apply(ExpectedConditions.java:624) ~[selenium-server-4.32.0.jar:?]
	at org.openqa.selenium.support.ui.FluentWait.until(FluentWait.java:203) ~[selenium-server-4.32.0.jar:?]
	at testcases.Basiccontrol.Warning(Basiccontrol.java:355) ~[test-classes/:?]
	at java.base/jdk.internal.reflect.NativeMethodAccessorImpl.invoke0(Native Method) ~[?:?]
	at java.base/jdk.internal.reflect.NativeMethodAccessorImpl.invoke(NativeMethodAccessorImpl.java:77) ~[?:?]
	at java.base/jdk.internal.reflect.DelegatingMethodAccessorImpl.invoke(DelegatingMethodAccessorImpl.java:43) ~[?:?]
	at java.base/java.lang.reflect.Method.invoke(Method.java:568) ~[?:?]
	at org.testng.internal.MethodInvocationHelper.invokeMethod(MethodInvocationHelper.java:133) ~[testng-7.4.0.jar:7.4.0]
	at org.testng.internal.TestInvoker.invokeMethod(TestInvoker.java:598) ~[testng-7.4.0.jar:7.4.0]
	at org.testng.internal.TestInvoker.invokeTestMethod(TestInvoker.java:173) ~[testng-7.4.0.jar:7.4.0]
	at org.testng.internal.MethodRunner.runInSequence(MethodRunner.java:46) ~[testng-7.4.0.jar:7.4.0]
	at org.testng.internal.TestInvoker$MethodInvocationAgent.invoke(TestInvoker.java:824) ~[testng-7.4.0.jar:7.4.0]
	at org.testng.internal.TestInvoker.invokeTestMethods(TestInvoker.java:146) ~[testng-7.4.0.jar:7.4.0]
	at org.testng.internal.TestMethodWorker.invokeTestMethods(TestMethodWorker.java:146) ~[testng-7.4.0.jar:7.4.0]
	at org.testng.internal.TestMethodWorker.run(TestMethodWorker.java:128) ~[testng-7.4.0.jar:7.4.0]
	at java.base/java.util.ArrayList.forEach(ArrayList.java:1511) [?:?]
	at org.testng.TestRunner.privateRun(TestRunner.java:794) [testng-7.4.0.jar:7.4.0]
	at org.testng.TestRunner.run(TestRunner.java:596) [testng-7.4.0.jar:7.4.0]
	at org.testng.SuiteRunner.runTest(SuiteRunner.java:377) [testng-7.4.0.jar:7.4.0]
	at org.testng.SuiteRunner.runSequentially(SuiteRunner.java:371) [testng-7.4.0.jar:7.4.0]
	at org.testng.SuiteRunner.privateRun(SuiteRunner.java:332) [testng-7.4.0.jar:7.4.0]
	at org.testng.SuiteRunner.run(SuiteRunner.java:276) [testng-7.4.0.jar:7.4.0]
	at org.testng.SuiteRunnerWorker.runSuite(SuiteRunnerWorker.java:53) [testng-7.4.0.jar:7.4.0]
	at org.testng.SuiteRunnerWorker.run(SuiteRunnerWorker.java:96) [testng-7.4.0.jar:7.4.0]
	at org.testng.TestNG.runSuitesSequentially(TestNG.java:1212) [testng-7.4.0.jar:7.4.0]
	at org.testng.TestNG.runSuitesLocally(TestNG.java:1134) [testng-7.4.0.jar:7.4.0]
	at org.testng.TestNG.runSuites(TestNG.java:1063) [testng-7.4.0.jar:7.4.0]
	at org.testng.TestNG.run(TestNG.java:1031) [testng-7.4.0.jar:7.4.0]
	at org.testng.remote.AbstractRemoteTestNG.run(AbstractRemoteTestNG.java:115) [testng-remote.jar:?]
	at org.testng.remote.RemoteTestNG.initAndRun(RemoteTestNG.java:293) [testng-remote.jar:?]
	at org.testng.remote.RemoteTestNG.main(RemoteTestNG.java:91) [testng-remote.jar:?]
12:13:35.859 [main] INFO  testcases.Signin - SignIn successfully
12:14:24.336 [main] INFO  testcases.Basiccontrol - Section process completed successfully.
12:29:08.813 [main] INFO  testcases.Signin - SignIn successfully
12:29:49.570 [main] INFO  testcases.Basiccontrol - Section process completed successfully.
12:41:44.915 [main] INFO  testcases.Signin - SignIn successfully
12:42:15.217 [main] INFO  testcases.Basiccontrol - Section process completed successfully.
12:54:16.512 [main] INFO  testcases.Signin - SignIn successfully
12:54:52.328 [main] INFO  testcases.Basiccontrol - Section process completed successfully.
13:06:46.426 [main] INFO  testcases.Signin - SignIn successfully
13:07:15.218 [main] INFO  testcases.Basiccontrol - Section process completed successfully.
13:42:25.828 [main] INFO  testcases.Signin - SignIn successfully
13:42:47.773 [main] INFO  testcases.Basiccontrol - Section process completed successfully.
14:02:56.053 [main] INFO  testcases.Signin - SignIn successfully
14:03:17.623 [main] INFO  testcases.Basiccontrol - Section process completed successfully.
14:13:27.496 [main] INFO  testcases.Signin - SignIn successfully
14:14:12.353 [main] INFO  testcases.Basiccontrol - Section process completed successfully.
14:25:07.860 [main] INFO  testcases.Signin - SignIn successfully
14:25:18.305 [main] INFO  testcases.Basiccontrol - Section process completed successfully.
14:44:01.466 [main] INFO  testcases.Signin - SignIn successfully
14:44:51.159 [main] INFO  testcases.Basiccontrol - Section process completed successfully.
15:19:39.266 [main] INFO  testcases.Signin - SignIn successfully
15:20:02.189 [main] INFO  testcases.Basiccontrol - Section process completed successfully.
15:51:36.956 [main] INFO  testcases.Signin - SignIn successfully
15:52:05.126 [main] INFO  testcases.Basiccontrol - Section process completed successfully.
15:54:08.833 [main] INFO  testcases.Signin - SignIn successfully
15:54:49.886 [main] INFO  testcases.Basiccontrol - Section process completed successfully.
16:07:01.306 [main] INFO  testcases.Signin - SignIn successfully
16:07:31.358 [main] INFO  testcases.Basiccontrol - Section process completed successfully.
16:17:33.877 [main] INFO  testcases.Signin - SignIn successfully
16:18:00.318 [main] INFO  testcases.Basiccontrol - Section process completed successfully.
12:52:44.023 [main] INFO  testcases.Signin - SignIn successfully
12:53:08.468 [main] INFO  testcases.Basiccontrol - Section process completed successfully.
12:53:25.537 [main] ERROR testcases.Basiccontrol - Error occurred in signaturestep method: 
org.openqa.selenium.ElementNotInteractableException: element not interactable
  (Session info: chrome=137.0.7151.69)
Build info: version: '4.31.0', revision: '1ef9f18787*'
System info: os.name: 'Windows 11', os.arch: 'amd64', os.version: '10.0', java.version: '21.0.7'
Driver info: org.openqa.selenium.chrome.ChromeDriver
Command: [efeac7a1ef5ba56307cc54caa925a663, clickElement {id=f.3FC8A60B1808881BD19E5DA70D646DEA.d.7667E6486BCBAE022325DBD553BF4BC5.e.113}]
Capabilities {acceptInsecureCerts: false, browserName: chrome, browserVersion: 137.0.7151.69, chrome: {chromedriverVersion: 137.0.7151.70 (dfa4dc56b2ab..., userDataDir: C:\Users\VSRIKA~1\AppData\L...}, fedcm:accounts: true, goog:chromeOptions: {debuggerAddress: localhost:57628}, networkConnectionEnabled: false, pageLoadStrategy: normal, platformName: windows, proxy: Proxy(), se:cdp: ws://localhost:57628/devtoo..., se:cdpVersion: 137.0.7151.69, setWindowRect: true, strictFileInteractability: false, timeouts: {implicit: 0, pageLoad: 300000, script: 30000}, unhandledPromptBehavior: dismiss and notify, webauthn:extension:credBlob: true, webauthn:extension:largeBlob: true, webauthn:extension:minPinLength: true, webauthn:extension:prf: true, webauthn:virtualAuthenticators: true}
Element: [[ChromeDriver: chrome on windows (efeac7a1ef5ba56307cc54caa925a663)] -> xpath: //textarea[contains(@data-id,'1_s_stephead')]]
Session ID: efeac7a1ef5ba56307cc54caa925a663
	at java.base/jdk.internal.reflect.DirectConstructorHandleAccessor.newInstance(DirectConstructorHandleAccessor.java:62) ~[?:?]
	at java.base/java.lang.reflect.Constructor.newInstanceWithCaller(Constructor.java:502) ~[?:?]
	at java.base/java.lang.reflect.Constructor.newInstance(Constructor.java:486) ~[?:?]
	at org.openqa.selenium.remote.ErrorCodec.decode(ErrorCodec.java:167) ~[selenium-remote-driver-4.31.0.jar:?]
	at org.openqa.selenium.remote.codec.w3c.W3CHttpResponseCodec.decode(W3CHttpResponseCodec.java:138) ~[selenium-remote-driver-4.31.0.jar:?]
	at org.openqa.selenium.remote.codec.w3c.W3CHttpResponseCodec.decode(W3CHttpResponseCodec.java:50) ~[selenium-remote-driver-4.31.0.jar:?]
	at org.openqa.selenium.remote.HttpCommandExecutor.execute(HttpCommandExecutor.java:215) ~[selenium-remote-driver-4.31.0.jar:?]
	at org.openqa.selenium.remote.service.DriverCommandExecutor.invokeExecute(DriverCommandExecutor.java:216) ~[selenium-remote-driver-4.31.0.jar:?]
	at org.openqa.selenium.remote.service.DriverCommandExecutor.execute(DriverCommandExecutor.java:174) ~[selenium-remote-driver-4.31.0.jar:?]
	at org.openqa.selenium.remote.RemoteWebDriver.execute(RemoteWebDriver.java:545) ~[selenium-remote-driver-4.31.0.jar:?]
	at org.openqa.selenium.remote.RemoteWebElement.execute(RemoteWebElement.java:223) ~[selenium-remote-driver-4.31.0.jar:?]
	at org.openqa.selenium.remote.RemoteWebElement.click(RemoteWebElement.java:76) ~[selenium-remote-driver-4.31.0.jar:?]
	at testcases.Basiccontrol.signaturestep(Basiccontrol.java:153) ~[test-classes/:?]
	at java.base/jdk.internal.reflect.DirectMethodHandleAccessor.invoke(DirectMethodHandleAccessor.java:103) ~[?:?]
	at java.base/java.lang.reflect.Method.invoke(Method.java:580) ~[?:?]
	at org.testng.internal.MethodInvocationHelper.invokeMethod(MethodInvocationHelper.java:133) ~[testng-7.4.0.jar:7.4.0]
	at org.testng.internal.TestInvoker.invokeMethod(TestInvoker.java:598) ~[testng-7.4.0.jar:7.4.0]
	at org.testng.internal.TestInvoker.invokeTestMethod(TestInvoker.java:173) ~[testng-7.4.0.jar:7.4.0]
	at org.testng.internal.MethodRunner.runInSequence(MethodRunner.java:46) ~[testng-7.4.0.jar:7.4.0]
	at org.testng.internal.TestInvoker$MethodInvocationAgent.invoke(TestInvoker.java:824) ~[testng-7.4.0.jar:7.4.0]
	at org.testng.internal.TestInvoker.invokeTestMethods(TestInvoker.java:146) ~[testng-7.4.0.jar:7.4.0]
	at org.testng.internal.TestMethodWorker.invokeTestMethods(TestMethodWorker.java:146) ~[testng-7.4.0.jar:7.4.0]
	at org.testng.internal.TestMethodWorker.run(TestMethodWorker.java:128) ~[testng-7.4.0.jar:7.4.0]
	at java.base/java.util.ArrayList.forEach(ArrayList.java:1596) [?:?]
	at org.testng.TestRunner.privateRun(TestRunner.java:794) [testng-7.4.0.jar:7.4.0]
	at org.testng.TestRunner.run(TestRunner.java:596) [testng-7.4.0.jar:7.4.0]
	at org.testng.SuiteRunner.runTest(SuiteRunner.java:377) [testng-7.4.0.jar:7.4.0]
	at org.testng.SuiteRunner.runSequentially(SuiteRunner.java:371) [testng-7.4.0.jar:7.4.0]
	at org.testng.SuiteRunner.privateRun(SuiteRunner.java:332) [testng-7.4.0.jar:7.4.0]
	at org.testng.SuiteRunner.run(SuiteRunner.java:276) [testng-7.4.0.jar:7.4.0]
	at org.testng.SuiteRunnerWorker.runSuite(SuiteRunnerWorker.java:53) [testng-7.4.0.jar:7.4.0]
	at org.testng.SuiteRunnerWorker.run(SuiteRunnerWorker.java:96) [testng-7.4.0.jar:7.4.0]
	at org.testng.TestNG.runSuitesSequentially(TestNG.java:1212) [testng-7.4.0.jar:7.4.0]
	at org.testng.TestNG.runSuitesLocally(TestNG.java:1134) [testng-7.4.0.jar:7.4.0]
	at org.testng.TestNG.runSuites(TestNG.java:1063) [testng-7.4.0.jar:7.4.0]
	at org.testng.TestNG.run(TestNG.java:1031) [testng-7.4.0.jar:7.4.0]
	at org.testng.remote.AbstractRemoteTestNG.run(AbstractRemoteTestNG.java:115) [testng-remote.jar:?]
	at org.testng.remote.RemoteTestNG.initAndRun(RemoteTestNG.java:293) [testng-remote.jar:?]
	at org.testng.remote.RemoteTestNG.main(RemoteTestNG.java:91) [testng-remote.jar:?]
12:58:26.413 [main] ERROR testcases.Basiccontrol - Error occurred in Column method: 
org.openqa.selenium.NoSuchElementException: no such element: Unable to locate element: {"method":"xpath","selector":"(//input[@type='number'])[1]"}
  (Session info: chrome=137.0.7151.69)
For documentation on this error, please visit: https://www.selenium.dev/documentation/webdriver/troubleshooting/errors#no-such-element-exception
Build info: version: '4.31.0', revision: '1ef9f18787*'
System info: os.name: 'Windows 11', os.arch: 'amd64', os.version: '10.0', java.version: '21.0.7'
Driver info: org.openqa.selenium.chrome.ChromeDriver
Command: [efeac7a1ef5ba56307cc54caa925a663, findElement {using=xpath, value=(//input[@type='number'])[1]}]
Capabilities {acceptInsecureCerts: false, browserName: chrome, browserVersion: 137.0.7151.69, chrome: {chromedriverVersion: 137.0.7151.70 (dfa4dc56b2ab..., userDataDir: C:\Users\VSRIKA~1\AppData\L...}, fedcm:accounts: true, goog:chromeOptions: {debuggerAddress: localhost:57628}, networkConnectionEnabled: false, pageLoadStrategy: normal, platformName: windows, proxy: Proxy(), se:cdp: ws://localhost:57628/devtoo..., se:cdpVersion: 137.0.7151.69, setWindowRect: true, strictFileInteractability: false, timeouts: {implicit: 0, pageLoad: 300000, script: 30000}, unhandledPromptBehavior: dismiss and notify, webauthn:extension:credBlob: true, webauthn:extension:largeBlob: true, webauthn:extension:minPinLength: true, webauthn:extension:prf: true, webauthn:virtualAuthenticators: true}
Session ID: efeac7a1ef5ba56307cc54caa925a663
	at java.base/jdk.internal.reflect.DirectConstructorHandleAccessor.newInstance(DirectConstructorHandleAccessor.java:62) ~[?:?]
	at java.base/java.lang.reflect.Constructor.newInstanceWithCaller(Constructor.java:502) ~[?:?]
	at java.base/java.lang.reflect.Constructor.newInstance(Constructor.java:486) ~[?:?]
	at org.openqa.selenium.remote.ErrorCodec.decode(ErrorCodec.java:167) ~[selenium-remote-driver-4.31.0.jar:?]
	at org.openqa.selenium.remote.codec.w3c.W3CHttpResponseCodec.decode(W3CHttpResponseCodec.java:138) ~[selenium-remote-driver-4.31.0.jar:?]
	at org.openqa.selenium.remote.codec.w3c.W3CHttpResponseCodec.decode(W3CHttpResponseCodec.java:50) ~[selenium-remote-driver-4.31.0.jar:?]
	at org.openqa.selenium.remote.HttpCommandExecutor.execute(HttpCommandExecutor.java:215) ~[selenium-remote-driver-4.31.0.jar:?]
	at org.openqa.selenium.remote.service.DriverCommandExecutor.invokeExecute(DriverCommandExecutor.java:216) ~[selenium-remote-driver-4.31.0.jar:?]
	at org.openqa.selenium.remote.service.DriverCommandExecutor.execute(DriverCommandExecutor.java:174) ~[selenium-remote-driver-4.31.0.jar:?]
	at org.openqa.selenium.remote.RemoteWebDriver.execute(RemoteWebDriver.java:545) ~[selenium-remote-driver-4.31.0.jar:?]
	at org.openqa.selenium.remote.ElementLocation$ElementFinder$2.findElement(ElementLocation.java:165) ~[selenium-remote-driver-4.31.0.jar:?]
	at org.openqa.selenium.remote.ElementLocation.findElement(ElementLocation.java:59) ~[selenium-remote-driver-4.31.0.jar:?]
	at org.openqa.selenium.remote.RemoteWebDriver.findElement(RemoteWebDriver.java:368) ~[selenium-remote-driver-4.31.0.jar:?]
	at org.openqa.selenium.remote.RemoteWebDriver.findElement(RemoteWebDriver.java:362) ~[selenium-remote-driver-4.31.0.jar:?]
	at testcases.stepactionwithdataentries.Column(stepactionwithdataentries.java:155) ~[test-classes/:?]
	at java.base/jdk.internal.reflect.DirectMethodHandleAccessor.invoke(DirectMethodHandleAccessor.java:103) ~[?:?]
	at java.base/java.lang.reflect.Method.invoke(Method.java:580) ~[?:?]
	at org.testng.internal.MethodInvocationHelper.invokeMethod(MethodInvocationHelper.java:133) ~[testng-7.4.0.jar:7.4.0]
	at org.testng.internal.TestInvoker.invokeMethod(TestInvoker.java:598) ~[testng-7.4.0.jar:7.4.0]
	at org.testng.internal.TestInvoker.invokeTestMethod(TestInvoker.java:173) ~[testng-7.4.0.jar:7.4.0]
	at org.testng.internal.MethodRunner.runInSequence(MethodRunner.java:46) ~[testng-7.4.0.jar:7.4.0]
	at org.testng.internal.TestInvoker$MethodInvocationAgent.invoke(TestInvoker.java:824) ~[testng-7.4.0.jar:7.4.0]
	at org.testng.internal.TestInvoker.invokeTestMethods(TestInvoker.java:146) ~[testng-7.4.0.jar:7.4.0]
	at org.testng.internal.TestMethodWorker.invokeTestMethods(TestMethodWorker.java:146) ~[testng-7.4.0.jar:7.4.0]
	at org.testng.internal.TestMethodWorker.run(TestMethodWorker.java:128) ~[testng-7.4.0.jar:7.4.0]
	at java.base/java.util.ArrayList.forEach(ArrayList.java:1596) [?:?]
	at org.testng.TestRunner.privateRun(TestRunner.java:794) [testng-7.4.0.jar:7.4.0]
	at org.testng.TestRunner.run(TestRunner.java:596) [testng-7.4.0.jar:7.4.0]
	at org.testng.SuiteRunner.runTest(SuiteRunner.java:377) [testng-7.4.0.jar:7.4.0]
	at org.testng.SuiteRunner.runSequentially(SuiteRunner.java:371) [testng-7.4.0.jar:7.4.0]
	at org.testng.SuiteRunner.privateRun(SuiteRunner.java:332) [testng-7.4.0.jar:7.4.0]
	at org.testng.SuiteRunner.run(SuiteRunner.java:276) [testng-7.4.0.jar:7.4.0]
	at org.testng.SuiteRunnerWorker.runSuite(SuiteRunnerWorker.java:53) [testng-7.4.0.jar:7.4.0]
	at org.testng.SuiteRunnerWorker.run(SuiteRunnerWorker.java:96) [testng-7.4.0.jar:7.4.0]
	at org.testng.TestNG.runSuitesSequentially(TestNG.java:1212) [testng-7.4.0.jar:7.4.0]
	at org.testng.TestNG.runSuitesLocally(TestNG.java:1134) [testng-7.4.0.jar:7.4.0]
	at org.testng.TestNG.runSuites(TestNG.java:1063) [testng-7.4.0.jar:7.4.0]
	at org.testng.TestNG.run(TestNG.java:1031) [testng-7.4.0.jar:7.4.0]
	at org.testng.remote.AbstractRemoteTestNG.run(AbstractRemoteTestNG.java:115) [testng-remote.jar:?]
	at org.testng.remote.RemoteTestNG.initAndRun(RemoteTestNG.java:293) [testng-remote.jar:?]
	at org.testng.remote.RemoteTestNG.main(RemoteTestNG.java:91) [testng-remote.jar:?]
12:58:28.553 [main] ERROR testcases.Basiccontrol - Error occurred in Row method: 
org.openqa.selenium.NoSuchElementException: no such element: Unable to locate element: {"method":"xpath","selector":"(//input[@type='number'])[2]"}
  (Session info: chrome=137.0.7151.69)
For documentation on this error, please visit: https://www.selenium.dev/documentation/webdriver/troubleshooting/errors#no-such-element-exception
Build info: version: '4.31.0', revision: '1ef9f18787*'
System info: os.name: 'Windows 11', os.arch: 'amd64', os.version: '10.0', java.version: '21.0.7'
Driver info: org.openqa.selenium.chrome.ChromeDriver
Command: [efeac7a1ef5ba56307cc54caa925a663, findElement {using=xpath, value=(//input[@type='number'])[2]}]
Capabilities {acceptInsecureCerts: false, browserName: chrome, browserVersion: 137.0.7151.69, chrome: {chromedriverVersion: 137.0.7151.70 (dfa4dc56b2ab..., userDataDir: C:\Users\VSRIKA~1\AppData\L...}, fedcm:accounts: true, goog:chromeOptions: {debuggerAddress: localhost:57628}, networkConnectionEnabled: false, pageLoadStrategy: normal, platformName: windows, proxy: Proxy(), se:cdp: ws://localhost:57628/devtoo..., se:cdpVersion: 137.0.7151.69, setWindowRect: true, strictFileInteractability: false, timeouts: {implicit: 0, pageLoad: 300000, script: 30000}, unhandledPromptBehavior: dismiss and notify, webauthn:extension:credBlob: true, webauthn:extension:largeBlob: true, webauthn:extension:minPinLength: true, webauthn:extension:prf: true, webauthn:virtualAuthenticators: true}
Session ID: efeac7a1ef5ba56307cc54caa925a663
	at java.base/jdk.internal.reflect.DirectConstructorHandleAccessor.newInstance(DirectConstructorHandleAccessor.java:62) ~[?:?]
	at java.base/java.lang.reflect.Constructor.newInstanceWithCaller(Constructor.java:502) ~[?:?]
	at java.base/java.lang.reflect.Constructor.newInstance(Constructor.java:486) ~[?:?]
	at org.openqa.selenium.remote.ErrorCodec.decode(ErrorCodec.java:167) ~[selenium-remote-driver-4.31.0.jar:?]
	at org.openqa.selenium.remote.codec.w3c.W3CHttpResponseCodec.decode(W3CHttpResponseCodec.java:138) ~[selenium-remote-driver-4.31.0.jar:?]
	at org.openqa.selenium.remote.codec.w3c.W3CHttpResponseCodec.decode(W3CHttpResponseCodec.java:50) ~[selenium-remote-driver-4.31.0.jar:?]
	at org.openqa.selenium.remote.HttpCommandExecutor.execute(HttpCommandExecutor.java:215) ~[selenium-remote-driver-4.31.0.jar:?]
	at org.openqa.selenium.remote.service.DriverCommandExecutor.invokeExecute(DriverCommandExecutor.java:216) ~[selenium-remote-driver-4.31.0.jar:?]
	at org.openqa.selenium.remote.service.DriverCommandExecutor.execute(DriverCommandExecutor.java:174) ~[selenium-remote-driver-4.31.0.jar:?]
	at org.openqa.selenium.remote.RemoteWebDriver.execute(RemoteWebDriver.java:545) ~[selenium-remote-driver-4.31.0.jar:?]
	at org.openqa.selenium.remote.ElementLocation$ElementFinder$2.findElement(ElementLocation.java:165) ~[selenium-remote-driver-4.31.0.jar:?]
	at org.openqa.selenium.remote.ElementLocation.findElement(ElementLocation.java:59) ~[selenium-remote-driver-4.31.0.jar:?]
	at org.openqa.selenium.remote.RemoteWebDriver.findElement(RemoteWebDriver.java:368) ~[selenium-remote-driver-4.31.0.jar:?]
	at org.openqa.selenium.remote.RemoteWebDriver.findElement(RemoteWebDriver.java:362) ~[selenium-remote-driver-4.31.0.jar:?]
	at testcases.stepactionwithdataentries.Row(stepactionwithdataentries.java:163) ~[test-classes/:?]
	at java.base/jdk.internal.reflect.DirectMethodHandleAccessor.invoke(DirectMethodHandleAccessor.java:103) ~[?:?]
	at java.base/java.lang.reflect.Method.invoke(Method.java:580) ~[?:?]
	at org.testng.internal.MethodInvocationHelper.invokeMethod(MethodInvocationHelper.java:133) ~[testng-7.4.0.jar:7.4.0]
	at org.testng.internal.TestInvoker.invokeMethod(TestInvoker.java:598) ~[testng-7.4.0.jar:7.4.0]
	at org.testng.internal.TestInvoker.invokeTestMethod(TestInvoker.java:173) ~[testng-7.4.0.jar:7.4.0]
	at org.testng.internal.MethodRunner.runInSequence(MethodRunner.java:46) ~[testng-7.4.0.jar:7.4.0]
	at org.testng.internal.TestInvoker$MethodInvocationAgent.invoke(TestInvoker.java:824) ~[testng-7.4.0.jar:7.4.0]
	at org.testng.internal.TestInvoker.invokeTestMethods(TestInvoker.java:146) ~[testng-7.4.0.jar:7.4.0]
	at org.testng.internal.TestMethodWorker.invokeTestMethods(TestMethodWorker.java:146) ~[testng-7.4.0.jar:7.4.0]
	at org.testng.internal.TestMethodWorker.run(TestMethodWorker.java:128) ~[testng-7.4.0.jar:7.4.0]
	at java.base/java.util.ArrayList.forEach(ArrayList.java:1596) [?:?]
	at org.testng.TestRunner.privateRun(TestRunner.java:794) [testng-7.4.0.jar:7.4.0]
	at org.testng.TestRunner.run(TestRunner.java:596) [testng-7.4.0.jar:7.4.0]
	at org.testng.SuiteRunner.runTest(SuiteRunner.java:377) [testng-7.4.0.jar:7.4.0]
	at org.testng.SuiteRunner.runSequentially(SuiteRunner.java:371) [testng-7.4.0.jar:7.4.0]
	at org.testng.SuiteRunner.privateRun(SuiteRunner.java:332) [testng-7.4.0.jar:7.4.0]
	at org.testng.SuiteRunner.run(SuiteRunner.java:276) [testng-7.4.0.jar:7.4.0]
	at org.testng.SuiteRunnerWorker.runSuite(SuiteRunnerWorker.java:53) [testng-7.4.0.jar:7.4.0]
	at org.testng.SuiteRunnerWorker.run(SuiteRunnerWorker.java:96) [testng-7.4.0.jar:7.4.0]
	at org.testng.TestNG.runSuitesSequentially(TestNG.java:1212) [testng-7.4.0.jar:7.4.0]
	at org.testng.TestNG.runSuitesLocally(TestNG.java:1134) [testng-7.4.0.jar:7.4.0]
	at org.testng.TestNG.runSuites(TestNG.java:1063) [testng-7.4.0.jar:7.4.0]
	at org.testng.TestNG.run(TestNG.java:1031) [testng-7.4.0.jar:7.4.0]
	at org.testng.remote.AbstractRemoteTestNG.run(AbstractRemoteTestNG.java:115) [testng-remote.jar:?]
	at org.testng.remote.RemoteTestNG.initAndRun(RemoteTestNG.java:293) [testng-remote.jar:?]
	at org.testng.remote.RemoteTestNG.main(RemoteTestNG.java:91) [testng-remote.jar:?]
12:58:30.686 [main] ERROR testcases.Basiccontrol - Error occurred in Ok method: 
org.openqa.selenium.NoSuchElementException: no such element: Unable to locate element: {"method":"xpath","selector":"(//button[@class='borderenable btn btn-sm button-border ng-star-inserted'])[1]"}
  (Session info: chrome=137.0.7151.69)
For documentation on this error, please visit: https://www.selenium.dev/documentation/webdriver/troubleshooting/errors#no-such-element-exception
Build info: version: '4.31.0', revision: '1ef9f18787*'
System info: os.name: 'Windows 11', os.arch: 'amd64', os.version: '10.0', java.version: '21.0.7'
Driver info: org.openqa.selenium.chrome.ChromeDriver
Command: [efeac7a1ef5ba56307cc54caa925a663, findElement {using=xpath, value=(//button[@class='borderenable btn btn-sm button-border ng-star-inserted'])[1]}]
Capabilities {acceptInsecureCerts: false, browserName: chrome, browserVersion: 137.0.7151.69, chrome: {chromedriverVersion: 137.0.7151.70 (dfa4dc56b2ab..., userDataDir: C:\Users\VSRIKA~1\AppData\L...}, fedcm:accounts: true, goog:chromeOptions: {debuggerAddress: localhost:57628}, networkConnectionEnabled: false, pageLoadStrategy: normal, platformName: windows, proxy: Proxy(), se:cdp: ws://localhost:57628/devtoo..., se:cdpVersion: 137.0.7151.69, setWindowRect: true, strictFileInteractability: false, timeouts: {implicit: 0, pageLoad: 300000, script: 30000}, unhandledPromptBehavior: dismiss and notify, webauthn:extension:credBlob: true, webauthn:extension:largeBlob: true, webauthn:extension:minPinLength: true, webauthn:extension:prf: true, webauthn:virtualAuthenticators: true}
Session ID: efeac7a1ef5ba56307cc54caa925a663
	at java.base/jdk.internal.reflect.DirectConstructorHandleAccessor.newInstance(DirectConstructorHandleAccessor.java:62) ~[?:?]
	at java.base/java.lang.reflect.Constructor.newInstanceWithCaller(Constructor.java:502) ~[?:?]
	at java.base/java.lang.reflect.Constructor.newInstance(Constructor.java:486) ~[?:?]
	at org.openqa.selenium.remote.ErrorCodec.decode(ErrorCodec.java:167) ~[selenium-remote-driver-4.31.0.jar:?]
	at org.openqa.selenium.remote.codec.w3c.W3CHttpResponseCodec.decode(W3CHttpResponseCodec.java:138) ~[selenium-remote-driver-4.31.0.jar:?]
	at org.openqa.selenium.remote.codec.w3c.W3CHttpResponseCodec.decode(W3CHttpResponseCodec.java:50) ~[selenium-remote-driver-4.31.0.jar:?]
	at org.openqa.selenium.remote.HttpCommandExecutor.execute(HttpCommandExecutor.java:215) ~[selenium-remote-driver-4.31.0.jar:?]
	at org.openqa.selenium.remote.service.DriverCommandExecutor.invokeExecute(DriverCommandExecutor.java:216) ~[selenium-remote-driver-4.31.0.jar:?]
	at org.openqa.selenium.remote.service.DriverCommandExecutor.execute(DriverCommandExecutor.java:174) ~[selenium-remote-driver-4.31.0.jar:?]
	at org.openqa.selenium.remote.RemoteWebDriver.execute(RemoteWebDriver.java:545) ~[selenium-remote-driver-4.31.0.jar:?]
	at org.openqa.selenium.remote.ElementLocation$ElementFinder$2.findElement(ElementLocation.java:165) ~[selenium-remote-driver-4.31.0.jar:?]
	at org.openqa.selenium.remote.ElementLocation.findElement(ElementLocation.java:59) ~[selenium-remote-driver-4.31.0.jar:?]
	at org.openqa.selenium.remote.RemoteWebDriver.findElement(RemoteWebDriver.java:368) ~[selenium-remote-driver-4.31.0.jar:?]
	at org.openqa.selenium.remote.RemoteWebDriver.findElement(RemoteWebDriver.java:362) ~[selenium-remote-driver-4.31.0.jar:?]
	at testcases.stepactionwithdataentries.Ok(stepactionwithdataentries.java:171) ~[test-classes/:?]
	at java.base/jdk.internal.reflect.DirectMethodHandleAccessor.invoke(DirectMethodHandleAccessor.java:103) ~[?:?]
	at java.base/java.lang.reflect.Method.invoke(Method.java:580) ~[?:?]
	at org.testng.internal.MethodInvocationHelper.invokeMethod(MethodInvocationHelper.java:133) ~[testng-7.4.0.jar:7.4.0]
	at org.testng.internal.TestInvoker.invokeMethod(TestInvoker.java:598) ~[testng-7.4.0.jar:7.4.0]
	at org.testng.internal.TestInvoker.invokeTestMethod(TestInvoker.java:173) ~[testng-7.4.0.jar:7.4.0]
	at org.testng.internal.MethodRunner.runInSequence(MethodRunner.java:46) ~[testng-7.4.0.jar:7.4.0]
	at org.testng.internal.TestInvoker$MethodInvocationAgent.invoke(TestInvoker.java:824) ~[testng-7.4.0.jar:7.4.0]
	at org.testng.internal.TestInvoker.invokeTestMethods(TestInvoker.java:146) ~[testng-7.4.0.jar:7.4.0]
	at org.testng.internal.TestMethodWorker.invokeTestMethods(TestMethodWorker.java:146) ~[testng-7.4.0.jar:7.4.0]
	at org.testng.internal.TestMethodWorker.run(TestMethodWorker.java:128) ~[testng-7.4.0.jar:7.4.0]
	at java.base/java.util.ArrayList.forEach(ArrayList.java:1596) [?:?]
	at org.testng.TestRunner.privateRun(TestRunner.java:794) [testng-7.4.0.jar:7.4.0]
	at org.testng.TestRunner.run(TestRunner.java:596) [testng-7.4.0.jar:7.4.0]
	at org.testng.SuiteRunner.runTest(SuiteRunner.java:377) [testng-7.4.0.jar:7.4.0]
	at org.testng.SuiteRunner.runSequentially(SuiteRunner.java:371) [testng-7.4.0.jar:7.4.0]
	at org.testng.SuiteRunner.privateRun(SuiteRunner.java:332) [testng-7.4.0.jar:7.4.0]
	at org.testng.SuiteRunner.run(SuiteRunner.java:276) [testng-7.4.0.jar:7.4.0]
	at org.testng.SuiteRunnerWorker.runSuite(SuiteRunnerWorker.java:53) [testng-7.4.0.jar:7.4.0]
	at org.testng.SuiteRunnerWorker.run(SuiteRunnerWorker.java:96) [testng-7.4.0.jar:7.4.0]
	at org.testng.TestNG.runSuitesSequentially(TestNG.java:1212) [testng-7.4.0.jar:7.4.0]
	at org.testng.TestNG.runSuitesLocally(TestNG.java:1134) [testng-7.4.0.jar:7.4.0]
	at org.testng.TestNG.runSuites(TestNG.java:1063) [testng-7.4.0.jar:7.4.0]
	at org.testng.TestNG.run(TestNG.java:1031) [testng-7.4.0.jar:7.4.0]
	at org.testng.remote.AbstractRemoteTestNG.run(AbstractRemoteTestNG.java:115) [testng-remote.jar:?]
	at org.testng.remote.RemoteTestNG.initAndRun(RemoteTestNG.java:293) [testng-remote.jar:?]
	at org.testng.remote.RemoteTestNG.main(RemoteTestNG.java:91) [testng-remote.jar:?]
12:58:32.819 [main] ERROR testcases.Basiccontrol - Error occurred in Columnbutton method: 
org.openqa.selenium.NoSuchElementException: no such element: Unable to locate element: {"method":"xpath","selector":"(//a[@class='nav-link'])"}
  (Session info: chrome=137.0.7151.69)
For documentation on this error, please visit: https://www.selenium.dev/documentation/webdriver/troubleshooting/errors#no-such-element-exception
Build info: version: '4.31.0', revision: '1ef9f18787*'
System info: os.name: 'Windows 11', os.arch: 'amd64', os.version: '10.0', java.version: '21.0.7'
Driver info: org.openqa.selenium.chrome.ChromeDriver
Command: [efeac7a1ef5ba56307cc54caa925a663, findElement {using=xpath, value=(//a[@class='nav-link'])}]
Capabilities {acceptInsecureCerts: false, browserName: chrome, browserVersion: 137.0.7151.69, chrome: {chromedriverVersion: 137.0.7151.70 (dfa4dc56b2ab..., userDataDir: C:\Users\VSRIKA~1\AppData\L...}, fedcm:accounts: true, goog:chromeOptions: {debuggerAddress: localhost:57628}, networkConnectionEnabled: false, pageLoadStrategy: normal, platformName: windows, proxy: Proxy(), se:cdp: ws://localhost:57628/devtoo..., se:cdpVersion: 137.0.7151.69, setWindowRect: true, strictFileInteractability: false, timeouts: {implicit: 0, pageLoad: 300000, script: 30000}, unhandledPromptBehavior: dismiss and notify, webauthn:extension:credBlob: true, webauthn:extension:largeBlob: true, webauthn:extension:minPinLength: true, webauthn:extension:prf: true, webauthn:virtualAuthenticators: true}
Session ID: efeac7a1ef5ba56307cc54caa925a663
	at java.base/jdk.internal.reflect.DirectConstructorHandleAccessor.newInstance(DirectConstructorHandleAccessor.java:62) ~[?:?]
	at java.base/java.lang.reflect.Constructor.newInstanceWithCaller(Constructor.java:502) ~[?:?]
	at java.base/java.lang.reflect.Constructor.newInstance(Constructor.java:486) ~[?:?]
	at org.openqa.selenium.remote.ErrorCodec.decode(ErrorCodec.java:167) ~[selenium-remote-driver-4.31.0.jar:?]
	at org.openqa.selenium.remote.codec.w3c.W3CHttpResponseCodec.decode(W3CHttpResponseCodec.java:138) ~[selenium-remote-driver-4.31.0.jar:?]
	at org.openqa.selenium.remote.codec.w3c.W3CHttpResponseCodec.decode(W3CHttpResponseCodec.java:50) ~[selenium-remote-driver-4.31.0.jar:?]
	at org.openqa.selenium.remote.HttpCommandExecutor.execute(HttpCommandExecutor.java:215) ~[selenium-remote-driver-4.31.0.jar:?]
	at org.openqa.selenium.remote.service.DriverCommandExecutor.invokeExecute(DriverCommandExecutor.java:216) ~[selenium-remote-driver-4.31.0.jar:?]
	at org.openqa.selenium.remote.service.DriverCommandExecutor.execute(DriverCommandExecutor.java:174) ~[selenium-remote-driver-4.31.0.jar:?]
	at org.openqa.selenium.remote.RemoteWebDriver.execute(RemoteWebDriver.java:545) ~[selenium-remote-driver-4.31.0.jar:?]
	at org.openqa.selenium.remote.ElementLocation$ElementFinder$2.findElement(ElementLocation.java:165) ~[selenium-remote-driver-4.31.0.jar:?]
	at org.openqa.selenium.remote.ElementLocation.findElement(ElementLocation.java:59) ~[selenium-remote-driver-4.31.0.jar:?]
	at org.openqa.selenium.remote.RemoteWebDriver.findElement(RemoteWebDriver.java:368) ~[selenium-remote-driver-4.31.0.jar:?]
	at org.openqa.selenium.remote.RemoteWebDriver.findElement(RemoteWebDriver.java:362) ~[selenium-remote-driver-4.31.0.jar:?]
	at testcases.stepactionwithdataentries.Columnbutton(stepactionwithdataentries.java:177) ~[test-classes/:?]
	at java.base/jdk.internal.reflect.DirectMethodHandleAccessor.invoke(DirectMethodHandleAccessor.java:103) ~[?:?]
	at java.base/java.lang.reflect.Method.invoke(Method.java:580) ~[?:?]
	at org.testng.internal.MethodInvocationHelper.invokeMethod(MethodInvocationHelper.java:133) ~[testng-7.4.0.jar:7.4.0]
	at org.testng.internal.TestInvoker.invokeMethod(TestInvoker.java:598) ~[testng-7.4.0.jar:7.4.0]
	at org.testng.internal.TestInvoker.invokeTestMethod(TestInvoker.java:173) ~[testng-7.4.0.jar:7.4.0]
	at org.testng.internal.MethodRunner.runInSequence(MethodRunner.java:46) ~[testng-7.4.0.jar:7.4.0]
	at org.testng.internal.TestInvoker$MethodInvocationAgent.invoke(TestInvoker.java:824) ~[testng-7.4.0.jar:7.4.0]
	at org.testng.internal.TestInvoker.invokeTestMethods(TestInvoker.java:146) ~[testng-7.4.0.jar:7.4.0]
	at org.testng.internal.TestMethodWorker.invokeTestMethods(TestMethodWorker.java:146) ~[testng-7.4.0.jar:7.4.0]
	at org.testng.internal.TestMethodWorker.run(TestMethodWorker.java:128) ~[testng-7.4.0.jar:7.4.0]
	at java.base/java.util.ArrayList.forEach(ArrayList.java:1596) [?:?]
	at org.testng.TestRunner.privateRun(TestRunner.java:794) [testng-7.4.0.jar:7.4.0]
	at org.testng.TestRunner.run(TestRunner.java:596) [testng-7.4.0.jar:7.4.0]
	at org.testng.SuiteRunner.runTest(SuiteRunner.java:377) [testng-7.4.0.jar:7.4.0]
	at org.testng.SuiteRunner.runSequentially(SuiteRunner.java:371) [testng-7.4.0.jar:7.4.0]
	at org.testng.SuiteRunner.privateRun(SuiteRunner.java:332) [testng-7.4.0.jar:7.4.0]
	at org.testng.SuiteRunner.run(SuiteRunner.java:276) [testng-7.4.0.jar:7.4.0]
	at org.testng.SuiteRunnerWorker.runSuite(SuiteRunnerWorker.java:53) [testng-7.4.0.jar:7.4.0]
	at org.testng.SuiteRunnerWorker.run(SuiteRunnerWorker.java:96) [testng-7.4.0.jar:7.4.0]
	at org.testng.TestNG.runSuitesSequentially(TestNG.java:1212) [testng-7.4.0.jar:7.4.0]
	at org.testng.TestNG.runSuitesLocally(TestNG.java:1134) [testng-7.4.0.jar:7.4.0]
	at org.testng.TestNG.runSuites(TestNG.java:1063) [testng-7.4.0.jar:7.4.0]
	at org.testng.TestNG.run(TestNG.java:1031) [testng-7.4.0.jar:7.4.0]
	at org.testng.remote.AbstractRemoteTestNG.run(AbstractRemoteTestNG.java:115) [testng-remote.jar:?]
	at org.testng.remote.RemoteTestNG.initAndRun(RemoteTestNG.java:293) [testng-remote.jar:?]
	at org.testng.remote.RemoteTestNG.main(RemoteTestNG.java:91) [testng-remote.jar:?]
12:58:34.979 [main] ERROR testcases.Basiccontrol - Error occurred in Datatypedropdown method: 
org.openqa.selenium.ElementNotInteractableException: element not interactable
  (Session info: chrome=137.0.7151.69)
Build info: version: '4.31.0', revision: '1ef9f18787*'
System info: os.name: 'Windows 11', os.arch: 'amd64', os.version: '10.0', java.version: '21.0.7'
Driver info: org.openqa.selenium.chrome.ChromeDriver
Command: [efeac7a1ef5ba56307cc54caa925a663, clickElement {id=f.3FC8A60B1808881BD19E5DA70D646DEA.d.7667E6486BCBAE022325DBD553BF4BC5.e.1031}]
Capabilities {acceptInsecureCerts: false, browserName: chrome, browserVersion: 137.0.7151.69, chrome: {chromedriverVersion: 137.0.7151.70 (dfa4dc56b2ab..., userDataDir: C:\Users\VSRIKA~1\AppData\L...}, fedcm:accounts: true, goog:chromeOptions: {debuggerAddress: localhost:57628}, networkConnectionEnabled: false, pageLoadStrategy: normal, platformName: windows, proxy: Proxy(), se:cdp: ws://localhost:57628/devtoo..., se:cdpVersion: 137.0.7151.69, setWindowRect: true, strictFileInteractability: false, timeouts: {implicit: 0, pageLoad: 300000, script: 30000}, unhandledPromptBehavior: dismiss and notify, webauthn:extension:credBlob: true, webauthn:extension:largeBlob: true, webauthn:extension:minPinLength: true, webauthn:extension:prf: true, webauthn:virtualAuthenticators: true}
Element: [[ChromeDriver: chrome on windows (efeac7a1ef5ba56307cc54caa925a663)] -> xpath: //select[contains(@class,'form-control ng-untouched ng-pristine ng-valid')]]
Session ID: efeac7a1ef5ba56307cc54caa925a663
	at java.base/jdk.internal.reflect.DirectConstructorHandleAccessor.newInstance(DirectConstructorHandleAccessor.java:62) ~[?:?]
	at java.base/java.lang.reflect.Constructor.newInstanceWithCaller(Constructor.java:502) ~[?:?]
	at java.base/java.lang.reflect.Constructor.newInstance(Constructor.java:486) ~[?:?]
	at org.openqa.selenium.remote.ErrorCodec.decode(ErrorCodec.java:167) ~[selenium-remote-driver-4.31.0.jar:?]
	at org.openqa.selenium.remote.codec.w3c.W3CHttpResponseCodec.decode(W3CHttpResponseCodec.java:138) ~[selenium-remote-driver-4.31.0.jar:?]
	at org.openqa.selenium.remote.codec.w3c.W3CHttpResponseCodec.decode(W3CHttpResponseCodec.java:50) ~[selenium-remote-driver-4.31.0.jar:?]
	at org.openqa.selenium.remote.HttpCommandExecutor.execute(HttpCommandExecutor.java:215) ~[selenium-remote-driver-4.31.0.jar:?]
	at org.openqa.selenium.remote.service.DriverCommandExecutor.invokeExecute(DriverCommandExecutor.java:216) ~[selenium-remote-driver-4.31.0.jar:?]
	at org.openqa.selenium.remote.service.DriverCommandExecutor.execute(DriverCommandExecutor.java:174) ~[selenium-remote-driver-4.31.0.jar:?]
	at org.openqa.selenium.remote.RemoteWebDriver.execute(RemoteWebDriver.java:545) ~[selenium-remote-driver-4.31.0.jar:?]
	at org.openqa.selenium.remote.RemoteWebElement.execute(RemoteWebElement.java:223) ~[selenium-remote-driver-4.31.0.jar:?]
	at org.openqa.selenium.remote.RemoteWebElement.click(RemoteWebElement.java:76) ~[selenium-remote-driver-4.31.0.jar:?]
	at testcases.stepactionwithdataentries.Datatypedropdown(stepactionwithdataentries.java:183) ~[test-classes/:?]
	at java.base/jdk.internal.reflect.DirectMethodHandleAccessor.invoke(DirectMethodHandleAccessor.java:103) ~[?:?]
	at java.base/java.lang.reflect.Method.invoke(Method.java:580) ~[?:?]
	at org.testng.internal.MethodInvocationHelper.invokeMethod(MethodInvocationHelper.java:133) ~[testng-7.4.0.jar:7.4.0]
	at org.testng.internal.TestInvoker.invokeMethod(TestInvoker.java:598) ~[testng-7.4.0.jar:7.4.0]
	at org.testng.internal.TestInvoker.invokeTestMethod(TestInvoker.java:173) ~[testng-7.4.0.jar:7.4.0]
	at org.testng.internal.MethodRunner.runInSequence(MethodRunner.java:46) ~[testng-7.4.0.jar:7.4.0]
	at org.testng.internal.TestInvoker$MethodInvocationAgent.invoke(TestInvoker.java:824) ~[testng-7.4.0.jar:7.4.0]
	at org.testng.internal.TestInvoker.invokeTestMethods(TestInvoker.java:146) ~[testng-7.4.0.jar:7.4.0]
	at org.testng.internal.TestMethodWorker.invokeTestMethods(TestMethodWorker.java:146) ~[testng-7.4.0.jar:7.4.0]
	at org.testng.internal.TestMethodWorker.run(TestMethodWorker.java:128) ~[testng-7.4.0.jar:7.4.0]
	at java.base/java.util.ArrayList.forEach(ArrayList.java:1596) [?:?]
	at org.testng.TestRunner.privateRun(TestRunner.java:794) [testng-7.4.0.jar:7.4.0]
	at org.testng.TestRunner.run(TestRunner.java:596) [testng-7.4.0.jar:7.4.0]
	at org.testng.SuiteRunner.runTest(SuiteRunner.java:377) [testng-7.4.0.jar:7.4.0]
	at org.testng.SuiteRunner.runSequentially(SuiteRunner.java:371) [testng-7.4.0.jar:7.4.0]
	at org.testng.SuiteRunner.privateRun(SuiteRunner.java:332) [testng-7.4.0.jar:7.4.0]
	at org.testng.SuiteRunner.run(SuiteRunner.java:276) [testng-7.4.0.jar:7.4.0]
	at org.testng.SuiteRunnerWorker.runSuite(SuiteRunnerWorker.java:53) [testng-7.4.0.jar:7.4.0]
	at org.testng.SuiteRunnerWorker.run(SuiteRunnerWorker.java:96) [testng-7.4.0.jar:7.4.0]
	at org.testng.TestNG.runSuitesSequentially(TestNG.java:1212) [testng-7.4.0.jar:7.4.0]
	at org.testng.TestNG.runSuitesLocally(TestNG.java:1134) [testng-7.4.0.jar:7.4.0]
	at org.testng.TestNG.runSuites(TestNG.java:1063) [testng-7.4.0.jar:7.4.0]
	at org.testng.TestNG.run(TestNG.java:1031) [testng-7.4.0.jar:7.4.0]
	at org.testng.remote.AbstractRemoteTestNG.run(AbstractRemoteTestNG.java:115) [testng-remote.jar:?]
	at org.testng.remote.RemoteTestNG.initAndRun(RemoteTestNG.java:293) [testng-remote.jar:?]
	at org.testng.remote.RemoteTestNG.main(RemoteTestNG.java:91) [testng-remote.jar:?]
12:58:39.244 [main] ERROR testcases.Basiccontrol - Error occurred in Textdataentry method: 
org.openqa.selenium.ElementNotInteractableException: element not interactable: Element is not currently visible and may not be manipulated
  (Session info: chrome=137.0.7151.69)
Build info: version: '4.31.0', revision: '1ef9f18787*'
System info: os.name: 'Windows 11', os.arch: 'amd64', os.version: '10.0', java.version: '21.0.7'
Driver info: org.openqa.selenium.chrome.ChromeDriver
Command: [efeac7a1ef5ba56307cc54caa925a663, clickElement {id=f.3FC8A60B1808881BD19E5DA70D646DEA.d.7667E6486BCBAE022325DBD553BF4BC5.e.1150}]
Capabilities {acceptInsecureCerts: false, browserName: chrome, browserVersion: 137.0.7151.69, chrome: {chromedriverVersion: 137.0.7151.70 (dfa4dc56b2ab..., userDataDir: C:\Users\VSRIKA~1\AppData\L...}, fedcm:accounts: true, goog:chromeOptions: {debuggerAddress: localhost:57628}, networkConnectionEnabled: false, pageLoadStrategy: normal, platformName: windows, proxy: Proxy(), se:cdp: ws://localhost:57628/devtoo..., se:cdpVersion: 137.0.7151.69, setWindowRect: true, strictFileInteractability: false, timeouts: {implicit: 0, pageLoad: 300000, script: 30000}, unhandledPromptBehavior: dismiss and notify, webauthn:extension:credBlob: true, webauthn:extension:largeBlob: true, webauthn:extension:minPinLength: true, webauthn:extension:prf: true, webauthn:virtualAuthenticators: true}
Element: [[[[ChromeDriver: chrome on windows (efeac7a1ef5ba56307cc54caa925a663)] -> xpath: //select[contains(@class,'form-control ng-untouched ng-pristine ng-valid')]]] -> tag name: option]
Session ID: efeac7a1ef5ba56307cc54caa925a663
	at java.base/jdk.internal.reflect.DirectConstructorHandleAccessor.newInstance(DirectConstructorHandleAccessor.java:62) ~[?:?]
	at java.base/java.lang.reflect.Constructor.newInstanceWithCaller(Constructor.java:502) ~[?:?]
	at java.base/java.lang.reflect.Constructor.newInstance(Constructor.java:486) ~[?:?]
	at org.openqa.selenium.remote.ErrorCodec.decode(ErrorCodec.java:167) ~[selenium-remote-driver-4.31.0.jar:?]
	at org.openqa.selenium.remote.codec.w3c.W3CHttpResponseCodec.decode(W3CHttpResponseCodec.java:138) ~[selenium-remote-driver-4.31.0.jar:?]
	at org.openqa.selenium.remote.codec.w3c.W3CHttpResponseCodec.decode(W3CHttpResponseCodec.java:50) ~[selenium-remote-driver-4.31.0.jar:?]
	at org.openqa.selenium.remote.HttpCommandExecutor.execute(HttpCommandExecutor.java:215) ~[selenium-remote-driver-4.31.0.jar:?]
	at org.openqa.selenium.remote.service.DriverCommandExecutor.invokeExecute(DriverCommandExecutor.java:216) ~[selenium-remote-driver-4.31.0.jar:?]
	at org.openqa.selenium.remote.service.DriverCommandExecutor.execute(DriverCommandExecutor.java:174) ~[selenium-remote-driver-4.31.0.jar:?]
	at org.openqa.selenium.remote.RemoteWebDriver.execute(RemoteWebDriver.java:545) ~[selenium-remote-driver-4.31.0.jar:?]
	at org.openqa.selenium.remote.RemoteWebElement.execute(RemoteWebElement.java:223) ~[selenium-remote-driver-4.31.0.jar:?]
	at org.openqa.selenium.remote.RemoteWebElement.click(RemoteWebElement.java:76) ~[selenium-remote-driver-4.31.0.jar:?]
	at org.openqa.selenium.support.ui.Select.setSelected(Select.java:419) ~[selenium-support-4.31.0.jar:?]
	at org.openqa.selenium.support.ui.Select.setSelectedByIndex(Select.java:403) ~[selenium-support-4.31.0.jar:?]
	at org.openqa.selenium.support.ui.Select.selectByIndex(Select.java:262) ~[selenium-support-4.31.0.jar:?]
	at testcases.stepactionwithdataentries.Textdataentry(stepactionwithdataentries.java:190) ~[test-classes/:?]
	at java.base/jdk.internal.reflect.DirectMethodHandleAccessor.invoke(DirectMethodHandleAccessor.java:103) ~[?:?]
	at java.base/java.lang.reflect.Method.invoke(Method.java:580) ~[?:?]
	at org.testng.internal.MethodInvocationHelper.invokeMethod(MethodInvocationHelper.java:133) ~[testng-7.4.0.jar:7.4.0]
	at org.testng.internal.TestInvoker.invokeMethod(TestInvoker.java:598) ~[testng-7.4.0.jar:7.4.0]
	at org.testng.internal.TestInvoker.invokeTestMethod(TestInvoker.java:173) ~[testng-7.4.0.jar:7.4.0]
	at org.testng.internal.MethodRunner.runInSequence(MethodRunner.java:46) ~[testng-7.4.0.jar:7.4.0]
	at org.testng.internal.TestInvoker$MethodInvocationAgent.invoke(TestInvoker.java:824) ~[testng-7.4.0.jar:7.4.0]
	at org.testng.internal.TestInvoker.invokeTestMethods(TestInvoker.java:146) ~[testng-7.4.0.jar:7.4.0]
	at org.testng.internal.TestMethodWorker.invokeTestMethods(TestMethodWorker.java:146) ~[testng-7.4.0.jar:7.4.0]
	at org.testng.internal.TestMethodWorker.run(TestMethodWorker.java:128) ~[testng-7.4.0.jar:7.4.0]
	at java.base/java.util.ArrayList.forEach(ArrayList.java:1596) [?:?]
	at org.testng.TestRunner.privateRun(TestRunner.java:794) [testng-7.4.0.jar:7.4.0]
	at org.testng.TestRunner.run(TestRunner.java:596) [testng-7.4.0.jar:7.4.0]
	at org.testng.SuiteRunner.runTest(SuiteRunner.java:377) [testng-7.4.0.jar:7.4.0]
	at org.testng.SuiteRunner.runSequentially(SuiteRunner.java:371) [testng-7.4.0.jar:7.4.0]
	at org.testng.SuiteRunner.privateRun(SuiteRunner.java:332) [testng-7.4.0.jar:7.4.0]
	at org.testng.SuiteRunner.run(SuiteRunner.java:276) [testng-7.4.0.jar:7.4.0]
	at org.testng.SuiteRunnerWorker.runSuite(SuiteRunnerWorker.java:53) [testng-7.4.0.jar:7.4.0]
	at org.testng.SuiteRunnerWorker.run(SuiteRunnerWorker.java:96) [testng-7.4.0.jar:7.4.0]
	at org.testng.TestNG.runSuitesSequentially(TestNG.java:1212) [testng-7.4.0.jar:7.4.0]
	at org.testng.TestNG.runSuitesLocally(TestNG.java:1134) [testng-7.4.0.jar:7.4.0]
	at org.testng.TestNG.runSuites(TestNG.java:1063) [testng-7.4.0.jar:7.4.0]
	at org.testng.TestNG.run(TestNG.java:1031) [testng-7.4.0.jar:7.4.0]
	at org.testng.remote.AbstractRemoteTestNG.run(AbstractRemoteTestNG.java:115) [testng-remote.jar:?]
	at org.testng.remote.RemoteTestNG.initAndRun(RemoteTestNG.java:293) [testng-remote.jar:?]
	at org.testng.remote.RemoteTestNG.main(RemoteTestNG.java:91) [testng-remote.jar:?]
12:58:55.602 [main] ERROR testcases.Basiccontrol - Error occurred in Datatypedropdown1 method: 
org.openqa.selenium.NoSuchElementException: Cannot locate option with index: 2
For documentation on this error, please visit: https://www.selenium.dev/documentation/webdriver/troubleshooting/errors#no-such-element-exception
Build info: version: '4.31.0', revision: '1ef9f18787*'
System info: os.name: 'Windows 11', os.arch: 'amd64', os.version: '10.0', java.version: '21.0.7'
Driver info: driver.version: unknown
	at org.openqa.selenium.support.ui.Select.setSelectedByIndex(Select.java:407) ~[selenium-support-4.31.0.jar:?]
	at org.openqa.selenium.support.ui.Select.selectByIndex(Select.java:262) ~[selenium-support-4.31.0.jar:?]
	at testcases.stepactionwithdataentries.Datatypedropdown12(stepactionwithdataentries.java:209) ~[test-classes/:?]
	at java.base/jdk.internal.reflect.DirectMethodHandleAccessor.invoke(DirectMethodHandleAccessor.java:103) ~[?:?]
	at java.base/java.lang.reflect.Method.invoke(Method.java:580) ~[?:?]
	at org.testng.internal.MethodInvocationHelper.invokeMethod(MethodInvocationHelper.java:133) ~[testng-7.4.0.jar:7.4.0]
	at org.testng.internal.TestInvoker.invokeMethod(TestInvoker.java:598) ~[testng-7.4.0.jar:7.4.0]
	at org.testng.internal.TestInvoker.invokeTestMethod(TestInvoker.java:173) ~[testng-7.4.0.jar:7.4.0]
	at org.testng.internal.MethodRunner.runInSequence(MethodRunner.java:46) ~[testng-7.4.0.jar:7.4.0]
	at org.testng.internal.TestInvoker$MethodInvocationAgent.invoke(TestInvoker.java:824) ~[testng-7.4.0.jar:7.4.0]
	at org.testng.internal.TestInvoker.invokeTestMethods(TestInvoker.java:146) ~[testng-7.4.0.jar:7.4.0]
	at org.testng.internal.TestMethodWorker.invokeTestMethods(TestMethodWorker.java:146) ~[testng-7.4.0.jar:7.4.0]
	at org.testng.internal.TestMethodWorker.run(TestMethodWorker.java:128) ~[testng-7.4.0.jar:7.4.0]
	at java.base/java.util.ArrayList.forEach(ArrayList.java:1596) [?:?]
	at org.testng.TestRunner.privateRun(TestRunner.java:794) [testng-7.4.0.jar:7.4.0]
	at org.testng.TestRunner.run(TestRunner.java:596) [testng-7.4.0.jar:7.4.0]
	at org.testng.SuiteRunner.runTest(SuiteRunner.java:377) [testng-7.4.0.jar:7.4.0]
	at org.testng.SuiteRunner.runSequentially(SuiteRunner.java:371) [testng-7.4.0.jar:7.4.0]
	at org.testng.SuiteRunner.privateRun(SuiteRunner.java:332) [testng-7.4.0.jar:7.4.0]
	at org.testng.SuiteRunner.run(SuiteRunner.java:276) [testng-7.4.0.jar:7.4.0]
	at org.testng.SuiteRunnerWorker.runSuite(SuiteRunnerWorker.java:53) [testng-7.4.0.jar:7.4.0]
	at org.testng.SuiteRunnerWorker.run(SuiteRunnerWorker.java:96) [testng-7.4.0.jar:7.4.0]
	at org.testng.TestNG.runSuitesSequentially(TestNG.java:1212) [testng-7.4.0.jar:7.4.0]
	at org.testng.TestNG.runSuitesLocally(TestNG.java:1134) [testng-7.4.0.jar:7.4.0]
	at org.testng.TestNG.runSuites(TestNG.java:1063) [testng-7.4.0.jar:7.4.0]
	at org.testng.TestNG.run(TestNG.java:1031) [testng-7.4.0.jar:7.4.0]
	at org.testng.remote.AbstractRemoteTestNG.run(AbstractRemoteTestNG.java:115) [testng-remote.jar:?]
	at org.testng.remote.RemoteTestNG.initAndRun(RemoteTestNG.java:293) [testng-remote.jar:?]
	at org.testng.remote.RemoteTestNG.main(RemoteTestNG.java:91) [testng-remote.jar:?]
12:58:57.756 [main] ERROR testcases.Basiccontrol - Error occurred in Textareadataentry method: 
org.openqa.selenium.ElementNotInteractableException: element not interactable: Element is not currently visible and may not be manipulated
  (Session info: chrome=137.0.7151.69)
Build info: version: '4.31.0', revision: '1ef9f18787*'
System info: os.name: 'Windows 11', os.arch: 'amd64', os.version: '10.0', java.version: '21.0.7'
Driver info: org.openqa.selenium.chrome.ChromeDriver
Command: [efeac7a1ef5ba56307cc54caa925a663, clickElement {id=f.3FC8A60B1808881BD19E5DA70D646DEA.d.7667E6486BCBAE022325DBD553BF4BC5.e.1152}]
Capabilities {acceptInsecureCerts: false, browserName: chrome, browserVersion: 137.0.7151.69, chrome: {chromedriverVersion: 137.0.7151.70 (dfa4dc56b2ab..., userDataDir: C:\Users\VSRIKA~1\AppData\L...}, fedcm:accounts: true, goog:chromeOptions: {debuggerAddress: localhost:57628}, networkConnectionEnabled: false, pageLoadStrategy: normal, platformName: windows, proxy: Proxy(), se:cdp: ws://localhost:57628/devtoo..., se:cdpVersion: 137.0.7151.69, setWindowRect: true, strictFileInteractability: false, timeouts: {implicit: 0, pageLoad: 300000, script: 30000}, unhandledPromptBehavior: dismiss and notify, webauthn:extension:credBlob: true, webauthn:extension:largeBlob: true, webauthn:extension:minPinLength: true, webauthn:extension:prf: true, webauthn:virtualAuthenticators: true}
Element: [[ChromeDriver: chrome on windows (efeac7a1ef5ba56307cc54caa925a663)] -> xpath: (//option[@class='ng-star-inserted'])[2]]
Session ID: efeac7a1ef5ba56307cc54caa925a663
	at java.base/jdk.internal.reflect.DirectConstructorHandleAccessor.newInstance(DirectConstructorHandleAccessor.java:62) ~[?:?]
	at java.base/java.lang.reflect.Constructor.newInstanceWithCaller(Constructor.java:502) ~[?:?]
	at java.base/java.lang.reflect.Constructor.newInstance(Constructor.java:486) ~[?:?]
	at org.openqa.selenium.remote.ErrorCodec.decode(ErrorCodec.java:167) ~[selenium-remote-driver-4.31.0.jar:?]
	at org.openqa.selenium.remote.codec.w3c.W3CHttpResponseCodec.decode(W3CHttpResponseCodec.java:138) ~[selenium-remote-driver-4.31.0.jar:?]
	at org.openqa.selenium.remote.codec.w3c.W3CHttpResponseCodec.decode(W3CHttpResponseCodec.java:50) ~[selenium-remote-driver-4.31.0.jar:?]
	at org.openqa.selenium.remote.HttpCommandExecutor.execute(HttpCommandExecutor.java:215) ~[selenium-remote-driver-4.31.0.jar:?]
	at org.openqa.selenium.remote.service.DriverCommandExecutor.invokeExecute(DriverCommandExecutor.java:216) ~[selenium-remote-driver-4.31.0.jar:?]
	at org.openqa.selenium.remote.service.DriverCommandExecutor.execute(DriverCommandExecutor.java:174) ~[selenium-remote-driver-4.31.0.jar:?]
	at org.openqa.selenium.remote.RemoteWebDriver.execute(RemoteWebDriver.java:545) ~[selenium-remote-driver-4.31.0.jar:?]
	at org.openqa.selenium.remote.RemoteWebElement.execute(RemoteWebElement.java:223) ~[selenium-remote-driver-4.31.0.jar:?]
	at org.openqa.selenium.remote.RemoteWebElement.click(RemoteWebElement.java:76) ~[selenium-remote-driver-4.31.0.jar:?]
	at testcases.stepactionwithdataentries.Textareadataentry2(stepactionwithdataentries.java:215) ~[test-classes/:?]
	at java.base/jdk.internal.reflect.DirectMethodHandleAccessor.invoke(DirectMethodHandleAccessor.java:103) ~[?:?]
	at java.base/java.lang.reflect.Method.invoke(Method.java:580) ~[?:?]
	at org.testng.internal.MethodInvocationHelper.invokeMethod(MethodInvocationHelper.java:133) ~[testng-7.4.0.jar:7.4.0]
	at org.testng.internal.TestInvoker.invokeMethod(TestInvoker.java:598) ~[testng-7.4.0.jar:7.4.0]
	at org.testng.internal.TestInvoker.invokeTestMethod(TestInvoker.java:173) ~[testng-7.4.0.jar:7.4.0]
	at org.testng.internal.MethodRunner.runInSequence(MethodRunner.java:46) ~[testng-7.4.0.jar:7.4.0]
	at org.testng.internal.TestInvoker$MethodInvocationAgent.invoke(TestInvoker.java:824) ~[testng-7.4.0.jar:7.4.0]
	at org.testng.internal.TestInvoker.invokeTestMethods(TestInvoker.java:146) ~[testng-7.4.0.jar:7.4.0]
	at org.testng.internal.TestMethodWorker.invokeTestMethods(TestMethodWorker.java:146) ~[testng-7.4.0.jar:7.4.0]
	at org.testng.internal.TestMethodWorker.run(TestMethodWorker.java:128) ~[testng-7.4.0.jar:7.4.0]
	at java.base/java.util.ArrayList.forEach(ArrayList.java:1596) [?:?]
	at org.testng.TestRunner.privateRun(TestRunner.java:794) [testng-7.4.0.jar:7.4.0]
	at org.testng.TestRunner.run(TestRunner.java:596) [testng-7.4.0.jar:7.4.0]
	at org.testng.SuiteRunner.runTest(SuiteRunner.java:377) [testng-7.4.0.jar:7.4.0]
	at org.testng.SuiteRunner.runSequentially(SuiteRunner.java:371) [testng-7.4.0.jar:7.4.0]
	at org.testng.SuiteRunner.privateRun(SuiteRunner.java:332) [testng-7.4.0.jar:7.4.0]
	at org.testng.SuiteRunner.run(SuiteRunner.java:276) [testng-7.4.0.jar:7.4.0]
	at org.testng.SuiteRunnerWorker.runSuite(SuiteRunnerWorker.java:53) [testng-7.4.0.jar:7.4.0]
	at org.testng.SuiteRunnerWorker.run(SuiteRunnerWorker.java:96) [testng-7.4.0.jar:7.4.0]
	at org.testng.TestNG.runSuitesSequentially(TestNG.java:1212) [testng-7.4.0.jar:7.4.0]
	at org.testng.TestNG.runSuitesLocally(TestNG.java:1134) [testng-7.4.0.jar:7.4.0]
	at org.testng.TestNG.runSuites(TestNG.java:1063) [testng-7.4.0.jar:7.4.0]
	at org.testng.TestNG.run(TestNG.java:1031) [testng-7.4.0.jar:7.4.0]
	at org.testng.remote.AbstractRemoteTestNG.run(AbstractRemoteTestNG.java:115) [testng-remote.jar:?]
	at org.testng.remote.RemoteTestNG.initAndRun(RemoteTestNG.java:293) [testng-remote.jar:?]
	at org.testng.remote.RemoteTestNG.main(RemoteTestNG.java:91) [testng-remote.jar:?]
12:59:02.037 [main] ERROR testcases.Basiccontrol - Error occurred in Numberdataentry method: 
org.openqa.selenium.ElementNotInteractableException: element not interactable: Element is not currently visible and may not be manipulated
  (Session info: chrome=137.0.7151.69)
Build info: version: '4.31.0', revision: '1ef9f18787*'
System info: os.name: 'Windows 11', os.arch: 'amd64', os.version: '10.0', java.version: '21.0.7'
Driver info: org.openqa.selenium.chrome.ChromeDriver
Command: [efeac7a1ef5ba56307cc54caa925a663, clickElement {id=f.3FC8A60B1808881BD19E5DA70D646DEA.d.7667E6486BCBAE022325DBD553BF4BC5.e.1154}]
Capabilities {acceptInsecureCerts: false, browserName: chrome, browserVersion: 137.0.7151.69, chrome: {chromedriverVersion: 137.0.7151.70 (dfa4dc56b2ab..., userDataDir: C:\Users\VSRIKA~1\AppData\L...}, fedcm:accounts: true, goog:chromeOptions: {debuggerAddress: localhost:57628}, networkConnectionEnabled: false, pageLoadStrategy: normal, platformName: windows, proxy: Proxy(), se:cdp: ws://localhost:57628/devtoo..., se:cdpVersion: 137.0.7151.69, setWindowRect: true, strictFileInteractability: false, timeouts: {implicit: 0, pageLoad: 300000, script: 30000}, unhandledPromptBehavior: dismiss and notify, webauthn:extension:credBlob: true, webauthn:extension:largeBlob: true, webauthn:extension:minPinLength: true, webauthn:extension:prf: true, webauthn:virtualAuthenticators: true}
Element: [[ChromeDriver: chrome on windows (efeac7a1ef5ba56307cc54caa925a663)] -> xpath: (//option[@class='ng-star-inserted'])[3]]
Session ID: efeac7a1ef5ba56307cc54caa925a663
	at java.base/jdk.internal.reflect.DirectConstructorHandleAccessor.newInstance(DirectConstructorHandleAccessor.java:62) ~[?:?]
	at java.base/java.lang.reflect.Constructor.newInstanceWithCaller(Constructor.java:502) ~[?:?]
	at java.base/java.lang.reflect.Constructor.newInstance(Constructor.java:486) ~[?:?]
	at org.openqa.selenium.remote.ErrorCodec.decode(ErrorCodec.java:167) ~[selenium-remote-driver-4.31.0.jar:?]
	at org.openqa.selenium.remote.codec.w3c.W3CHttpResponseCodec.decode(W3CHttpResponseCodec.java:138) ~[selenium-remote-driver-4.31.0.jar:?]
	at org.openqa.selenium.remote.codec.w3c.W3CHttpResponseCodec.decode(W3CHttpResponseCodec.java:50) ~[selenium-remote-driver-4.31.0.jar:?]
	at org.openqa.selenium.remote.HttpCommandExecutor.execute(HttpCommandExecutor.java:215) ~[selenium-remote-driver-4.31.0.jar:?]
	at org.openqa.selenium.remote.service.DriverCommandExecutor.invokeExecute(DriverCommandExecutor.java:216) ~[selenium-remote-driver-4.31.0.jar:?]
	at org.openqa.selenium.remote.service.DriverCommandExecutor.execute(DriverCommandExecutor.java:174) ~[selenium-remote-driver-4.31.0.jar:?]
	at org.openqa.selenium.remote.RemoteWebDriver.execute(RemoteWebDriver.java:545) ~[selenium-remote-driver-4.31.0.jar:?]
	at org.openqa.selenium.remote.RemoteWebElement.execute(RemoteWebElement.java:223) ~[selenium-remote-driver-4.31.0.jar:?]
	at org.openqa.selenium.remote.RemoteWebElement.click(RemoteWebElement.java:76) ~[selenium-remote-driver-4.31.0.jar:?]
	at testcases.stepactionwithdataentries.Numberdataentry2(stepactionwithdataentries.java:234) ~[test-classes/:?]
	at java.base/jdk.internal.reflect.DirectMethodHandleAccessor.invoke(DirectMethodHandleAccessor.java:103) ~[?:?]
	at java.base/java.lang.reflect.Method.invoke(Method.java:580) ~[?:?]
	at org.testng.internal.MethodInvocationHelper.invokeMethod(MethodInvocationHelper.java:133) ~[testng-7.4.0.jar:7.4.0]
	at org.testng.internal.TestInvoker.invokeMethod(TestInvoker.java:598) ~[testng-7.4.0.jar:7.4.0]
	at org.testng.internal.TestInvoker.invokeTestMethod(TestInvoker.java:173) ~[testng-7.4.0.jar:7.4.0]
	at org.testng.internal.MethodRunner.runInSequence(MethodRunner.java:46) ~[testng-7.4.0.jar:7.4.0]
	at org.testng.internal.TestInvoker$MethodInvocationAgent.invoke(TestInvoker.java:824) ~[testng-7.4.0.jar:7.4.0]
	at org.testng.internal.TestInvoker.invokeTestMethods(TestInvoker.java:146) ~[testng-7.4.0.jar:7.4.0]
	at org.testng.internal.TestMethodWorker.invokeTestMethods(TestMethodWorker.java:146) ~[testng-7.4.0.jar:7.4.0]
	at org.testng.internal.TestMethodWorker.run(TestMethodWorker.java:128) ~[testng-7.4.0.jar:7.4.0]
	at java.base/java.util.ArrayList.forEach(ArrayList.java:1596) [?:?]
	at org.testng.TestRunner.privateRun(TestRunner.java:794) [testng-7.4.0.jar:7.4.0]
	at org.testng.TestRunner.run(TestRunner.java:596) [testng-7.4.0.jar:7.4.0]
	at org.testng.SuiteRunner.runTest(SuiteRunner.java:377) [testng-7.4.0.jar:7.4.0]
	at org.testng.SuiteRunner.runSequentially(SuiteRunner.java:371) [testng-7.4.0.jar:7.4.0]
	at org.testng.SuiteRunner.privateRun(SuiteRunner.java:332) [testng-7.4.0.jar:7.4.0]
	at org.testng.SuiteRunner.run(SuiteRunner.java:276) [testng-7.4.0.jar:7.4.0]
	at org.testng.SuiteRunnerWorker.runSuite(SuiteRunnerWorker.java:53) [testng-7.4.0.jar:7.4.0]
	at org.testng.SuiteRunnerWorker.run(SuiteRunnerWorker.java:96) [testng-7.4.0.jar:7.4.0]
	at org.testng.TestNG.runSuitesSequentially(TestNG.java:1212) [testng-7.4.0.jar:7.4.0]
	at org.testng.TestNG.runSuitesLocally(TestNG.java:1134) [testng-7.4.0.jar:7.4.0]
	at org.testng.TestNG.runSuites(TestNG.java:1063) [testng-7.4.0.jar:7.4.0]
	at org.testng.TestNG.run(TestNG.java:1031) [testng-7.4.0.jar:7.4.0]
	at org.testng.remote.AbstractRemoteTestNG.run(AbstractRemoteTestNG.java:115) [testng-remote.jar:?]
	at org.testng.remote.RemoteTestNG.initAndRun(RemoteTestNG.java:293) [testng-remote.jar:?]
	at org.testng.remote.RemoteTestNG.main(RemoteTestNG.java:91) [testng-remote.jar:?]
12:59:02.167 [main] ERROR testcases.Basiccontrol - Error occurred in Column4 method: 
org.openqa.selenium.NoSuchElementException: no such element: Unable to locate element: {"method":"xpath","selector":"(//td[@class='text-center'])[4]"}
  (Session info: chrome=137.0.7151.69)
For documentation on this error, please visit: https://www.selenium.dev/documentation/webdriver/troubleshooting/errors#no-such-element-exception
Build info: version: '4.31.0', revision: '1ef9f18787*'
System info: os.name: 'Windows 11', os.arch: 'amd64', os.version: '10.0', java.version: '21.0.7'
Driver info: org.openqa.selenium.chrome.ChromeDriver
Command: [efeac7a1ef5ba56307cc54caa925a663, findElement {using=xpath, value=(//td[@class='text-center'])[4]}]
Capabilities {acceptInsecureCerts: false, browserName: chrome, browserVersion: 137.0.7151.69, chrome: {chromedriverVersion: 137.0.7151.70 (dfa4dc56b2ab..., userDataDir: C:\Users\VSRIKA~1\AppData\L...}, fedcm:accounts: true, goog:chromeOptions: {debuggerAddress: localhost:57628}, networkConnectionEnabled: false, pageLoadStrategy: normal, platformName: windows, proxy: Proxy(), se:cdp: ws://localhost:57628/devtoo..., se:cdpVersion: 137.0.7151.69, setWindowRect: true, strictFileInteractability: false, timeouts: {implicit: 0, pageLoad: 300000, script: 30000}, unhandledPromptBehavior: dismiss and notify, webauthn:extension:credBlob: true, webauthn:extension:largeBlob: true, webauthn:extension:minPinLength: true, webauthn:extension:prf: true, webauthn:virtualAuthenticators: true}
Session ID: efeac7a1ef5ba56307cc54caa925a663
	at java.base/jdk.internal.reflect.DirectConstructorHandleAccessor.newInstance(DirectConstructorHandleAccessor.java:62) ~[?:?]
	at java.base/java.lang.reflect.Constructor.newInstanceWithCaller(Constructor.java:502) ~[?:?]
	at java.base/java.lang.reflect.Constructor.newInstance(Constructor.java:486) ~[?:?]
	at org.openqa.selenium.remote.ErrorCodec.decode(ErrorCodec.java:167) ~[selenium-remote-driver-4.31.0.jar:?]
	at org.openqa.selenium.remote.codec.w3c.W3CHttpResponseCodec.decode(W3CHttpResponseCodec.java:138) ~[selenium-remote-driver-4.31.0.jar:?]
	at org.openqa.selenium.remote.codec.w3c.W3CHttpResponseCodec.decode(W3CHttpResponseCodec.java:50) ~[selenium-remote-driver-4.31.0.jar:?]
	at org.openqa.selenium.remote.HttpCommandExecutor.execute(HttpCommandExecutor.java:215) ~[selenium-remote-driver-4.31.0.jar:?]
	at org.openqa.selenium.remote.service.DriverCommandExecutor.invokeExecute(DriverCommandExecutor.java:216) ~[selenium-remote-driver-4.31.0.jar:?]
	at org.openqa.selenium.remote.service.DriverCommandExecutor.execute(DriverCommandExecutor.java:174) ~[selenium-remote-driver-4.31.0.jar:?]
	at org.openqa.selenium.remote.RemoteWebDriver.execute(RemoteWebDriver.java:545) ~[selenium-remote-driver-4.31.0.jar:?]
	at org.openqa.selenium.remote.ElementLocation$ElementFinder$2.findElement(ElementLocation.java:165) ~[selenium-remote-driver-4.31.0.jar:?]
	at org.openqa.selenium.remote.ElementLocation.findElement(ElementLocation.java:59) ~[selenium-remote-driver-4.31.0.jar:?]
	at org.openqa.selenium.remote.RemoteWebDriver.findElement(RemoteWebDriver.java:368) ~[selenium-remote-driver-4.31.0.jar:?]
	at org.openqa.selenium.remote.RemoteWebDriver.findElement(RemoteWebDriver.java:362) ~[selenium-remote-driver-4.31.0.jar:?]
	at testcases.stepactionwithdataentries.Column4(stepactionwithdataentries.java:242) ~[test-classes/:?]
	at java.base/jdk.internal.reflect.DirectMethodHandleAccessor.invoke(DirectMethodHandleAccessor.java:103) ~[?:?]
	at java.base/java.lang.reflect.Method.invoke(Method.java:580) ~[?:?]
	at org.testng.internal.MethodInvocationHelper.invokeMethod(MethodInvocationHelper.java:133) ~[testng-7.4.0.jar:7.4.0]
	at org.testng.internal.TestInvoker.invokeMethod(TestInvoker.java:598) ~[testng-7.4.0.jar:7.4.0]
	at org.testng.internal.TestInvoker.invokeTestMethod(TestInvoker.java:173) ~[testng-7.4.0.jar:7.4.0]
	at org.testng.internal.MethodRunner.runInSequence(MethodRunner.java:46) ~[testng-7.4.0.jar:7.4.0]
	at org.testng.internal.TestInvoker$MethodInvocationAgent.invoke(TestInvoker.java:824) ~[testng-7.4.0.jar:7.4.0]
	at org.testng.internal.TestInvoker.invokeTestMethods(TestInvoker.java:146) ~[testng-7.4.0.jar:7.4.0]
	at org.testng.internal.TestMethodWorker.invokeTestMethods(TestMethodWorker.java:146) ~[testng-7.4.0.jar:7.4.0]
	at org.testng.internal.TestMethodWorker.run(TestMethodWorker.java:128) ~[testng-7.4.0.jar:7.4.0]
	at java.base/java.util.ArrayList.forEach(ArrayList.java:1596) [?:?]
	at org.testng.TestRunner.privateRun(TestRunner.java:794) [testng-7.4.0.jar:7.4.0]
	at org.testng.TestRunner.run(TestRunner.java:596) [testng-7.4.0.jar:7.4.0]
	at org.testng.SuiteRunner.runTest(SuiteRunner.java:377) [testng-7.4.0.jar:7.4.0]
	at org.testng.SuiteRunner.runSequentially(SuiteRunner.java:371) [testng-7.4.0.jar:7.4.0]
	at org.testng.SuiteRunner.privateRun(SuiteRunner.java:332) [testng-7.4.0.jar:7.4.0]
	at org.testng.SuiteRunner.run(SuiteRunner.java:276) [testng-7.4.0.jar:7.4.0]
	at org.testng.SuiteRunnerWorker.runSuite(SuiteRunnerWorker.java:53) [testng-7.4.0.jar:7.4.0]
	at org.testng.SuiteRunnerWorker.run(SuiteRunnerWorker.java:96) [testng-7.4.0.jar:7.4.0]
	at org.testng.TestNG.runSuitesSequentially(TestNG.java:1212) [testng-7.4.0.jar:7.4.0]
	at org.testng.TestNG.runSuitesLocally(TestNG.java:1134) [testng-7.4.0.jar:7.4.0]
	at org.testng.TestNG.runSuites(TestNG.java:1063) [testng-7.4.0.jar:7.4.0]
	at org.testng.TestNG.run(TestNG.java:1031) [testng-7.4.0.jar:7.4.0]
	at org.testng.remote.AbstractRemoteTestNG.run(AbstractRemoteTestNG.java:115) [testng-remote.jar:?]
	at org.testng.remote.RemoteTestNG.initAndRun(RemoteTestNG.java:293) [testng-remote.jar:?]
	at org.testng.remote.RemoteTestNG.main(RemoteTestNG.java:91) [testng-remote.jar:?]
12:59:11.375 [main] ERROR testcases.Basiccontrol - Error occurred in Datatypedropdown3 method: 
org.openqa.selenium.NoSuchElementException: Cannot locate option with index: 3
For documentation on this error, please visit: https://www.selenium.dev/documentation/webdriver/troubleshooting/errors#no-such-element-exception
Build info: version: '4.31.0', revision: '1ef9f18787*'
System info: os.name: 'Windows 11', os.arch: 'amd64', os.version: '10.0', java.version: '21.0.7'
Driver info: driver.version: unknown
	at org.openqa.selenium.support.ui.Select.setSelectedByIndex(Select.java:407) ~[selenium-support-4.31.0.jar:?]
	at org.openqa.selenium.support.ui.Select.selectByIndex(Select.java:262) ~[selenium-support-4.31.0.jar:?]
	at testcases.stepactionwithdataentries.Datatypedropdown2(stepactionwithdataentries.java:253) ~[test-classes/:?]
	at java.base/jdk.internal.reflect.DirectMethodHandleAccessor.invoke(DirectMethodHandleAccessor.java:103) ~[?:?]
	at java.base/java.lang.reflect.Method.invoke(Method.java:580) ~[?:?]
	at org.testng.internal.MethodInvocationHelper.invokeMethod(MethodInvocationHelper.java:133) ~[testng-7.4.0.jar:7.4.0]
	at org.testng.internal.TestInvoker.invokeMethod(TestInvoker.java:598) ~[testng-7.4.0.jar:7.4.0]
	at org.testng.internal.TestInvoker.invokeTestMethod(TestInvoker.java:173) ~[testng-7.4.0.jar:7.4.0]
	at org.testng.internal.MethodRunner.runInSequence(MethodRunner.java:46) ~[testng-7.4.0.jar:7.4.0]
	at org.testng.internal.TestInvoker$MethodInvocationAgent.invoke(TestInvoker.java:824) ~[testng-7.4.0.jar:7.4.0]
	at org.testng.internal.TestInvoker.invokeTestMethods(TestInvoker.java:146) ~[testng-7.4.0.jar:7.4.0]
	at org.testng.internal.TestMethodWorker.invokeTestMethods(TestMethodWorker.java:146) ~[testng-7.4.0.jar:7.4.0]
	at org.testng.internal.TestMethodWorker.run(TestMethodWorker.java:128) ~[testng-7.4.0.jar:7.4.0]
	at java.base/java.util.ArrayList.forEach(ArrayList.java:1596) [?:?]
	at org.testng.TestRunner.privateRun(TestRunner.java:794) [testng-7.4.0.jar:7.4.0]
	at org.testng.TestRunner.run(TestRunner.java:596) [testng-7.4.0.jar:7.4.0]
	at org.testng.SuiteRunner.runTest(SuiteRunner.java:377) [testng-7.4.0.jar:7.4.0]
	at org.testng.SuiteRunner.runSequentially(SuiteRunner.java:371) [testng-7.4.0.jar:7.4.0]
	at org.testng.SuiteRunner.privateRun(SuiteRunner.java:332) [testng-7.4.0.jar:7.4.0]
	at org.testng.SuiteRunner.run(SuiteRunner.java:276) [testng-7.4.0.jar:7.4.0]
	at org.testng.SuiteRunnerWorker.runSuite(SuiteRunnerWorker.java:53) [testng-7.4.0.jar:7.4.0]
	at org.testng.SuiteRunnerWorker.run(SuiteRunnerWorker.java:96) [testng-7.4.0.jar:7.4.0]
	at org.testng.TestNG.runSuitesSequentially(TestNG.java:1212) [testng-7.4.0.jar:7.4.0]
	at org.testng.TestNG.runSuitesLocally(TestNG.java:1134) [testng-7.4.0.jar:7.4.0]
	at org.testng.TestNG.runSuites(TestNG.java:1063) [testng-7.4.0.jar:7.4.0]
	at org.testng.TestNG.run(TestNG.java:1031) [testng-7.4.0.jar:7.4.0]
	at org.testng.remote.AbstractRemoteTestNG.run(AbstractRemoteTestNG.java:115) [testng-remote.jar:?]
	at org.testng.remote.RemoteTestNG.initAndRun(RemoteTestNG.java:293) [testng-remote.jar:?]
	at org.testng.remote.RemoteTestNG.main(RemoteTestNG.java:91) [testng-remote.jar:?]
12:59:13.512 [main] ERROR testcases.Basiccontrol - Error occurred in Datedataentry method: 
org.openqa.selenium.NoSuchElementException: no such element: Unable to locate element: {"method":"xpath","selector":"//option[@value='DateDataEntry']"}
  (Session info: chrome=137.0.7151.69)
For documentation on this error, please visit: https://www.selenium.dev/documentation/webdriver/troubleshooting/errors#no-such-element-exception
Build info: version: '4.31.0', revision: '1ef9f18787*'
System info: os.name: 'Windows 11', os.arch: 'amd64', os.version: '10.0', java.version: '21.0.7'
Driver info: org.openqa.selenium.chrome.ChromeDriver
Command: [efeac7a1ef5ba56307cc54caa925a663, findElement {using=xpath, value=//option[@value='DateDataEntry']}]
Capabilities {acceptInsecureCerts: false, browserName: chrome, browserVersion: 137.0.7151.69, chrome: {chromedriverVersion: 137.0.7151.70 (dfa4dc56b2ab..., userDataDir: C:\Users\VSRIKA~1\AppData\L...}, fedcm:accounts: true, goog:chromeOptions: {debuggerAddress: localhost:57628}, networkConnectionEnabled: false, pageLoadStrategy: normal, platformName: windows, proxy: Proxy(), se:cdp: ws://localhost:57628/devtoo..., se:cdpVersion: 137.0.7151.69, setWindowRect: true, strictFileInteractability: false, timeouts: {implicit: 0, pageLoad: 300000, script: 30000}, unhandledPromptBehavior: dismiss and notify, webauthn:extension:credBlob: true, webauthn:extension:largeBlob: true, webauthn:extension:minPinLength: true, webauthn:extension:prf: true, webauthn:virtualAuthenticators: true}
Session ID: efeac7a1ef5ba56307cc54caa925a663
	at java.base/jdk.internal.reflect.DirectConstructorHandleAccessor.newInstance(DirectConstructorHandleAccessor.java:62) ~[?:?]
	at java.base/java.lang.reflect.Constructor.newInstanceWithCaller(Constructor.java:502) ~[?:?]
	at java.base/java.lang.reflect.Constructor.newInstance(Constructor.java:486) ~[?:?]
	at org.openqa.selenium.remote.ErrorCodec.decode(ErrorCodec.java:167) ~[selenium-remote-driver-4.31.0.jar:?]
	at org.openqa.selenium.remote.codec.w3c.W3CHttpResponseCodec.decode(W3CHttpResponseCodec.java:138) ~[selenium-remote-driver-4.31.0.jar:?]
	at org.openqa.selenium.remote.codec.w3c.W3CHttpResponseCodec.decode(W3CHttpResponseCodec.java:50) ~[selenium-remote-driver-4.31.0.jar:?]
	at org.openqa.selenium.remote.HttpCommandExecutor.execute(HttpCommandExecutor.java:215) ~[selenium-remote-driver-4.31.0.jar:?]
	at org.openqa.selenium.remote.service.DriverCommandExecutor.invokeExecute(DriverCommandExecutor.java:216) ~[selenium-remote-driver-4.31.0.jar:?]
	at org.openqa.selenium.remote.service.DriverCommandExecutor.execute(DriverCommandExecutor.java:174) ~[selenium-remote-driver-4.31.0.jar:?]
	at org.openqa.selenium.remote.RemoteWebDriver.execute(RemoteWebDriver.java:545) ~[selenium-remote-driver-4.31.0.jar:?]
	at org.openqa.selenium.remote.ElementLocation$ElementFinder$2.findElement(ElementLocation.java:165) ~[selenium-remote-driver-4.31.0.jar:?]
	at org.openqa.selenium.remote.ElementLocation.findElement(ElementLocation.java:59) ~[selenium-remote-driver-4.31.0.jar:?]
	at org.openqa.selenium.remote.RemoteWebDriver.findElement(RemoteWebDriver.java:368) ~[selenium-remote-driver-4.31.0.jar:?]
	at org.openqa.selenium.remote.RemoteWebDriver.findElement(RemoteWebDriver.java:362) ~[selenium-remote-driver-4.31.0.jar:?]
	at testcases.stepactionwithdataentries.Datedataentry2(stepactionwithdataentries.java:259) ~[test-classes/:?]
	at java.base/jdk.internal.reflect.DirectMethodHandleAccessor.invoke(DirectMethodHandleAccessor.java:103) ~[?:?]
	at java.base/java.lang.reflect.Method.invoke(Method.java:580) ~[?:?]
	at org.testng.internal.MethodInvocationHelper.invokeMethod(MethodInvocationHelper.java:133) ~[testng-7.4.0.jar:7.4.0]
	at org.testng.internal.TestInvoker.invokeMethod(TestInvoker.java:598) ~[testng-7.4.0.jar:7.4.0]
	at org.testng.internal.TestInvoker.invokeTestMethod(TestInvoker.java:173) ~[testng-7.4.0.jar:7.4.0]
	at org.testng.internal.MethodRunner.runInSequence(MethodRunner.java:46) ~[testng-7.4.0.jar:7.4.0]
	at org.testng.internal.TestInvoker$MethodInvocationAgent.invoke(TestInvoker.java:824) ~[testng-7.4.0.jar:7.4.0]
	at org.testng.internal.TestInvoker.invokeTestMethods(TestInvoker.java:146) ~[testng-7.4.0.jar:7.4.0]
	at org.testng.internal.TestMethodWorker.invokeTestMethods(TestMethodWorker.java:146) ~[testng-7.4.0.jar:7.4.0]
	at org.testng.internal.TestMethodWorker.run(TestMethodWorker.java:128) ~[testng-7.4.0.jar:7.4.0]
	at java.base/java.util.ArrayList.forEach(ArrayList.java:1596) [?:?]
	at org.testng.TestRunner.privateRun(TestRunner.java:794) [testng-7.4.0.jar:7.4.0]
	at org.testng.TestRunner.run(TestRunner.java:596) [testng-7.4.0.jar:7.4.0]
	at org.testng.SuiteRunner.runTest(SuiteRunner.java:377) [testng-7.4.0.jar:7.4.0]
	at org.testng.SuiteRunner.runSequentially(SuiteRunner.java:371) [testng-7.4.0.jar:7.4.0]
	at org.testng.SuiteRunner.privateRun(SuiteRunner.java:332) [testng-7.4.0.jar:7.4.0]
	at org.testng.SuiteRunner.run(SuiteRunner.java:276) [testng-7.4.0.jar:7.4.0]
	at org.testng.SuiteRunnerWorker.runSuite(SuiteRunnerWorker.java:53) [testng-7.4.0.jar:7.4.0]
	at org.testng.SuiteRunnerWorker.run(SuiteRunnerWorker.java:96) [testng-7.4.0.jar:7.4.0]
	at org.testng.TestNG.runSuitesSequentially(TestNG.java:1212) [testng-7.4.0.jar:7.4.0]
	at org.testng.TestNG.runSuitesLocally(TestNG.java:1134) [testng-7.4.0.jar:7.4.0]
	at org.testng.TestNG.runSuites(TestNG.java:1063) [testng-7.4.0.jar:7.4.0]
	at org.testng.TestNG.run(TestNG.java:1031) [testng-7.4.0.jar:7.4.0]
	at org.testng.remote.AbstractRemoteTestNG.run(AbstractRemoteTestNG.java:115) [testng-remote.jar:?]
	at org.testng.remote.RemoteTestNG.initAndRun(RemoteTestNG.java:293) [testng-remote.jar:?]
	at org.testng.remote.RemoteTestNG.main(RemoteTestNG.java:91) [testng-remote.jar:?]
12:59:21.645 [main] ERROR testcases.Basiccontrol - Error occurred in Column5 method: 
org.openqa.selenium.NoSuchElementException: no such element: Unable to locate element: {"method":"xpath","selector":"(//td[normalize-space()='5'])[1]"}
  (Session info: chrome=137.0.7151.69)
For documentation on this error, please visit: https://www.selenium.dev/documentation/webdriver/troubleshooting/errors#no-such-element-exception
Build info: version: '4.31.0', revision: '1ef9f18787*'
System info: os.name: 'Windows 11', os.arch: 'amd64', os.version: '10.0', java.version: '21.0.7'
Driver info: org.openqa.selenium.chrome.ChromeDriver
Command: [efeac7a1ef5ba56307cc54caa925a663, findElement {using=xpath, value=(//td[normalize-space()='5'])[1]}]
Capabilities {acceptInsecureCerts: false, browserName: chrome, browserVersion: 137.0.7151.69, chrome: {chromedriverVersion: 137.0.7151.70 (dfa4dc56b2ab..., userDataDir: C:\Users\VSRIKA~1\AppData\L...}, fedcm:accounts: true, goog:chromeOptions: {debuggerAddress: localhost:57628}, networkConnectionEnabled: false, pageLoadStrategy: normal, platformName: windows, proxy: Proxy(), se:cdp: ws://localhost:57628/devtoo..., se:cdpVersion: 137.0.7151.69, setWindowRect: true, strictFileInteractability: false, timeouts: {implicit: 0, pageLoad: 300000, script: 30000}, unhandledPromptBehavior: dismiss and notify, webauthn:extension:credBlob: true, webauthn:extension:largeBlob: true, webauthn:extension:minPinLength: true, webauthn:extension:prf: true, webauthn:virtualAuthenticators: true}
Session ID: efeac7a1ef5ba56307cc54caa925a663
	at java.base/jdk.internal.reflect.DirectConstructorHandleAccessor.newInstance(DirectConstructorHandleAccessor.java:62) ~[?:?]
	at java.base/java.lang.reflect.Constructor.newInstanceWithCaller(Constructor.java:502) ~[?:?]
	at java.base/java.lang.reflect.Constructor.newInstance(Constructor.java:486) ~[?:?]
	at org.openqa.selenium.remote.ErrorCodec.decode(ErrorCodec.java:167) ~[selenium-remote-driver-4.31.0.jar:?]
	at org.openqa.selenium.remote.codec.w3c.W3CHttpResponseCodec.decode(W3CHttpResponseCodec.java:138) ~[selenium-remote-driver-4.31.0.jar:?]
	at org.openqa.selenium.remote.codec.w3c.W3CHttpResponseCodec.decode(W3CHttpResponseCodec.java:50) ~[selenium-remote-driver-4.31.0.jar:?]
	at org.openqa.selenium.remote.HttpCommandExecutor.execute(HttpCommandExecutor.java:215) ~[selenium-remote-driver-4.31.0.jar:?]
	at org.openqa.selenium.remote.service.DriverCommandExecutor.invokeExecute(DriverCommandExecutor.java:216) ~[selenium-remote-driver-4.31.0.jar:?]
	at org.openqa.selenium.remote.service.DriverCommandExecutor.execute(DriverCommandExecutor.java:174) ~[selenium-remote-driver-4.31.0.jar:?]
	at org.openqa.selenium.remote.RemoteWebDriver.execute(RemoteWebDriver.java:545) ~[selenium-remote-driver-4.31.0.jar:?]
	at org.openqa.selenium.remote.ElementLocation$ElementFinder$2.findElement(ElementLocation.java:165) ~[selenium-remote-driver-4.31.0.jar:?]
	at org.openqa.selenium.remote.ElementLocation.findElement(ElementLocation.java:59) ~[selenium-remote-driver-4.31.0.jar:?]
	at org.openqa.selenium.remote.RemoteWebDriver.findElement(RemoteWebDriver.java:368) ~[selenium-remote-driver-4.31.0.jar:?]
	at org.openqa.selenium.remote.RemoteWebDriver.findElement(RemoteWebDriver.java:362) ~[selenium-remote-driver-4.31.0.jar:?]
	at testcases.stepactionwithdataentries.Column5(stepactionwithdataentries.java:268) ~[test-classes/:?]
	at java.base/jdk.internal.reflect.DirectMethodHandleAccessor.invoke(DirectMethodHandleAccessor.java:103) ~[?:?]
	at java.base/java.lang.reflect.Method.invoke(Method.java:580) ~[?:?]
	at org.testng.internal.MethodInvocationHelper.invokeMethod(MethodInvocationHelper.java:133) ~[testng-7.4.0.jar:7.4.0]
	at org.testng.internal.TestInvoker.invokeMethod(TestInvoker.java:598) ~[testng-7.4.0.jar:7.4.0]
	at org.testng.internal.TestInvoker.invokeTestMethod(TestInvoker.java:173) ~[testng-7.4.0.jar:7.4.0]
	at org.testng.internal.MethodRunner.runInSequence(MethodRunner.java:46) ~[testng-7.4.0.jar:7.4.0]
	at org.testng.internal.TestInvoker$MethodInvocationAgent.invoke(TestInvoker.java:824) ~[testng-7.4.0.jar:7.4.0]
	at org.testng.internal.TestInvoker.invokeTestMethods(TestInvoker.java:146) ~[testng-7.4.0.jar:7.4.0]
	at org.testng.internal.TestMethodWorker.invokeTestMethods(TestMethodWorker.java:146) ~[testng-7.4.0.jar:7.4.0]
	at org.testng.internal.TestMethodWorker.run(TestMethodWorker.java:128) ~[testng-7.4.0.jar:7.4.0]
	at java.base/java.util.ArrayList.forEach(ArrayList.java:1596) [?:?]
	at org.testng.TestRunner.privateRun(TestRunner.java:794) [testng-7.4.0.jar:7.4.0]
	at org.testng.TestRunner.run(TestRunner.java:596) [testng-7.4.0.jar:7.4.0]
	at org.testng.SuiteRunner.runTest(SuiteRunner.java:377) [testng-7.4.0.jar:7.4.0]
	at org.testng.SuiteRunner.runSequentially(SuiteRunner.java:371) [testng-7.4.0.jar:7.4.0]
	at org.testng.SuiteRunner.privateRun(SuiteRunner.java:332) [testng-7.4.0.jar:7.4.0]
	at org.testng.SuiteRunner.run(SuiteRunner.java:276) [testng-7.4.0.jar:7.4.0]
	at org.testng.SuiteRunnerWorker.runSuite(SuiteRunnerWorker.java:53) [testng-7.4.0.jar:7.4.0]
	at org.testng.SuiteRunnerWorker.run(SuiteRunnerWorker.java:96) [testng-7.4.0.jar:7.4.0]
	at org.testng.TestNG.runSuitesSequentially(TestNG.java:1212) [testng-7.4.0.jar:7.4.0]
	at org.testng.TestNG.runSuitesLocally(TestNG.java:1134) [testng-7.4.0.jar:7.4.0]
	at org.testng.TestNG.runSuites(TestNG.java:1063) [testng-7.4.0.jar:7.4.0]
	at org.testng.TestNG.run(TestNG.java:1031) [testng-7.4.0.jar:7.4.0]
	at org.testng.remote.AbstractRemoteTestNG.run(AbstractRemoteTestNG.java:115) [testng-remote.jar:?]
	at org.testng.remote.RemoteTestNG.initAndRun(RemoteTestNG.java:293) [testng-remote.jar:?]
	at org.testng.remote.RemoteTestNG.main(RemoteTestNG.java:91) [testng-remote.jar:?]
12:59:23.879 [main] ERROR testcases.Basiccontrol - Error occurred in Datatypedropdown4 method: 
org.openqa.selenium.NoSuchElementException: Cannot locate option with index: 4
For documentation on this error, please visit: https://www.selenium.dev/documentation/webdriver/troubleshooting/errors#no-such-element-exception
Build info: version: '4.31.0', revision: '1ef9f18787*'
System info: os.name: 'Windows 11', os.arch: 'amd64', os.version: '10.0', java.version: '21.0.7'
Driver info: driver.version: unknown
	at org.openqa.selenium.support.ui.Select.setSelectedByIndex(Select.java:407) ~[selenium-support-4.31.0.jar:?]
	at org.openqa.selenium.support.ui.Select.selectByIndex(Select.java:262) ~[selenium-support-4.31.0.jar:?]
	at testcases.stepactionwithdataentries.Datatypedropdown4(stepactionwithdataentries.java:279) ~[test-classes/:?]
	at java.base/jdk.internal.reflect.DirectMethodHandleAccessor.invoke(DirectMethodHandleAccessor.java:103) ~[?:?]
	at java.base/java.lang.reflect.Method.invoke(Method.java:580) ~[?:?]
	at org.testng.internal.MethodInvocationHelper.invokeMethod(MethodInvocationHelper.java:133) ~[testng-7.4.0.jar:7.4.0]
	at org.testng.internal.TestInvoker.invokeMethod(TestInvoker.java:598) ~[testng-7.4.0.jar:7.4.0]
	at org.testng.internal.TestInvoker.invokeTestMethod(TestInvoker.java:173) ~[testng-7.4.0.jar:7.4.0]
	at org.testng.internal.MethodRunner.runInSequence(MethodRunner.java:46) ~[testng-7.4.0.jar:7.4.0]
	at org.testng.internal.TestInvoker$MethodInvocationAgent.invoke(TestInvoker.java:824) ~[testng-7.4.0.jar:7.4.0]
	at org.testng.internal.TestInvoker.invokeTestMethods(TestInvoker.java:146) ~[testng-7.4.0.jar:7.4.0]
	at org.testng.internal.TestMethodWorker.invokeTestMethods(TestMethodWorker.java:146) ~[testng-7.4.0.jar:7.4.0]
	at org.testng.internal.TestMethodWorker.run(TestMethodWorker.java:128) ~[testng-7.4.0.jar:7.4.0]
	at java.base/java.util.ArrayList.forEach(ArrayList.java:1596) [?:?]
	at org.testng.TestRunner.privateRun(TestRunner.java:794) [testng-7.4.0.jar:7.4.0]
	at org.testng.TestRunner.run(TestRunner.java:596) [testng-7.4.0.jar:7.4.0]
	at org.testng.SuiteRunner.runTest(SuiteRunner.java:377) [testng-7.4.0.jar:7.4.0]
	at org.testng.SuiteRunner.runSequentially(SuiteRunner.java:371) [testng-7.4.0.jar:7.4.0]
	at org.testng.SuiteRunner.privateRun(SuiteRunner.java:332) [testng-7.4.0.jar:7.4.0]
	at org.testng.SuiteRunner.run(SuiteRunner.java:276) [testng-7.4.0.jar:7.4.0]
	at org.testng.SuiteRunnerWorker.runSuite(SuiteRunnerWorker.java:53) [testng-7.4.0.jar:7.4.0]
	at org.testng.SuiteRunnerWorker.run(SuiteRunnerWorker.java:96) [testng-7.4.0.jar:7.4.0]
	at org.testng.TestNG.runSuitesSequentially(TestNG.java:1212) [testng-7.4.0.jar:7.4.0]
	at org.testng.TestNG.runSuitesLocally(TestNG.java:1134) [testng-7.4.0.jar:7.4.0]
	at org.testng.TestNG.runSuites(TestNG.java:1063) [testng-7.4.0.jar:7.4.0]
	at org.testng.TestNG.run(TestNG.java:1031) [testng-7.4.0.jar:7.4.0]
	at org.testng.remote.AbstractRemoteTestNG.run(AbstractRemoteTestNG.java:115) [testng-remote.jar:?]
	at org.testng.remote.RemoteTestNG.initAndRun(RemoteTestNG.java:293) [testng-remote.jar:?]
	at org.testng.remote.RemoteTestNG.main(RemoteTestNG.java:91) [testng-remote.jar:?]
12:59:26.015 [main] ERROR testcases.Basiccontrol - Error occurred in Datedataentry method: 
org.openqa.selenium.NoSuchElementException: no such element: Unable to locate element: {"method":"xpath","selector":"(//td[normalize-space()='5'])[1]"}
  (Session info: chrome=137.0.7151.69)
For documentation on this error, please visit: https://www.selenium.dev/documentation/webdriver/troubleshooting/errors#no-such-element-exception
Build info: version: '4.31.0', revision: '1ef9f18787*'
System info: os.name: 'Windows 11', os.arch: 'amd64', os.version: '10.0', java.version: '21.0.7'
Driver info: org.openqa.selenium.chrome.ChromeDriver
Command: [efeac7a1ef5ba56307cc54caa925a663, findElement {using=xpath, value=(//td[normalize-space()='5'])[1]}]
Capabilities {acceptInsecureCerts: false, browserName: chrome, browserVersion: 137.0.7151.69, chrome: {chromedriverVersion: 137.0.7151.70 (dfa4dc56b2ab..., userDataDir: C:\Users\VSRIKA~1\AppData\L...}, fedcm:accounts: true, goog:chromeOptions: {debuggerAddress: localhost:57628}, networkConnectionEnabled: false, pageLoadStrategy: normal, platformName: windows, proxy: Proxy(), se:cdp: ws://localhost:57628/devtoo..., se:cdpVersion: 137.0.7151.69, setWindowRect: true, strictFileInteractability: false, timeouts: {implicit: 0, pageLoad: 300000, script: 30000}, unhandledPromptBehavior: dismiss and notify, webauthn:extension:credBlob: true, webauthn:extension:largeBlob: true, webauthn:extension:minPinLength: true, webauthn:extension:prf: true, webauthn:virtualAuthenticators: true}
Session ID: efeac7a1ef5ba56307cc54caa925a663
	at java.base/jdk.internal.reflect.DirectConstructorHandleAccessor.newInstance(DirectConstructorHandleAccessor.java:62) ~[?:?]
	at java.base/java.lang.reflect.Constructor.newInstanceWithCaller(Constructor.java:502) ~[?:?]
	at java.base/java.lang.reflect.Constructor.newInstance(Constructor.java:486) ~[?:?]
	at org.openqa.selenium.remote.ErrorCodec.decode(ErrorCodec.java:167) ~[selenium-remote-driver-4.31.0.jar:?]
	at org.openqa.selenium.remote.codec.w3c.W3CHttpResponseCodec.decode(W3CHttpResponseCodec.java:138) ~[selenium-remote-driver-4.31.0.jar:?]
	at org.openqa.selenium.remote.codec.w3c.W3CHttpResponseCodec.decode(W3CHttpResponseCodec.java:50) ~[selenium-remote-driver-4.31.0.jar:?]
	at org.openqa.selenium.remote.HttpCommandExecutor.execute(HttpCommandExecutor.java:215) ~[selenium-remote-driver-4.31.0.jar:?]
	at org.openqa.selenium.remote.service.DriverCommandExecutor.invokeExecute(DriverCommandExecutor.java:216) ~[selenium-remote-driver-4.31.0.jar:?]
	at org.openqa.selenium.remote.service.DriverCommandExecutor.execute(DriverCommandExecutor.java:174) ~[selenium-remote-driver-4.31.0.jar:?]
	at org.openqa.selenium.remote.RemoteWebDriver.execute(RemoteWebDriver.java:545) ~[selenium-remote-driver-4.31.0.jar:?]
	at org.openqa.selenium.remote.ElementLocation$ElementFinder$2.findElement(ElementLocation.java:165) ~[selenium-remote-driver-4.31.0.jar:?]
	at org.openqa.selenium.remote.ElementLocation.findElement(ElementLocation.java:59) ~[selenium-remote-driver-4.31.0.jar:?]
	at org.openqa.selenium.remote.RemoteWebDriver.findElement(RemoteWebDriver.java:368) ~[selenium-remote-driver-4.31.0.jar:?]
	at org.openqa.selenium.remote.RemoteWebDriver.findElement(RemoteWebDriver.java:362) ~[selenium-remote-driver-4.31.0.jar:?]
	at testcases.stepactionwithdataentries.Datedataentry1(stepactionwithdataentries.java:287) ~[test-classes/:?]
	at java.base/jdk.internal.reflect.DirectMethodHandleAccessor.invoke(DirectMethodHandleAccessor.java:103) ~[?:?]
	at java.base/java.lang.reflect.Method.invoke(Method.java:580) ~[?:?]
	at org.testng.internal.MethodInvocationHelper.invokeMethod(MethodInvocationHelper.java:133) ~[testng-7.4.0.jar:7.4.0]
	at org.testng.internal.TestInvoker.invokeMethod(TestInvoker.java:598) ~[testng-7.4.0.jar:7.4.0]
	at org.testng.internal.TestInvoker.invokeTestMethod(TestInvoker.java:173) ~[testng-7.4.0.jar:7.4.0]
	at org.testng.internal.MethodRunner.runInSequence(MethodRunner.java:46) ~[testng-7.4.0.jar:7.4.0]
	at org.testng.internal.TestInvoker$MethodInvocationAgent.invoke(TestInvoker.java:824) ~[testng-7.4.0.jar:7.4.0]
	at org.testng.internal.TestInvoker.invokeTestMethods(TestInvoker.java:146) ~[testng-7.4.0.jar:7.4.0]
	at org.testng.internal.TestMethodWorker.invokeTestMethods(TestMethodWorker.java:146) ~[testng-7.4.0.jar:7.4.0]
	at org.testng.internal.TestMethodWorker.run(TestMethodWorker.java:128) ~[testng-7.4.0.jar:7.4.0]
	at java.base/java.util.ArrayList.forEach(ArrayList.java:1596) [?:?]
	at org.testng.TestRunner.privateRun(TestRunner.java:794) [testng-7.4.0.jar:7.4.0]
	at org.testng.TestRunner.run(TestRunner.java:596) [testng-7.4.0.jar:7.4.0]
	at org.testng.SuiteRunner.runTest(SuiteRunner.java:377) [testng-7.4.0.jar:7.4.0]
	at org.testng.SuiteRunner.runSequentially(SuiteRunner.java:371) [testng-7.4.0.jar:7.4.0]
	at org.testng.SuiteRunner.privateRun(SuiteRunner.java:332) [testng-7.4.0.jar:7.4.0]
	at org.testng.SuiteRunner.run(SuiteRunner.java:276) [testng-7.4.0.jar:7.4.0]
	at org.testng.SuiteRunnerWorker.runSuite(SuiteRunnerWorker.java:53) [testng-7.4.0.jar:7.4.0]
	at org.testng.SuiteRunnerWorker.run(SuiteRunnerWorker.java:96) [testng-7.4.0.jar:7.4.0]
	at org.testng.TestNG.runSuitesSequentially(TestNG.java:1212) [testng-7.4.0.jar:7.4.0]
	at org.testng.TestNG.runSuitesLocally(TestNG.java:1134) [testng-7.4.0.jar:7.4.0]
	at org.testng.TestNG.runSuites(TestNG.java:1063) [testng-7.4.0.jar:7.4.0]
	at org.testng.TestNG.run(TestNG.java:1031) [testng-7.4.0.jar:7.4.0]
	at org.testng.remote.AbstractRemoteTestNG.run(AbstractRemoteTestNG.java:115) [testng-remote.jar:?]
	at org.testng.remote.RemoteTestNG.initAndRun(RemoteTestNG.java:293) [testng-remote.jar:?]
	at org.testng.remote.RemoteTestNG.main(RemoteTestNG.java:91) [testng-remote.jar:?]
12:59:28.145 [main] ERROR testcases.Basiccontrol - Error occurred in Ok1 method: 
org.openqa.selenium.NoSuchElementException: no such element: Unable to locate element: {"method":"xpath","selector":"(//button[@class='borderenable btn btn-sm button-border ng-star-inserted'])[2]"}
  (Session info: chrome=137.0.7151.69)
For documentation on this error, please visit: https://www.selenium.dev/documentation/webdriver/troubleshooting/errors#no-such-element-exception
Build info: version: '4.31.0', revision: '1ef9f18787*'
System info: os.name: 'Windows 11', os.arch: 'amd64', os.version: '10.0', java.version: '21.0.7'
Driver info: org.openqa.selenium.chrome.ChromeDriver
Command: [efeac7a1ef5ba56307cc54caa925a663, findElement {using=xpath, value=(//button[@class='borderenable btn btn-sm button-border ng-star-inserted'])[2]}]
Capabilities {acceptInsecureCerts: false, browserName: chrome, browserVersion: 137.0.7151.69, chrome: {chromedriverVersion: 137.0.7151.70 (dfa4dc56b2ab..., userDataDir: C:\Users\VSRIKA~1\AppData\L...}, fedcm:accounts: true, goog:chromeOptions: {debuggerAddress: localhost:57628}, networkConnectionEnabled: false, pageLoadStrategy: normal, platformName: windows, proxy: Proxy(), se:cdp: ws://localhost:57628/devtoo..., se:cdpVersion: 137.0.7151.69, setWindowRect: true, strictFileInteractability: false, timeouts: {implicit: 0, pageLoad: 300000, script: 30000}, unhandledPromptBehavior: dismiss and notify, webauthn:extension:credBlob: true, webauthn:extension:largeBlob: true, webauthn:extension:minPinLength: true, webauthn:extension:prf: true, webauthn:virtualAuthenticators: true}
Session ID: efeac7a1ef5ba56307cc54caa925a663
	at java.base/jdk.internal.reflect.DirectConstructorHandleAccessor.newInstance(DirectConstructorHandleAccessor.java:62) ~[?:?]
	at java.base/java.lang.reflect.Constructor.newInstanceWithCaller(Constructor.java:502) ~[?:?]
	at java.base/java.lang.reflect.Constructor.newInstance(Constructor.java:486) ~[?:?]
	at org.openqa.selenium.remote.ErrorCodec.decode(ErrorCodec.java:167) ~[selenium-remote-driver-4.31.0.jar:?]
	at org.openqa.selenium.remote.codec.w3c.W3CHttpResponseCodec.decode(W3CHttpResponseCodec.java:138) ~[selenium-remote-driver-4.31.0.jar:?]
	at org.openqa.selenium.remote.codec.w3c.W3CHttpResponseCodec.decode(W3CHttpResponseCodec.java:50) ~[selenium-remote-driver-4.31.0.jar:?]
	at org.openqa.selenium.remote.HttpCommandExecutor.execute(HttpCommandExecutor.java:215) ~[selenium-remote-driver-4.31.0.jar:?]
	at org.openqa.selenium.remote.service.DriverCommandExecutor.invokeExecute(DriverCommandExecutor.java:216) ~[selenium-remote-driver-4.31.0.jar:?]
	at org.openqa.selenium.remote.service.DriverCommandExecutor.execute(DriverCommandExecutor.java:174) ~[selenium-remote-driver-4.31.0.jar:?]
	at org.openqa.selenium.remote.RemoteWebDriver.execute(RemoteWebDriver.java:545) ~[selenium-remote-driver-4.31.0.jar:?]
	at org.openqa.selenium.remote.ElementLocation$ElementFinder$2.findElement(ElementLocation.java:165) ~[selenium-remote-driver-4.31.0.jar:?]
	at org.openqa.selenium.remote.ElementLocation.findElement(ElementLocation.java:59) ~[selenium-remote-driver-4.31.0.jar:?]
	at org.openqa.selenium.remote.RemoteWebDriver.findElement(RemoteWebDriver.java:368) ~[selenium-remote-driver-4.31.0.jar:?]
	at org.openqa.selenium.remote.RemoteWebDriver.findElement(RemoteWebDriver.java:362) ~[selenium-remote-driver-4.31.0.jar:?]
	at testcases.stepactionwithdataentries.Ok1(stepactionwithdataentries.java:297) ~[test-classes/:?]
	at java.base/jdk.internal.reflect.DirectMethodHandleAccessor.invoke(DirectMethodHandleAccessor.java:103) ~[?:?]
	at java.base/java.lang.reflect.Method.invoke(Method.java:580) ~[?:?]
	at org.testng.internal.MethodInvocationHelper.invokeMethod(MethodInvocationHelper.java:133) ~[testng-7.4.0.jar:7.4.0]
	at org.testng.internal.TestInvoker.invokeMethod(TestInvoker.java:598) ~[testng-7.4.0.jar:7.4.0]
	at org.testng.internal.TestInvoker.invokeTestMethod(TestInvoker.java:173) ~[testng-7.4.0.jar:7.4.0]
	at org.testng.internal.MethodRunner.runInSequence(MethodRunner.java:46) ~[testng-7.4.0.jar:7.4.0]
	at org.testng.internal.TestInvoker$MethodInvocationAgent.invoke(TestInvoker.java:824) ~[testng-7.4.0.jar:7.4.0]
	at org.testng.internal.TestInvoker.invokeTestMethods(TestInvoker.java:146) ~[testng-7.4.0.jar:7.4.0]
	at org.testng.internal.TestMethodWorker.invokeTestMethods(TestMethodWorker.java:146) ~[testng-7.4.0.jar:7.4.0]
	at org.testng.internal.TestMethodWorker.run(TestMethodWorker.java:128) ~[testng-7.4.0.jar:7.4.0]
	at java.base/java.util.ArrayList.forEach(ArrayList.java:1596) [?:?]
	at org.testng.TestRunner.privateRun(TestRunner.java:794) [testng-7.4.0.jar:7.4.0]
	at org.testng.TestRunner.run(TestRunner.java:596) [testng-7.4.0.jar:7.4.0]
	at org.testng.SuiteRunner.runTest(SuiteRunner.java:377) [testng-7.4.0.jar:7.4.0]
	at org.testng.SuiteRunner.runSequentially(SuiteRunner.java:371) [testng-7.4.0.jar:7.4.0]
	at org.testng.SuiteRunner.privateRun(SuiteRunner.java:332) [testng-7.4.0.jar:7.4.0]
	at org.testng.SuiteRunner.run(SuiteRunner.java:276) [testng-7.4.0.jar:7.4.0]
	at org.testng.SuiteRunnerWorker.runSuite(SuiteRunnerWorker.java:53) [testng-7.4.0.jar:7.4.0]
	at org.testng.SuiteRunnerWorker.run(SuiteRunnerWorker.java:96) [testng-7.4.0.jar:7.4.0]
	at org.testng.TestNG.runSuitesSequentially(TestNG.java:1212) [testng-7.4.0.jar:7.4.0]
	at org.testng.TestNG.runSuitesLocally(TestNG.java:1134) [testng-7.4.0.jar:7.4.0]
	at org.testng.TestNG.runSuites(TestNG.java:1063) [testng-7.4.0.jar:7.4.0]
	at org.testng.TestNG.run(TestNG.java:1031) [testng-7.4.0.jar:7.4.0]
	at org.testng.remote.AbstractRemoteTestNG.run(AbstractRemoteTestNG.java:115) [testng-remote.jar:?]
	at org.testng.remote.RemoteTestNG.initAndRun(RemoteTestNG.java:293) [testng-remote.jar:?]
	at org.testng.remote.RemoteTestNG.main(RemoteTestNG.java:91) [testng-remote.jar:?]
13:02:37.057 [main] INFO  testcases.Signin - SignIn successfully
13:03:06.586 [main] INFO  testcases.Basiccontrol - Section process completed successfully.
13:03:23.582 [main] ERROR testcases.Basiccontrol - Error occurred in signaturestep method: 
org.openqa.selenium.ElementNotInteractableException: element not interactable
  (Session info: chrome=137.0.7151.69)
Build info: version: '4.31.0', revision: '1ef9f18787*'
System info: os.name: 'Windows 11', os.arch: 'amd64', os.version: '10.0', java.version: '21.0.7'
Driver info: org.openqa.selenium.chrome.ChromeDriver
Command: [603b8ccc13ed8e25881b86ea189be94f, clickElement {id=f.119C3F83BEEC33AE855128F32C67E7B7.d.B2C3551F9892F28ADF56AA82C482352E.e.121}]
Capabilities {acceptInsecureCerts: false, browserName: chrome, browserVersion: 137.0.7151.69, chrome: {chromedriverVersion: 137.0.7151.70 (dfa4dc56b2ab..., userDataDir: C:\Users\VSRIKA~1\AppData\L...}, fedcm:accounts: true, goog:chromeOptions: {debuggerAddress: localhost:57886}, networkConnectionEnabled: false, pageLoadStrategy: normal, platformName: windows, proxy: Proxy(), se:cdp: ws://localhost:57886/devtoo..., se:cdpVersion: 137.0.7151.69, setWindowRect: true, strictFileInteractability: false, timeouts: {implicit: 0, pageLoad: 300000, script: 30000}, unhandledPromptBehavior: dismiss and notify, webauthn:extension:credBlob: true, webauthn:extension:largeBlob: true, webauthn:extension:minPinLength: true, webauthn:extension:prf: true, webauthn:virtualAuthenticators: true}
Element: [[ChromeDriver: chrome on windows (603b8ccc13ed8e25881b86ea189be94f)] -> xpath: //textarea[contains(@data-id,'1_s_stephead')]]
Session ID: 603b8ccc13ed8e25881b86ea189be94f
	at java.base/jdk.internal.reflect.DirectConstructorHandleAccessor.newInstance(DirectConstructorHandleAccessor.java:62) ~[?:?]
	at java.base/java.lang.reflect.Constructor.newInstanceWithCaller(Constructor.java:502) ~[?:?]
	at java.base/java.lang.reflect.Constructor.newInstance(Constructor.java:486) ~[?:?]
	at org.openqa.selenium.remote.ErrorCodec.decode(ErrorCodec.java:167) ~[selenium-remote-driver-4.31.0.jar:?]
	at org.openqa.selenium.remote.codec.w3c.W3CHttpResponseCodec.decode(W3CHttpResponseCodec.java:138) ~[selenium-remote-driver-4.31.0.jar:?]
	at org.openqa.selenium.remote.codec.w3c.W3CHttpResponseCodec.decode(W3CHttpResponseCodec.java:50) ~[selenium-remote-driver-4.31.0.jar:?]
	at org.openqa.selenium.remote.HttpCommandExecutor.execute(HttpCommandExecutor.java:215) ~[selenium-remote-driver-4.31.0.jar:?]
	at org.openqa.selenium.remote.service.DriverCommandExecutor.invokeExecute(DriverCommandExecutor.java:216) ~[selenium-remote-driver-4.31.0.jar:?]
	at org.openqa.selenium.remote.service.DriverCommandExecutor.execute(DriverCommandExecutor.java:174) ~[selenium-remote-driver-4.31.0.jar:?]
	at org.openqa.selenium.remote.RemoteWebDriver.execute(RemoteWebDriver.java:545) ~[selenium-remote-driver-4.31.0.jar:?]
	at org.openqa.selenium.remote.RemoteWebElement.execute(RemoteWebElement.java:223) ~[selenium-remote-driver-4.31.0.jar:?]
	at org.openqa.selenium.remote.RemoteWebElement.click(RemoteWebElement.java:76) ~[selenium-remote-driver-4.31.0.jar:?]
	at testcases.Basiccontrol.signaturestep(Basiccontrol.java:153) ~[test-classes/:?]
	at java.base/jdk.internal.reflect.DirectMethodHandleAccessor.invoke(DirectMethodHandleAccessor.java:103) ~[?:?]
	at java.base/java.lang.reflect.Method.invoke(Method.java:580) ~[?:?]
	at org.testng.internal.MethodInvocationHelper.invokeMethod(MethodInvocationHelper.java:133) ~[testng-7.4.0.jar:7.4.0]
	at org.testng.internal.TestInvoker.invokeMethod(TestInvoker.java:598) ~[testng-7.4.0.jar:7.4.0]
	at org.testng.internal.TestInvoker.invokeTestMethod(TestInvoker.java:173) ~[testng-7.4.0.jar:7.4.0]
	at org.testng.internal.MethodRunner.runInSequence(MethodRunner.java:46) ~[testng-7.4.0.jar:7.4.0]
	at org.testng.internal.TestInvoker$MethodInvocationAgent.invoke(TestInvoker.java:824) ~[testng-7.4.0.jar:7.4.0]
	at org.testng.internal.TestInvoker.invokeTestMethods(TestInvoker.java:146) ~[testng-7.4.0.jar:7.4.0]
	at org.testng.internal.TestMethodWorker.invokeTestMethods(TestMethodWorker.java:146) ~[testng-7.4.0.jar:7.4.0]
	at org.testng.internal.TestMethodWorker.run(TestMethodWorker.java:128) ~[testng-7.4.0.jar:7.4.0]
	at java.base/java.util.ArrayList.forEach(ArrayList.java:1596) [?:?]
	at org.testng.TestRunner.privateRun(TestRunner.java:794) [testng-7.4.0.jar:7.4.0]
	at org.testng.TestRunner.run(TestRunner.java:596) [testng-7.4.0.jar:7.4.0]
	at org.testng.SuiteRunner.runTest(SuiteRunner.java:377) [testng-7.4.0.jar:7.4.0]
	at org.testng.SuiteRunner.runSequentially(SuiteRunner.java:371) [testng-7.4.0.jar:7.4.0]
	at org.testng.SuiteRunner.privateRun(SuiteRunner.java:332) [testng-7.4.0.jar:7.4.0]
	at org.testng.SuiteRunner.run(SuiteRunner.java:276) [testng-7.4.0.jar:7.4.0]
	at org.testng.SuiteRunnerWorker.runSuite(SuiteRunnerWorker.java:53) [testng-7.4.0.jar:7.4.0]
	at org.testng.SuiteRunnerWorker.run(SuiteRunnerWorker.java:96) [testng-7.4.0.jar:7.4.0]
	at org.testng.TestNG.runSuitesSequentially(TestNG.java:1212) [testng-7.4.0.jar:7.4.0]
	at org.testng.TestNG.runSuitesLocally(TestNG.java:1134) [testng-7.4.0.jar:7.4.0]
	at org.testng.TestNG.runSuites(TestNG.java:1063) [testng-7.4.0.jar:7.4.0]
	at org.testng.TestNG.run(TestNG.java:1031) [testng-7.4.0.jar:7.4.0]
	at org.testng.remote.AbstractRemoteTestNG.run(AbstractRemoteTestNG.java:115) [testng-remote.jar:?]
	at org.testng.remote.RemoteTestNG.initAndRun(RemoteTestNG.java:293) [testng-remote.jar:?]
	at org.testng.remote.RemoteTestNG.main(RemoteTestNG.java:91) [testng-remote.jar:?]
13:08:29.188 [main] ERROR testcases.Basiccontrol - Error occurred in Column method: 
org.openqa.selenium.NoSuchElementException: no such element: Unable to locate element: {"method":"xpath","selector":"(//input[@type='number'])[1]"}
  (Session info: chrome=137.0.7151.69)
For documentation on this error, please visit: https://www.selenium.dev/documentation/webdriver/troubleshooting/errors#no-such-element-exception
Build info: version: '4.31.0', revision: '1ef9f18787*'
System info: os.name: 'Windows 11', os.arch: 'amd64', os.version: '10.0', java.version: '21.0.7'
Driver info: org.openqa.selenium.chrome.ChromeDriver
Command: [603b8ccc13ed8e25881b86ea189be94f, findElement {using=xpath, value=(//input[@type='number'])[1]}]
Capabilities {acceptInsecureCerts: false, browserName: chrome, browserVersion: 137.0.7151.69, chrome: {chromedriverVersion: 137.0.7151.70 (dfa4dc56b2ab..., userDataDir: C:\Users\VSRIKA~1\AppData\L...}, fedcm:accounts: true, goog:chromeOptions: {debuggerAddress: localhost:57886}, networkConnectionEnabled: false, pageLoadStrategy: normal, platformName: windows, proxy: Proxy(), se:cdp: ws://localhost:57886/devtoo..., se:cdpVersion: 137.0.7151.69, setWindowRect: true, strictFileInteractability: false, timeouts: {implicit: 0, pageLoad: 300000, script: 30000}, unhandledPromptBehavior: dismiss and notify, webauthn:extension:credBlob: true, webauthn:extension:largeBlob: true, webauthn:extension:minPinLength: true, webauthn:extension:prf: true, webauthn:virtualAuthenticators: true}
Session ID: 603b8ccc13ed8e25881b86ea189be94f
	at java.base/jdk.internal.reflect.DirectConstructorHandleAccessor.newInstance(DirectConstructorHandleAccessor.java:62) ~[?:?]
	at java.base/java.lang.reflect.Constructor.newInstanceWithCaller(Constructor.java:502) ~[?:?]
	at java.base/java.lang.reflect.Constructor.newInstance(Constructor.java:486) ~[?:?]
	at org.openqa.selenium.remote.ErrorCodec.decode(ErrorCodec.java:167) ~[selenium-remote-driver-4.31.0.jar:?]
	at org.openqa.selenium.remote.codec.w3c.W3CHttpResponseCodec.decode(W3CHttpResponseCodec.java:138) ~[selenium-remote-driver-4.31.0.jar:?]
	at org.openqa.selenium.remote.codec.w3c.W3CHttpResponseCodec.decode(W3CHttpResponseCodec.java:50) ~[selenium-remote-driver-4.31.0.jar:?]
	at org.openqa.selenium.remote.HttpCommandExecutor.execute(HttpCommandExecutor.java:215) ~[selenium-remote-driver-4.31.0.jar:?]
	at org.openqa.selenium.remote.service.DriverCommandExecutor.invokeExecute(DriverCommandExecutor.java:216) ~[selenium-remote-driver-4.31.0.jar:?]
	at org.openqa.selenium.remote.service.DriverCommandExecutor.execute(DriverCommandExecutor.java:174) ~[selenium-remote-driver-4.31.0.jar:?]
	at org.openqa.selenium.remote.RemoteWebDriver.execute(RemoteWebDriver.java:545) ~[selenium-remote-driver-4.31.0.jar:?]
	at org.openqa.selenium.remote.ElementLocation$ElementFinder$2.findElement(ElementLocation.java:165) ~[selenium-remote-driver-4.31.0.jar:?]
	at org.openqa.selenium.remote.ElementLocation.findElement(ElementLocation.java:59) ~[selenium-remote-driver-4.31.0.jar:?]
	at org.openqa.selenium.remote.RemoteWebDriver.findElement(RemoteWebDriver.java:368) ~[selenium-remote-driver-4.31.0.jar:?]
	at org.openqa.selenium.remote.RemoteWebDriver.findElement(RemoteWebDriver.java:362) ~[selenium-remote-driver-4.31.0.jar:?]
	at testcases.stepactionwithdataentries.Column(stepactionwithdataentries.java:155) ~[test-classes/:?]
	at java.base/jdk.internal.reflect.DirectMethodHandleAccessor.invoke(DirectMethodHandleAccessor.java:103) ~[?:?]
	at java.base/java.lang.reflect.Method.invoke(Method.java:580) ~[?:?]
	at org.testng.internal.MethodInvocationHelper.invokeMethod(MethodInvocationHelper.java:133) ~[testng-7.4.0.jar:7.4.0]
	at org.testng.internal.TestInvoker.invokeMethod(TestInvoker.java:598) ~[testng-7.4.0.jar:7.4.0]
	at org.testng.internal.TestInvoker.invokeTestMethod(TestInvoker.java:173) ~[testng-7.4.0.jar:7.4.0]
	at org.testng.internal.MethodRunner.runInSequence(MethodRunner.java:46) ~[testng-7.4.0.jar:7.4.0]
	at org.testng.internal.TestInvoker$MethodInvocationAgent.invoke(TestInvoker.java:824) ~[testng-7.4.0.jar:7.4.0]
	at org.testng.internal.TestInvoker.invokeTestMethods(TestInvoker.java:146) ~[testng-7.4.0.jar:7.4.0]
	at org.testng.internal.TestMethodWorker.invokeTestMethods(TestMethodWorker.java:146) ~[testng-7.4.0.jar:7.4.0]
	at org.testng.internal.TestMethodWorker.run(TestMethodWorker.java:128) ~[testng-7.4.0.jar:7.4.0]
	at java.base/java.util.ArrayList.forEach(ArrayList.java:1596) [?:?]
	at org.testng.TestRunner.privateRun(TestRunner.java:794) [testng-7.4.0.jar:7.4.0]
	at org.testng.TestRunner.run(TestRunner.java:596) [testng-7.4.0.jar:7.4.0]
	at org.testng.SuiteRunner.runTest(SuiteRunner.java:377) [testng-7.4.0.jar:7.4.0]
	at org.testng.SuiteRunner.runSequentially(SuiteRunner.java:371) [testng-7.4.0.jar:7.4.0]
	at org.testng.SuiteRunner.privateRun(SuiteRunner.java:332) [testng-7.4.0.jar:7.4.0]
	at org.testng.SuiteRunner.run(SuiteRunner.java:276) [testng-7.4.0.jar:7.4.0]
	at org.testng.SuiteRunnerWorker.runSuite(SuiteRunnerWorker.java:53) [testng-7.4.0.jar:7.4.0]
	at org.testng.SuiteRunnerWorker.run(SuiteRunnerWorker.java:96) [testng-7.4.0.jar:7.4.0]
	at org.testng.TestNG.runSuitesSequentially(TestNG.java:1212) [testng-7.4.0.jar:7.4.0]
	at org.testng.TestNG.runSuitesLocally(TestNG.java:1134) [testng-7.4.0.jar:7.4.0]
	at org.testng.TestNG.runSuites(TestNG.java:1063) [testng-7.4.0.jar:7.4.0]
	at org.testng.TestNG.run(TestNG.java:1031) [testng-7.4.0.jar:7.4.0]
	at org.testng.remote.AbstractRemoteTestNG.run(AbstractRemoteTestNG.java:115) [testng-remote.jar:?]
	at org.testng.remote.RemoteTestNG.initAndRun(RemoteTestNG.java:293) [testng-remote.jar:?]
	at org.testng.remote.RemoteTestNG.main(RemoteTestNG.java:91) [testng-remote.jar:?]
13:08:31.325 [main] ERROR testcases.Basiccontrol - Error occurred in Row method: 
org.openqa.selenium.NoSuchElementException: no such element: Unable to locate element: {"method":"xpath","selector":"(//input[@type='number'])[2]"}
  (Session info: chrome=137.0.7151.69)
For documentation on this error, please visit: https://www.selenium.dev/documentation/webdriver/troubleshooting/errors#no-such-element-exception
Build info: version: '4.31.0', revision: '1ef9f18787*'
System info: os.name: 'Windows 11', os.arch: 'amd64', os.version: '10.0', java.version: '21.0.7'
Driver info: org.openqa.selenium.chrome.ChromeDriver
Command: [603b8ccc13ed8e25881b86ea189be94f, findElement {using=xpath, value=(//input[@type='number'])[2]}]
Capabilities {acceptInsecureCerts: false, browserName: chrome, browserVersion: 137.0.7151.69, chrome: {chromedriverVersion: 137.0.7151.70 (dfa4dc56b2ab..., userDataDir: C:\Users\VSRIKA~1\AppData\L...}, fedcm:accounts: true, goog:chromeOptions: {debuggerAddress: localhost:57886}, networkConnectionEnabled: false, pageLoadStrategy: normal, platformName: windows, proxy: Proxy(), se:cdp: ws://localhost:57886/devtoo..., se:cdpVersion: 137.0.7151.69, setWindowRect: true, strictFileInteractability: false, timeouts: {implicit: 0, pageLoad: 300000, script: 30000}, unhandledPromptBehavior: dismiss and notify, webauthn:extension:credBlob: true, webauthn:extension:largeBlob: true, webauthn:extension:minPinLength: true, webauthn:extension:prf: true, webauthn:virtualAuthenticators: true}
Session ID: 603b8ccc13ed8e25881b86ea189be94f
	at java.base/jdk.internal.reflect.DirectConstructorHandleAccessor.newInstance(DirectConstructorHandleAccessor.java:62) ~[?:?]
	at java.base/java.lang.reflect.Constructor.newInstanceWithCaller(Constructor.java:502) ~[?:?]
	at java.base/java.lang.reflect.Constructor.newInstance(Constructor.java:486) ~[?:?]
	at org.openqa.selenium.remote.ErrorCodec.decode(ErrorCodec.java:167) ~[selenium-remote-driver-4.31.0.jar:?]
	at org.openqa.selenium.remote.codec.w3c.W3CHttpResponseCodec.decode(W3CHttpResponseCodec.java:138) ~[selenium-remote-driver-4.31.0.jar:?]
	at org.openqa.selenium.remote.codec.w3c.W3CHttpResponseCodec.decode(W3CHttpResponseCodec.java:50) ~[selenium-remote-driver-4.31.0.jar:?]
	at org.openqa.selenium.remote.HttpCommandExecutor.execute(HttpCommandExecutor.java:215) ~[selenium-remote-driver-4.31.0.jar:?]
	at org.openqa.selenium.remote.service.DriverCommandExecutor.invokeExecute(DriverCommandExecutor.java:216) ~[selenium-remote-driver-4.31.0.jar:?]
	at org.openqa.selenium.remote.service.DriverCommandExecutor.execute(DriverCommandExecutor.java:174) ~[selenium-remote-driver-4.31.0.jar:?]
	at org.openqa.selenium.remote.RemoteWebDriver.execute(RemoteWebDriver.java:545) ~[selenium-remote-driver-4.31.0.jar:?]
	at org.openqa.selenium.remote.ElementLocation$ElementFinder$2.findElement(ElementLocation.java:165) ~[selenium-remote-driver-4.31.0.jar:?]
	at org.openqa.selenium.remote.ElementLocation.findElement(ElementLocation.java:59) ~[selenium-remote-driver-4.31.0.jar:?]
	at org.openqa.selenium.remote.RemoteWebDriver.findElement(RemoteWebDriver.java:368) ~[selenium-remote-driver-4.31.0.jar:?]
	at org.openqa.selenium.remote.RemoteWebDriver.findElement(RemoteWebDriver.java:362) ~[selenium-remote-driver-4.31.0.jar:?]
	at testcases.stepactionwithdataentries.Row(stepactionwithdataentries.java:163) ~[test-classes/:?]
	at java.base/jdk.internal.reflect.DirectMethodHandleAccessor.invoke(DirectMethodHandleAccessor.java:103) ~[?:?]
	at java.base/java.lang.reflect.Method.invoke(Method.java:580) ~[?:?]
	at org.testng.internal.MethodInvocationHelper.invokeMethod(MethodInvocationHelper.java:133) ~[testng-7.4.0.jar:7.4.0]
	at org.testng.internal.TestInvoker.invokeMethod(TestInvoker.java:598) ~[testng-7.4.0.jar:7.4.0]
	at org.testng.internal.TestInvoker.invokeTestMethod(TestInvoker.java:173) ~[testng-7.4.0.jar:7.4.0]
	at org.testng.internal.MethodRunner.runInSequence(MethodRunner.java:46) ~[testng-7.4.0.jar:7.4.0]
	at org.testng.internal.TestInvoker$MethodInvocationAgent.invoke(TestInvoker.java:824) ~[testng-7.4.0.jar:7.4.0]
	at org.testng.internal.TestInvoker.invokeTestMethods(TestInvoker.java:146) ~[testng-7.4.0.jar:7.4.0]
	at org.testng.internal.TestMethodWorker.invokeTestMethods(TestMethodWorker.java:146) ~[testng-7.4.0.jar:7.4.0]
	at org.testng.internal.TestMethodWorker.run(TestMethodWorker.java:128) ~[testng-7.4.0.jar:7.4.0]
	at java.base/java.util.ArrayList.forEach(ArrayList.java:1596) [?:?]
	at org.testng.TestRunner.privateRun(TestRunner.java:794) [testng-7.4.0.jar:7.4.0]
	at org.testng.TestRunner.run(TestRunner.java:596) [testng-7.4.0.jar:7.4.0]
	at org.testng.SuiteRunner.runTest(SuiteRunner.java:377) [testng-7.4.0.jar:7.4.0]
	at org.testng.SuiteRunner.runSequentially(SuiteRunner.java:371) [testng-7.4.0.jar:7.4.0]
	at org.testng.SuiteRunner.privateRun(SuiteRunner.java:332) [testng-7.4.0.jar:7.4.0]
	at org.testng.SuiteRunner.run(SuiteRunner.java:276) [testng-7.4.0.jar:7.4.0]
	at org.testng.SuiteRunnerWorker.runSuite(SuiteRunnerWorker.java:53) [testng-7.4.0.jar:7.4.0]
	at org.testng.SuiteRunnerWorker.run(SuiteRunnerWorker.java:96) [testng-7.4.0.jar:7.4.0]
	at org.testng.TestNG.runSuitesSequentially(TestNG.java:1212) [testng-7.4.0.jar:7.4.0]
	at org.testng.TestNG.runSuitesLocally(TestNG.java:1134) [testng-7.4.0.jar:7.4.0]
	at org.testng.TestNG.runSuites(TestNG.java:1063) [testng-7.4.0.jar:7.4.0]
	at org.testng.TestNG.run(TestNG.java:1031) [testng-7.4.0.jar:7.4.0]
	at org.testng.remote.AbstractRemoteTestNG.run(AbstractRemoteTestNG.java:115) [testng-remote.jar:?]
	at org.testng.remote.RemoteTestNG.initAndRun(RemoteTestNG.java:293) [testng-remote.jar:?]
	at org.testng.remote.RemoteTestNG.main(RemoteTestNG.java:91) [testng-remote.jar:?]
13:08:33.457 [main] ERROR testcases.Basiccontrol - Error occurred in Ok method: 
org.openqa.selenium.NoSuchElementException: no such element: Unable to locate element: {"method":"xpath","selector":"(//button[@class='borderenable btn btn-sm button-border ng-star-inserted'])[1]"}
  (Session info: chrome=137.0.7151.69)
For documentation on this error, please visit: https://www.selenium.dev/documentation/webdriver/troubleshooting/errors#no-such-element-exception
Build info: version: '4.31.0', revision: '1ef9f18787*'
System info: os.name: 'Windows 11', os.arch: 'amd64', os.version: '10.0', java.version: '21.0.7'
Driver info: org.openqa.selenium.chrome.ChromeDriver
Command: [603b8ccc13ed8e25881b86ea189be94f, findElement {using=xpath, value=(//button[@class='borderenable btn btn-sm button-border ng-star-inserted'])[1]}]
Capabilities {acceptInsecureCerts: false, browserName: chrome, browserVersion: 137.0.7151.69, chrome: {chromedriverVersion: 137.0.7151.70 (dfa4dc56b2ab..., userDataDir: C:\Users\VSRIKA~1\AppData\L...}, fedcm:accounts: true, goog:chromeOptions: {debuggerAddress: localhost:57886}, networkConnectionEnabled: false, pageLoadStrategy: normal, platformName: windows, proxy: Proxy(), se:cdp: ws://localhost:57886/devtoo..., se:cdpVersion: 137.0.7151.69, setWindowRect: true, strictFileInteractability: false, timeouts: {implicit: 0, pageLoad: 300000, script: 30000}, unhandledPromptBehavior: dismiss and notify, webauthn:extension:credBlob: true, webauthn:extension:largeBlob: true, webauthn:extension:minPinLength: true, webauthn:extension:prf: true, webauthn:virtualAuthenticators: true}
Session ID: 603b8ccc13ed8e25881b86ea189be94f
	at java.base/jdk.internal.reflect.DirectConstructorHandleAccessor.newInstance(DirectConstructorHandleAccessor.java:62) ~[?:?]
	at java.base/java.lang.reflect.Constructor.newInstanceWithCaller(Constructor.java:502) ~[?:?]
	at java.base/java.lang.reflect.Constructor.newInstance(Constructor.java:486) ~[?:?]
	at org.openqa.selenium.remote.ErrorCodec.decode(ErrorCodec.java:167) ~[selenium-remote-driver-4.31.0.jar:?]
	at org.openqa.selenium.remote.codec.w3c.W3CHttpResponseCodec.decode(W3CHttpResponseCodec.java:138) ~[selenium-remote-driver-4.31.0.jar:?]
	at org.openqa.selenium.remote.codec.w3c.W3CHttpResponseCodec.decode(W3CHttpResponseCodec.java:50) ~[selenium-remote-driver-4.31.0.jar:?]
	at org.openqa.selenium.remote.HttpCommandExecutor.execute(HttpCommandExecutor.java:215) ~[selenium-remote-driver-4.31.0.jar:?]
	at org.openqa.selenium.remote.service.DriverCommandExecutor.invokeExecute(DriverCommandExecutor.java:216) ~[selenium-remote-driver-4.31.0.jar:?]
	at org.openqa.selenium.remote.service.DriverCommandExecutor.execute(DriverCommandExecutor.java:174) ~[selenium-remote-driver-4.31.0.jar:?]
	at org.openqa.selenium.remote.RemoteWebDriver.execute(RemoteWebDriver.java:545) ~[selenium-remote-driver-4.31.0.jar:?]
	at org.openqa.selenium.remote.ElementLocation$ElementFinder$2.findElement(ElementLocation.java:165) ~[selenium-remote-driver-4.31.0.jar:?]
	at org.openqa.selenium.remote.ElementLocation.findElement(ElementLocation.java:59) ~[selenium-remote-driver-4.31.0.jar:?]
	at org.openqa.selenium.remote.RemoteWebDriver.findElement(RemoteWebDriver.java:368) ~[selenium-remote-driver-4.31.0.jar:?]
	at org.openqa.selenium.remote.RemoteWebDriver.findElement(RemoteWebDriver.java:362) ~[selenium-remote-driver-4.31.0.jar:?]
	at testcases.stepactionwithdataentries.Ok(stepactionwithdataentries.java:171) ~[test-classes/:?]
	at java.base/jdk.internal.reflect.DirectMethodHandleAccessor.invoke(DirectMethodHandleAccessor.java:103) ~[?:?]
	at java.base/java.lang.reflect.Method.invoke(Method.java:580) ~[?:?]
	at org.testng.internal.MethodInvocationHelper.invokeMethod(MethodInvocationHelper.java:133) ~[testng-7.4.0.jar:7.4.0]
	at org.testng.internal.TestInvoker.invokeMethod(TestInvoker.java:598) ~[testng-7.4.0.jar:7.4.0]
	at org.testng.internal.TestInvoker.invokeTestMethod(TestInvoker.java:173) ~[testng-7.4.0.jar:7.4.0]
	at org.testng.internal.MethodRunner.runInSequence(MethodRunner.java:46) ~[testng-7.4.0.jar:7.4.0]
	at org.testng.internal.TestInvoker$MethodInvocationAgent.invoke(TestInvoker.java:824) ~[testng-7.4.0.jar:7.4.0]
	at org.testng.internal.TestInvoker.invokeTestMethods(TestInvoker.java:146) ~[testng-7.4.0.jar:7.4.0]
	at org.testng.internal.TestMethodWorker.invokeTestMethods(TestMethodWorker.java:146) ~[testng-7.4.0.jar:7.4.0]
	at org.testng.internal.TestMethodWorker.run(TestMethodWorker.java:128) ~[testng-7.4.0.jar:7.4.0]
	at java.base/java.util.ArrayList.forEach(ArrayList.java:1596) [?:?]
	at org.testng.TestRunner.privateRun(TestRunner.java:794) [testng-7.4.0.jar:7.4.0]
	at org.testng.TestRunner.run(TestRunner.java:596) [testng-7.4.0.jar:7.4.0]
	at org.testng.SuiteRunner.runTest(SuiteRunner.java:377) [testng-7.4.0.jar:7.4.0]
	at org.testng.SuiteRunner.runSequentially(SuiteRunner.java:371) [testng-7.4.0.jar:7.4.0]
	at org.testng.SuiteRunner.privateRun(SuiteRunner.java:332) [testng-7.4.0.jar:7.4.0]
	at org.testng.SuiteRunner.run(SuiteRunner.java:276) [testng-7.4.0.jar:7.4.0]
	at org.testng.SuiteRunnerWorker.runSuite(SuiteRunnerWorker.java:53) [testng-7.4.0.jar:7.4.0]
	at org.testng.SuiteRunnerWorker.run(SuiteRunnerWorker.java:96) [testng-7.4.0.jar:7.4.0]
	at org.testng.TestNG.runSuitesSequentially(TestNG.java:1212) [testng-7.4.0.jar:7.4.0]
	at org.testng.TestNG.runSuitesLocally(TestNG.java:1134) [testng-7.4.0.jar:7.4.0]
	at org.testng.TestNG.runSuites(TestNG.java:1063) [testng-7.4.0.jar:7.4.0]
	at org.testng.TestNG.run(TestNG.java:1031) [testng-7.4.0.jar:7.4.0]
	at org.testng.remote.AbstractRemoteTestNG.run(AbstractRemoteTestNG.java:115) [testng-remote.jar:?]
	at org.testng.remote.RemoteTestNG.initAndRun(RemoteTestNG.java:293) [testng-remote.jar:?]
	at org.testng.remote.RemoteTestNG.main(RemoteTestNG.java:91) [testng-remote.jar:?]
13:08:35.568 [main] ERROR testcases.Basiccontrol - Error occurred in Columnbutton method: 
org.openqa.selenium.NoSuchElementException: no such element: Unable to locate element: {"method":"xpath","selector":"(//a[@class='nav-link'])"}
  (Session info: chrome=137.0.7151.69)
For documentation on this error, please visit: https://www.selenium.dev/documentation/webdriver/troubleshooting/errors#no-such-element-exception
Build info: version: '4.31.0', revision: '1ef9f18787*'
System info: os.name: 'Windows 11', os.arch: 'amd64', os.version: '10.0', java.version: '21.0.7'
Driver info: org.openqa.selenium.chrome.ChromeDriver
Command: [603b8ccc13ed8e25881b86ea189be94f, findElement {using=xpath, value=(//a[@class='nav-link'])}]
Capabilities {acceptInsecureCerts: false, browserName: chrome, browserVersion: 137.0.7151.69, chrome: {chromedriverVersion: 137.0.7151.70 (dfa4dc56b2ab..., userDataDir: C:\Users\VSRIKA~1\AppData\L...}, fedcm:accounts: true, goog:chromeOptions: {debuggerAddress: localhost:57886}, networkConnectionEnabled: false, pageLoadStrategy: normal, platformName: windows, proxy: Proxy(), se:cdp: ws://localhost:57886/devtoo..., se:cdpVersion: 137.0.7151.69, setWindowRect: true, strictFileInteractability: false, timeouts: {implicit: 0, pageLoad: 300000, script: 30000}, unhandledPromptBehavior: dismiss and notify, webauthn:extension:credBlob: true, webauthn:extension:largeBlob: true, webauthn:extension:minPinLength: true, webauthn:extension:prf: true, webauthn:virtualAuthenticators: true}
Session ID: 603b8ccc13ed8e25881b86ea189be94f
	at java.base/jdk.internal.reflect.DirectConstructorHandleAccessor.newInstance(DirectConstructorHandleAccessor.java:62) ~[?:?]
	at java.base/java.lang.reflect.Constructor.newInstanceWithCaller(Constructor.java:502) ~[?:?]
	at java.base/java.lang.reflect.Constructor.newInstance(Constructor.java:486) ~[?:?]
	at org.openqa.selenium.remote.ErrorCodec.decode(ErrorCodec.java:167) ~[selenium-remote-driver-4.31.0.jar:?]
	at org.openqa.selenium.remote.codec.w3c.W3CHttpResponseCodec.decode(W3CHttpResponseCodec.java:138) ~[selenium-remote-driver-4.31.0.jar:?]
	at org.openqa.selenium.remote.codec.w3c.W3CHttpResponseCodec.decode(W3CHttpResponseCodec.java:50) ~[selenium-remote-driver-4.31.0.jar:?]
	at org.openqa.selenium.remote.HttpCommandExecutor.execute(HttpCommandExecutor.java:215) ~[selenium-remote-driver-4.31.0.jar:?]
	at org.openqa.selenium.remote.service.DriverCommandExecutor.invokeExecute(DriverCommandExecutor.java:216) ~[selenium-remote-driver-4.31.0.jar:?]
	at org.openqa.selenium.remote.service.DriverCommandExecutor.execute(DriverCommandExecutor.java:174) ~[selenium-remote-driver-4.31.0.jar:?]
	at org.openqa.selenium.remote.RemoteWebDriver.execute(RemoteWebDriver.java:545) ~[selenium-remote-driver-4.31.0.jar:?]
	at org.openqa.selenium.remote.ElementLocation$ElementFinder$2.findElement(ElementLocation.java:165) ~[selenium-remote-driver-4.31.0.jar:?]
	at org.openqa.selenium.remote.ElementLocation.findElement(ElementLocation.java:59) ~[selenium-remote-driver-4.31.0.jar:?]
	at org.openqa.selenium.remote.RemoteWebDriver.findElement(RemoteWebDriver.java:368) ~[selenium-remote-driver-4.31.0.jar:?]
	at org.openqa.selenium.remote.RemoteWebDriver.findElement(RemoteWebDriver.java:362) ~[selenium-remote-driver-4.31.0.jar:?]
	at testcases.stepactionwithdataentries.Columnbutton(stepactionwithdataentries.java:177) ~[test-classes/:?]
	at java.base/jdk.internal.reflect.DirectMethodHandleAccessor.invoke(DirectMethodHandleAccessor.java:103) ~[?:?]
	at java.base/java.lang.reflect.Method.invoke(Method.java:580) ~[?:?]
	at org.testng.internal.MethodInvocationHelper.invokeMethod(MethodInvocationHelper.java:133) ~[testng-7.4.0.jar:7.4.0]
	at org.testng.internal.TestInvoker.invokeMethod(TestInvoker.java:598) ~[testng-7.4.0.jar:7.4.0]
	at org.testng.internal.TestInvoker.invokeTestMethod(TestInvoker.java:173) ~[testng-7.4.0.jar:7.4.0]
	at org.testng.internal.MethodRunner.runInSequence(MethodRunner.java:46) ~[testng-7.4.0.jar:7.4.0]
	at org.testng.internal.TestInvoker$MethodInvocationAgent.invoke(TestInvoker.java:824) ~[testng-7.4.0.jar:7.4.0]
	at org.testng.internal.TestInvoker.invokeTestMethods(TestInvoker.java:146) ~[testng-7.4.0.jar:7.4.0]
	at org.testng.internal.TestMethodWorker.invokeTestMethods(TestMethodWorker.java:146) ~[testng-7.4.0.jar:7.4.0]
	at org.testng.internal.TestMethodWorker.run(TestMethodWorker.java:128) ~[testng-7.4.0.jar:7.4.0]
	at java.base/java.util.ArrayList.forEach(ArrayList.java:1596) [?:?]
	at org.testng.TestRunner.privateRun(TestRunner.java:794) [testng-7.4.0.jar:7.4.0]
	at org.testng.TestRunner.run(TestRunner.java:596) [testng-7.4.0.jar:7.4.0]
	at org.testng.SuiteRunner.runTest(SuiteRunner.java:377) [testng-7.4.0.jar:7.4.0]
	at org.testng.SuiteRunner.runSequentially(SuiteRunner.java:371) [testng-7.4.0.jar:7.4.0]
	at org.testng.SuiteRunner.privateRun(SuiteRunner.java:332) [testng-7.4.0.jar:7.4.0]
	at org.testng.SuiteRunner.run(SuiteRunner.java:276) [testng-7.4.0.jar:7.4.0]
	at org.testng.SuiteRunnerWorker.runSuite(SuiteRunnerWorker.java:53) [testng-7.4.0.jar:7.4.0]
	at org.testng.SuiteRunnerWorker.run(SuiteRunnerWorker.java:96) [testng-7.4.0.jar:7.4.0]
	at org.testng.TestNG.runSuitesSequentially(TestNG.java:1212) [testng-7.4.0.jar:7.4.0]
	at org.testng.TestNG.runSuitesLocally(TestNG.java:1134) [testng-7.4.0.jar:7.4.0]
	at org.testng.TestNG.runSuites(TestNG.java:1063) [testng-7.4.0.jar:7.4.0]
	at org.testng.TestNG.run(TestNG.java:1031) [testng-7.4.0.jar:7.4.0]
	at org.testng.remote.AbstractRemoteTestNG.run(AbstractRemoteTestNG.java:115) [testng-remote.jar:?]
	at org.testng.remote.RemoteTestNG.initAndRun(RemoteTestNG.java:293) [testng-remote.jar:?]
	at org.testng.remote.RemoteTestNG.main(RemoteTestNG.java:91) [testng-remote.jar:?]
13:08:37.709 [main] ERROR testcases.Basiccontrol - Error occurred in Datatypedropdown method: 
org.openqa.selenium.ElementNotInteractableException: element not interactable
  (Session info: chrome=137.0.7151.69)
Build info: version: '4.31.0', revision: '1ef9f18787*'
System info: os.name: 'Windows 11', os.arch: 'amd64', os.version: '10.0', java.version: '21.0.7'
Driver info: org.openqa.selenium.chrome.ChromeDriver
Command: [603b8ccc13ed8e25881b86ea189be94f, clickElement {id=f.119C3F83BEEC33AE855128F32C67E7B7.d.B2C3551F9892F28ADF56AA82C482352E.e.1034}]
Capabilities {acceptInsecureCerts: false, browserName: chrome, browserVersion: 137.0.7151.69, chrome: {chromedriverVersion: 137.0.7151.70 (dfa4dc56b2ab..., userDataDir: C:\Users\VSRIKA~1\AppData\L...}, fedcm:accounts: true, goog:chromeOptions: {debuggerAddress: localhost:57886}, networkConnectionEnabled: false, pageLoadStrategy: normal, platformName: windows, proxy: Proxy(), se:cdp: ws://localhost:57886/devtoo..., se:cdpVersion: 137.0.7151.69, setWindowRect: true, strictFileInteractability: false, timeouts: {implicit: 0, pageLoad: 300000, script: 30000}, unhandledPromptBehavior: dismiss and notify, webauthn:extension:credBlob: true, webauthn:extension:largeBlob: true, webauthn:extension:minPinLength: true, webauthn:extension:prf: true, webauthn:virtualAuthenticators: true}
Element: [[ChromeDriver: chrome on windows (603b8ccc13ed8e25881b86ea189be94f)] -> xpath: //select[contains(@class,'form-control ng-untouched ng-pristine ng-valid')]]
Session ID: 603b8ccc13ed8e25881b86ea189be94f
	at java.base/jdk.internal.reflect.DirectConstructorHandleAccessor.newInstance(DirectConstructorHandleAccessor.java:62) ~[?:?]
	at java.base/java.lang.reflect.Constructor.newInstanceWithCaller(Constructor.java:502) ~[?:?]
	at java.base/java.lang.reflect.Constructor.newInstance(Constructor.java:486) ~[?:?]
	at org.openqa.selenium.remote.ErrorCodec.decode(ErrorCodec.java:167) ~[selenium-remote-driver-4.31.0.jar:?]
	at org.openqa.selenium.remote.codec.w3c.W3CHttpResponseCodec.decode(W3CHttpResponseCodec.java:138) ~[selenium-remote-driver-4.31.0.jar:?]
	at org.openqa.selenium.remote.codec.w3c.W3CHttpResponseCodec.decode(W3CHttpResponseCodec.java:50) ~[selenium-remote-driver-4.31.0.jar:?]
	at org.openqa.selenium.remote.HttpCommandExecutor.execute(HttpCommandExecutor.java:215) ~[selenium-remote-driver-4.31.0.jar:?]
	at org.openqa.selenium.remote.service.DriverCommandExecutor.invokeExecute(DriverCommandExecutor.java:216) ~[selenium-remote-driver-4.31.0.jar:?]
	at org.openqa.selenium.remote.service.DriverCommandExecutor.execute(DriverCommandExecutor.java:174) ~[selenium-remote-driver-4.31.0.jar:?]
	at org.openqa.selenium.remote.RemoteWebDriver.execute(RemoteWebDriver.java:545) ~[selenium-remote-driver-4.31.0.jar:?]
	at org.openqa.selenium.remote.RemoteWebElement.execute(RemoteWebElement.java:223) ~[selenium-remote-driver-4.31.0.jar:?]
	at org.openqa.selenium.remote.RemoteWebElement.click(RemoteWebElement.java:76) ~[selenium-remote-driver-4.31.0.jar:?]
	at testcases.stepactionwithdataentries.Datatypedropdown(stepactionwithdataentries.java:183) ~[test-classes/:?]
	at java.base/jdk.internal.reflect.DirectMethodHandleAccessor.invoke(DirectMethodHandleAccessor.java:103) ~[?:?]
	at java.base/java.lang.reflect.Method.invoke(Method.java:580) ~[?:?]
	at org.testng.internal.MethodInvocationHelper.invokeMethod(MethodInvocationHelper.java:133) ~[testng-7.4.0.jar:7.4.0]
	at org.testng.internal.TestInvoker.invokeMethod(TestInvoker.java:598) ~[testng-7.4.0.jar:7.4.0]
	at org.testng.internal.TestInvoker.invokeTestMethod(TestInvoker.java:173) ~[testng-7.4.0.jar:7.4.0]
	at org.testng.internal.MethodRunner.runInSequence(MethodRunner.java:46) ~[testng-7.4.0.jar:7.4.0]
	at org.testng.internal.TestInvoker$MethodInvocationAgent.invoke(TestInvoker.java:824) ~[testng-7.4.0.jar:7.4.0]
	at org.testng.internal.TestInvoker.invokeTestMethods(TestInvoker.java:146) ~[testng-7.4.0.jar:7.4.0]
	at org.testng.internal.TestMethodWorker.invokeTestMethods(TestMethodWorker.java:146) ~[testng-7.4.0.jar:7.4.0]
	at org.testng.internal.TestMethodWorker.run(TestMethodWorker.java:128) ~[testng-7.4.0.jar:7.4.0]
	at java.base/java.util.ArrayList.forEach(ArrayList.java:1596) [?:?]
	at org.testng.TestRunner.privateRun(TestRunner.java:794) [testng-7.4.0.jar:7.4.0]
	at org.testng.TestRunner.run(TestRunner.java:596) [testng-7.4.0.jar:7.4.0]
	at org.testng.SuiteRunner.runTest(SuiteRunner.java:377) [testng-7.4.0.jar:7.4.0]
	at org.testng.SuiteRunner.runSequentially(SuiteRunner.java:371) [testng-7.4.0.jar:7.4.0]
	at org.testng.SuiteRunner.privateRun(SuiteRunner.java:332) [testng-7.4.0.jar:7.4.0]
	at org.testng.SuiteRunner.run(SuiteRunner.java:276) [testng-7.4.0.jar:7.4.0]
	at org.testng.SuiteRunnerWorker.runSuite(SuiteRunnerWorker.java:53) [testng-7.4.0.jar:7.4.0]
	at org.testng.SuiteRunnerWorker.run(SuiteRunnerWorker.java:96) [testng-7.4.0.jar:7.4.0]
	at org.testng.TestNG.runSuitesSequentially(TestNG.java:1212) [testng-7.4.0.jar:7.4.0]
	at org.testng.TestNG.runSuitesLocally(TestNG.java:1134) [testng-7.4.0.jar:7.4.0]
	at org.testng.TestNG.runSuites(TestNG.java:1063) [testng-7.4.0.jar:7.4.0]
	at org.testng.TestNG.run(TestNG.java:1031) [testng-7.4.0.jar:7.4.0]
	at org.testng.remote.AbstractRemoteTestNG.run(AbstractRemoteTestNG.java:115) [testng-remote.jar:?]
	at org.testng.remote.RemoteTestNG.initAndRun(RemoteTestNG.java:293) [testng-remote.jar:?]
	at org.testng.remote.RemoteTestNG.main(RemoteTestNG.java:91) [testng-remote.jar:?]
13:08:41.966 [main] ERROR testcases.Basiccontrol - Error occurred in Textdataentry method: 
org.openqa.selenium.ElementNotInteractableException: element not interactable: Element is not currently visible and may not be manipulated
  (Session info: chrome=137.0.7151.69)
Build info: version: '4.31.0', revision: '1ef9f18787*'
System info: os.name: 'Windows 11', os.arch: 'amd64', os.version: '10.0', java.version: '21.0.7'
Driver info: org.openqa.selenium.chrome.ChromeDriver
Command: [603b8ccc13ed8e25881b86ea189be94f, clickElement {id=f.119C3F83BEEC33AE855128F32C67E7B7.d.B2C3551F9892F28ADF56AA82C482352E.e.1153}]
Capabilities {acceptInsecureCerts: false, browserName: chrome, browserVersion: 137.0.7151.69, chrome: {chromedriverVersion: 137.0.7151.70 (dfa4dc56b2ab..., userDataDir: C:\Users\VSRIKA~1\AppData\L...}, fedcm:accounts: true, goog:chromeOptions: {debuggerAddress: localhost:57886}, networkConnectionEnabled: false, pageLoadStrategy: normal, platformName: windows, proxy: Proxy(), se:cdp: ws://localhost:57886/devtoo..., se:cdpVersion: 137.0.7151.69, setWindowRect: true, strictFileInteractability: false, timeouts: {implicit: 0, pageLoad: 300000, script: 30000}, unhandledPromptBehavior: dismiss and notify, webauthn:extension:credBlob: true, webauthn:extension:largeBlob: true, webauthn:extension:minPinLength: true, webauthn:extension:prf: true, webauthn:virtualAuthenticators: true}
Element: [[[[ChromeDriver: chrome on windows (603b8ccc13ed8e25881b86ea189be94f)] -> xpath: //select[contains(@class,'form-control ng-untouched ng-pristine ng-valid')]]] -> tag name: option]
Session ID: 603b8ccc13ed8e25881b86ea189be94f
	at java.base/jdk.internal.reflect.DirectConstructorHandleAccessor.newInstance(DirectConstructorHandleAccessor.java:62) ~[?:?]
	at java.base/java.lang.reflect.Constructor.newInstanceWithCaller(Constructor.java:502) ~[?:?]
	at java.base/java.lang.reflect.Constructor.newInstance(Constructor.java:486) ~[?:?]
	at org.openqa.selenium.remote.ErrorCodec.decode(ErrorCodec.java:167) ~[selenium-remote-driver-4.31.0.jar:?]
	at org.openqa.selenium.remote.codec.w3c.W3CHttpResponseCodec.decode(W3CHttpResponseCodec.java:138) ~[selenium-remote-driver-4.31.0.jar:?]
	at org.openqa.selenium.remote.codec.w3c.W3CHttpResponseCodec.decode(W3CHttpResponseCodec.java:50) ~[selenium-remote-driver-4.31.0.jar:?]
	at org.openqa.selenium.remote.HttpCommandExecutor.execute(HttpCommandExecutor.java:215) ~[selenium-remote-driver-4.31.0.jar:?]
	at org.openqa.selenium.remote.service.DriverCommandExecutor.invokeExecute(DriverCommandExecutor.java:216) ~[selenium-remote-driver-4.31.0.jar:?]
	at org.openqa.selenium.remote.service.DriverCommandExecutor.execute(DriverCommandExecutor.java:174) ~[selenium-remote-driver-4.31.0.jar:?]
	at org.openqa.selenium.remote.RemoteWebDriver.execute(RemoteWebDriver.java:545) ~[selenium-remote-driver-4.31.0.jar:?]
	at org.openqa.selenium.remote.RemoteWebElement.execute(RemoteWebElement.java:223) ~[selenium-remote-driver-4.31.0.jar:?]
	at org.openqa.selenium.remote.RemoteWebElement.click(RemoteWebElement.java:76) ~[selenium-remote-driver-4.31.0.jar:?]
	at org.openqa.selenium.support.ui.Select.setSelected(Select.java:419) ~[selenium-support-4.31.0.jar:?]
	at org.openqa.selenium.support.ui.Select.setSelectedByIndex(Select.java:403) ~[selenium-support-4.31.0.jar:?]
	at org.openqa.selenium.support.ui.Select.selectByIndex(Select.java:262) ~[selenium-support-4.31.0.jar:?]
	at testcases.stepactionwithdataentries.Textdataentry(stepactionwithdataentries.java:190) ~[test-classes/:?]
	at java.base/jdk.internal.reflect.DirectMethodHandleAccessor.invoke(DirectMethodHandleAccessor.java:103) ~[?:?]
	at java.base/java.lang.reflect.Method.invoke(Method.java:580) ~[?:?]
	at org.testng.internal.MethodInvocationHelper.invokeMethod(MethodInvocationHelper.java:133) ~[testng-7.4.0.jar:7.4.0]
	at org.testng.internal.TestInvoker.invokeMethod(TestInvoker.java:598) ~[testng-7.4.0.jar:7.4.0]
	at org.testng.internal.TestInvoker.invokeTestMethod(TestInvoker.java:173) ~[testng-7.4.0.jar:7.4.0]
	at org.testng.internal.MethodRunner.runInSequence(MethodRunner.java:46) ~[testng-7.4.0.jar:7.4.0]
	at org.testng.internal.TestInvoker$MethodInvocationAgent.invoke(TestInvoker.java:824) ~[testng-7.4.0.jar:7.4.0]
	at org.testng.internal.TestInvoker.invokeTestMethods(TestInvoker.java:146) ~[testng-7.4.0.jar:7.4.0]
	at org.testng.internal.TestMethodWorker.invokeTestMethods(TestMethodWorker.java:146) ~[testng-7.4.0.jar:7.4.0]
	at org.testng.internal.TestMethodWorker.run(TestMethodWorker.java:128) ~[testng-7.4.0.jar:7.4.0]
	at java.base/java.util.ArrayList.forEach(ArrayList.java:1596) [?:?]
	at org.testng.TestRunner.privateRun(TestRunner.java:794) [testng-7.4.0.jar:7.4.0]
	at org.testng.TestRunner.run(TestRunner.java:596) [testng-7.4.0.jar:7.4.0]
	at org.testng.SuiteRunner.runTest(SuiteRunner.java:377) [testng-7.4.0.jar:7.4.0]
	at org.testng.SuiteRunner.runSequentially(SuiteRunner.java:371) [testng-7.4.0.jar:7.4.0]
	at org.testng.SuiteRunner.privateRun(SuiteRunner.java:332) [testng-7.4.0.jar:7.4.0]
	at org.testng.SuiteRunner.run(SuiteRunner.java:276) [testng-7.4.0.jar:7.4.0]
	at org.testng.SuiteRunnerWorker.runSuite(SuiteRunnerWorker.java:53) [testng-7.4.0.jar:7.4.0]
	at org.testng.SuiteRunnerWorker.run(SuiteRunnerWorker.java:96) [testng-7.4.0.jar:7.4.0]
	at org.testng.TestNG.runSuitesSequentially(TestNG.java:1212) [testng-7.4.0.jar:7.4.0]
	at org.testng.TestNG.runSuitesLocally(TestNG.java:1134) [testng-7.4.0.jar:7.4.0]
	at org.testng.TestNG.runSuites(TestNG.java:1063) [testng-7.4.0.jar:7.4.0]
	at org.testng.TestNG.run(TestNG.java:1031) [testng-7.4.0.jar:7.4.0]
	at org.testng.remote.AbstractRemoteTestNG.run(AbstractRemoteTestNG.java:115) [testng-remote.jar:?]
	at org.testng.remote.RemoteTestNG.initAndRun(RemoteTestNG.java:293) [testng-remote.jar:?]
	at org.testng.remote.RemoteTestNG.main(RemoteTestNG.java:91) [testng-remote.jar:?]
13:08:58.751 [main] ERROR testcases.Basiccontrol - Error occurred in Datatypedropdown1 method: 
org.openqa.selenium.NoSuchElementException: Cannot locate option with index: 2
For documentation on this error, please visit: https://www.selenium.dev/documentation/webdriver/troubleshooting/errors#no-such-element-exception
Build info: version: '4.31.0', revision: '1ef9f18787*'
System info: os.name: 'Windows 11', os.arch: 'amd64', os.version: '10.0', java.version: '21.0.7'
Driver info: driver.version: unknown
	at org.openqa.selenium.support.ui.Select.setSelectedByIndex(Select.java:407) ~[selenium-support-4.31.0.jar:?]
	at org.openqa.selenium.support.ui.Select.selectByIndex(Select.java:262) ~[selenium-support-4.31.0.jar:?]
	at testcases.stepactionwithdataentries.Datatypedropdown12(stepactionwithdataentries.java:209) ~[test-classes/:?]
	at java.base/jdk.internal.reflect.DirectMethodHandleAccessor.invoke(DirectMethodHandleAccessor.java:103) ~[?:?]
	at java.base/java.lang.reflect.Method.invoke(Method.java:580) ~[?:?]
	at org.testng.internal.MethodInvocationHelper.invokeMethod(MethodInvocationHelper.java:133) ~[testng-7.4.0.jar:7.4.0]
	at org.testng.internal.TestInvoker.invokeMethod(TestInvoker.java:598) ~[testng-7.4.0.jar:7.4.0]
	at org.testng.internal.TestInvoker.invokeTestMethod(TestInvoker.java:173) ~[testng-7.4.0.jar:7.4.0]
	at org.testng.internal.MethodRunner.runInSequence(MethodRunner.java:46) ~[testng-7.4.0.jar:7.4.0]
	at org.testng.internal.TestInvoker$MethodInvocationAgent.invoke(TestInvoker.java:824) ~[testng-7.4.0.jar:7.4.0]
	at org.testng.internal.TestInvoker.invokeTestMethods(TestInvoker.java:146) ~[testng-7.4.0.jar:7.4.0]
	at org.testng.internal.TestMethodWorker.invokeTestMethods(TestMethodWorker.java:146) ~[testng-7.4.0.jar:7.4.0]
	at org.testng.internal.TestMethodWorker.run(TestMethodWorker.java:128) ~[testng-7.4.0.jar:7.4.0]
	at java.base/java.util.ArrayList.forEach(ArrayList.java:1596) [?:?]
	at org.testng.TestRunner.privateRun(TestRunner.java:794) [testng-7.4.0.jar:7.4.0]
	at org.testng.TestRunner.run(TestRunner.java:596) [testng-7.4.0.jar:7.4.0]
	at org.testng.SuiteRunner.runTest(SuiteRunner.java:377) [testng-7.4.0.jar:7.4.0]
	at org.testng.SuiteRunner.runSequentially(SuiteRunner.java:371) [testng-7.4.0.jar:7.4.0]
	at org.testng.SuiteRunner.privateRun(SuiteRunner.java:332) [testng-7.4.0.jar:7.4.0]
	at org.testng.SuiteRunner.run(SuiteRunner.java:276) [testng-7.4.0.jar:7.4.0]
	at org.testng.SuiteRunnerWorker.runSuite(SuiteRunnerWorker.java:53) [testng-7.4.0.jar:7.4.0]
	at org.testng.SuiteRunnerWorker.run(SuiteRunnerWorker.java:96) [testng-7.4.0.jar:7.4.0]
	at org.testng.TestNG.runSuitesSequentially(TestNG.java:1212) [testng-7.4.0.jar:7.4.0]
	at org.testng.TestNG.runSuitesLocally(TestNG.java:1134) [testng-7.4.0.jar:7.4.0]
	at org.testng.TestNG.runSuites(TestNG.java:1063) [testng-7.4.0.jar:7.4.0]
	at org.testng.TestNG.run(TestNG.java:1031) [testng-7.4.0.jar:7.4.0]
	at org.testng.remote.AbstractRemoteTestNG.run(AbstractRemoteTestNG.java:115) [testng-remote.jar:?]
	at org.testng.remote.RemoteTestNG.initAndRun(RemoteTestNG.java:293) [testng-remote.jar:?]
	at org.testng.remote.RemoteTestNG.main(RemoteTestNG.java:91) [testng-remote.jar:?]
13:09:00.943 [main] ERROR testcases.Basiccontrol - Error occurred in Textareadataentry method: 
org.openqa.selenium.ElementNotInteractableException: element not interactable: Element is not currently visible and may not be manipulated
  (Session info: chrome=137.0.7151.69)
Build info: version: '4.31.0', revision: '1ef9f18787*'
System info: os.name: 'Windows 11', os.arch: 'amd64', os.version: '10.0', java.version: '21.0.7'
Driver info: org.openqa.selenium.chrome.ChromeDriver
Command: [603b8ccc13ed8e25881b86ea189be94f, clickElement {id=f.119C3F83BEEC33AE855128F32C67E7B7.d.B2C3551F9892F28ADF56AA82C482352E.e.1155}]
Capabilities {acceptInsecureCerts: false, browserName: chrome, browserVersion: 137.0.7151.69, chrome: {chromedriverVersion: 137.0.7151.70 (dfa4dc56b2ab..., userDataDir: C:\Users\VSRIKA~1\AppData\L...}, fedcm:accounts: true, goog:chromeOptions: {debuggerAddress: localhost:57886}, networkConnectionEnabled: false, pageLoadStrategy: normal, platformName: windows, proxy: Proxy(), se:cdp: ws://localhost:57886/devtoo..., se:cdpVersion: 137.0.7151.69, setWindowRect: true, strictFileInteractability: false, timeouts: {implicit: 0, pageLoad: 300000, script: 30000}, unhandledPromptBehavior: dismiss and notify, webauthn:extension:credBlob: true, webauthn:extension:largeBlob: true, webauthn:extension:minPinLength: true, webauthn:extension:prf: true, webauthn:virtualAuthenticators: true}
Element: [[ChromeDriver: chrome on windows (603b8ccc13ed8e25881b86ea189be94f)] -> xpath: (//option[@class='ng-star-inserted'])[2]]
Session ID: 603b8ccc13ed8e25881b86ea189be94f
	at java.base/jdk.internal.reflect.DirectConstructorHandleAccessor.newInstance(DirectConstructorHandleAccessor.java:62) ~[?:?]
	at java.base/java.lang.reflect.Constructor.newInstanceWithCaller(Constructor.java:502) ~[?:?]
	at java.base/java.lang.reflect.Constructor.newInstance(Constructor.java:486) ~[?:?]
	at org.openqa.selenium.remote.ErrorCodec.decode(ErrorCodec.java:167) ~[selenium-remote-driver-4.31.0.jar:?]
	at org.openqa.selenium.remote.codec.w3c.W3CHttpResponseCodec.decode(W3CHttpResponseCodec.java:138) ~[selenium-remote-driver-4.31.0.jar:?]
	at org.openqa.selenium.remote.codec.w3c.W3CHttpResponseCodec.decode(W3CHttpResponseCodec.java:50) ~[selenium-remote-driver-4.31.0.jar:?]
	at org.openqa.selenium.remote.HttpCommandExecutor.execute(HttpCommandExecutor.java:215) ~[selenium-remote-driver-4.31.0.jar:?]
	at org.openqa.selenium.remote.service.DriverCommandExecutor.invokeExecute(DriverCommandExecutor.java:216) ~[selenium-remote-driver-4.31.0.jar:?]
	at org.openqa.selenium.remote.service.DriverCommandExecutor.execute(DriverCommandExecutor.java:174) ~[selenium-remote-driver-4.31.0.jar:?]
	at org.openqa.selenium.remote.RemoteWebDriver.execute(RemoteWebDriver.java:545) ~[selenium-remote-driver-4.31.0.jar:?]
	at org.openqa.selenium.remote.RemoteWebElement.execute(RemoteWebElement.java:223) ~[selenium-remote-driver-4.31.0.jar:?]
	at org.openqa.selenium.remote.RemoteWebElement.click(RemoteWebElement.java:76) ~[selenium-remote-driver-4.31.0.jar:?]
	at testcases.stepactionwithdataentries.Textareadataentry2(stepactionwithdataentries.java:215) ~[test-classes/:?]
	at java.base/jdk.internal.reflect.DirectMethodHandleAccessor.invoke(DirectMethodHandleAccessor.java:103) ~[?:?]
	at java.base/java.lang.reflect.Method.invoke(Method.java:580) ~[?:?]
	at org.testng.internal.MethodInvocationHelper.invokeMethod(MethodInvocationHelper.java:133) ~[testng-7.4.0.jar:7.4.0]
	at org.testng.internal.TestInvoker.invokeMethod(TestInvoker.java:598) ~[testng-7.4.0.jar:7.4.0]
	at org.testng.internal.TestInvoker.invokeTestMethod(TestInvoker.java:173) ~[testng-7.4.0.jar:7.4.0]
	at org.testng.internal.MethodRunner.runInSequence(MethodRunner.java:46) ~[testng-7.4.0.jar:7.4.0]
	at org.testng.internal.TestInvoker$MethodInvocationAgent.invoke(TestInvoker.java:824) ~[testng-7.4.0.jar:7.4.0]
	at org.testng.internal.TestInvoker.invokeTestMethods(TestInvoker.java:146) ~[testng-7.4.0.jar:7.4.0]
	at org.testng.internal.TestMethodWorker.invokeTestMethods(TestMethodWorker.java:146) ~[testng-7.4.0.jar:7.4.0]
	at org.testng.internal.TestMethodWorker.run(TestMethodWorker.java:128) ~[testng-7.4.0.jar:7.4.0]
	at java.base/java.util.ArrayList.forEach(ArrayList.java:1596) [?:?]
	at org.testng.TestRunner.privateRun(TestRunner.java:794) [testng-7.4.0.jar:7.4.0]
	at org.testng.TestRunner.run(TestRunner.java:596) [testng-7.4.0.jar:7.4.0]
	at org.testng.SuiteRunner.runTest(SuiteRunner.java:377) [testng-7.4.0.jar:7.4.0]
	at org.testng.SuiteRunner.runSequentially(SuiteRunner.java:371) [testng-7.4.0.jar:7.4.0]
	at org.testng.SuiteRunner.privateRun(SuiteRunner.java:332) [testng-7.4.0.jar:7.4.0]
	at org.testng.SuiteRunner.run(SuiteRunner.java:276) [testng-7.4.0.jar:7.4.0]
	at org.testng.SuiteRunnerWorker.runSuite(SuiteRunnerWorker.java:53) [testng-7.4.0.jar:7.4.0]
	at org.testng.SuiteRunnerWorker.run(SuiteRunnerWorker.java:96) [testng-7.4.0.jar:7.4.0]
	at org.testng.TestNG.runSuitesSequentially(TestNG.java:1212) [testng-7.4.0.jar:7.4.0]
	at org.testng.TestNG.runSuitesLocally(TestNG.java:1134) [testng-7.4.0.jar:7.4.0]
	at org.testng.TestNG.runSuites(TestNG.java:1063) [testng-7.4.0.jar:7.4.0]
	at org.testng.TestNG.run(TestNG.java:1031) [testng-7.4.0.jar:7.4.0]
	at org.testng.remote.AbstractRemoteTestNG.run(AbstractRemoteTestNG.java:115) [testng-remote.jar:?]
	at org.testng.remote.RemoteTestNG.initAndRun(RemoteTestNG.java:293) [testng-remote.jar:?]
	at org.testng.remote.RemoteTestNG.main(RemoteTestNG.java:91) [testng-remote.jar:?]
13:09:05.621 [main] ERROR testcases.Basiccontrol - Error occurred in Numberdataentry method: 
org.openqa.selenium.ElementNotInteractableException: element not interactable: Element is not currently visible and may not be manipulated
  (Session info: chrome=137.0.7151.69)
Build info: version: '4.31.0', revision: '1ef9f18787*'
System info: os.name: 'Windows 11', os.arch: 'amd64', os.version: '10.0', java.version: '21.0.7'
Driver info: org.openqa.selenium.chrome.ChromeDriver
Command: [603b8ccc13ed8e25881b86ea189be94f, clickElement {id=f.119C3F83BEEC33AE855128F32C67E7B7.d.B2C3551F9892F28ADF56AA82C482352E.e.1157}]
Capabilities {acceptInsecureCerts: false, browserName: chrome, browserVersion: 137.0.7151.69, chrome: {chromedriverVersion: 137.0.7151.70 (dfa4dc56b2ab..., userDataDir: C:\Users\VSRIKA~1\AppData\L...}, fedcm:accounts: true, goog:chromeOptions: {debuggerAddress: localhost:57886}, networkConnectionEnabled: false, pageLoadStrategy: normal, platformName: windows, proxy: Proxy(), se:cdp: ws://localhost:57886/devtoo..., se:cdpVersion: 137.0.7151.69, setWindowRect: true, strictFileInteractability: false, timeouts: {implicit: 0, pageLoad: 300000, script: 30000}, unhandledPromptBehavior: dismiss and notify, webauthn:extension:credBlob: true, webauthn:extension:largeBlob: true, webauthn:extension:minPinLength: true, webauthn:extension:prf: true, webauthn:virtualAuthenticators: true}
Element: [[ChromeDriver: chrome on windows (603b8ccc13ed8e25881b86ea189be94f)] -> xpath: (//option[@class='ng-star-inserted'])[3]]
Session ID: 603b8ccc13ed8e25881b86ea189be94f
	at java.base/jdk.internal.reflect.DirectConstructorHandleAccessor.newInstance(DirectConstructorHandleAccessor.java:62) ~[?:?]
	at java.base/java.lang.reflect.Constructor.newInstanceWithCaller(Constructor.java:502) ~[?:?]
	at java.base/java.lang.reflect.Constructor.newInstance(Constructor.java:486) ~[?:?]
	at org.openqa.selenium.remote.ErrorCodec.decode(ErrorCodec.java:167) ~[selenium-remote-driver-4.31.0.jar:?]
	at org.openqa.selenium.remote.codec.w3c.W3CHttpResponseCodec.decode(W3CHttpResponseCodec.java:138) ~[selenium-remote-driver-4.31.0.jar:?]
	at org.openqa.selenium.remote.codec.w3c.W3CHttpResponseCodec.decode(W3CHttpResponseCodec.java:50) ~[selenium-remote-driver-4.31.0.jar:?]
	at org.openqa.selenium.remote.HttpCommandExecutor.execute(HttpCommandExecutor.java:215) ~[selenium-remote-driver-4.31.0.jar:?]
	at org.openqa.selenium.remote.service.DriverCommandExecutor.invokeExecute(DriverCommandExecutor.java:216) ~[selenium-remote-driver-4.31.0.jar:?]
	at org.openqa.selenium.remote.service.DriverCommandExecutor.execute(DriverCommandExecutor.java:174) ~[selenium-remote-driver-4.31.0.jar:?]
	at org.openqa.selenium.remote.RemoteWebDriver.execute(RemoteWebDriver.java:545) ~[selenium-remote-driver-4.31.0.jar:?]
	at org.openqa.selenium.remote.RemoteWebElement.execute(RemoteWebElement.java:223) ~[selenium-remote-driver-4.31.0.jar:?]
	at org.openqa.selenium.remote.RemoteWebElement.click(RemoteWebElement.java:76) ~[selenium-remote-driver-4.31.0.jar:?]
	at testcases.stepactionwithdataentries.Numberdataentry2(stepactionwithdataentries.java:234) ~[test-classes/:?]
	at java.base/jdk.internal.reflect.DirectMethodHandleAccessor.invoke(DirectMethodHandleAccessor.java:103) ~[?:?]
	at java.base/java.lang.reflect.Method.invoke(Method.java:580) ~[?:?]
	at org.testng.internal.MethodInvocationHelper.invokeMethod(MethodInvocationHelper.java:133) ~[testng-7.4.0.jar:7.4.0]
	at org.testng.internal.TestInvoker.invokeMethod(TestInvoker.java:598) ~[testng-7.4.0.jar:7.4.0]
	at org.testng.internal.TestInvoker.invokeTestMethod(TestInvoker.java:173) ~[testng-7.4.0.jar:7.4.0]
	at org.testng.internal.MethodRunner.runInSequence(MethodRunner.java:46) ~[testng-7.4.0.jar:7.4.0]
	at org.testng.internal.TestInvoker$MethodInvocationAgent.invoke(TestInvoker.java:824) ~[testng-7.4.0.jar:7.4.0]
	at org.testng.internal.TestInvoker.invokeTestMethods(TestInvoker.java:146) ~[testng-7.4.0.jar:7.4.0]
	at org.testng.internal.TestMethodWorker.invokeTestMethods(TestMethodWorker.java:146) ~[testng-7.4.0.jar:7.4.0]
	at org.testng.internal.TestMethodWorker.run(TestMethodWorker.java:128) ~[testng-7.4.0.jar:7.4.0]
	at java.base/java.util.ArrayList.forEach(ArrayList.java:1596) [?:?]
	at org.testng.TestRunner.privateRun(TestRunner.java:794) [testng-7.4.0.jar:7.4.0]
	at org.testng.TestRunner.run(TestRunner.java:596) [testng-7.4.0.jar:7.4.0]
	at org.testng.SuiteRunner.runTest(SuiteRunner.java:377) [testng-7.4.0.jar:7.4.0]
	at org.testng.SuiteRunner.runSequentially(SuiteRunner.java:371) [testng-7.4.0.jar:7.4.0]
	at org.testng.SuiteRunner.privateRun(SuiteRunner.java:332) [testng-7.4.0.jar:7.4.0]
	at org.testng.SuiteRunner.run(SuiteRunner.java:276) [testng-7.4.0.jar:7.4.0]
	at org.testng.SuiteRunnerWorker.runSuite(SuiteRunnerWorker.java:53) [testng-7.4.0.jar:7.4.0]
	at org.testng.SuiteRunnerWorker.run(SuiteRunnerWorker.java:96) [testng-7.4.0.jar:7.4.0]
	at org.testng.TestNG.runSuitesSequentially(TestNG.java:1212) [testng-7.4.0.jar:7.4.0]
	at org.testng.TestNG.runSuitesLocally(TestNG.java:1134) [testng-7.4.0.jar:7.4.0]
	at org.testng.TestNG.runSuites(TestNG.java:1063) [testng-7.4.0.jar:7.4.0]
	at org.testng.TestNG.run(TestNG.java:1031) [testng-7.4.0.jar:7.4.0]
	at org.testng.remote.AbstractRemoteTestNG.run(AbstractRemoteTestNG.java:115) [testng-remote.jar:?]
	at org.testng.remote.RemoteTestNG.initAndRun(RemoteTestNG.java:293) [testng-remote.jar:?]
	at org.testng.remote.RemoteTestNG.main(RemoteTestNG.java:91) [testng-remote.jar:?]
13:09:06.225 [main] ERROR testcases.Basiccontrol - Error occurred in Column4 method: 
org.openqa.selenium.NoSuchElementException: no such element: Unable to locate element: {"method":"xpath","selector":"(//td[@class='text-center'])[4]"}
  (Session info: chrome=137.0.7151.69)
For documentation on this error, please visit: https://www.selenium.dev/documentation/webdriver/troubleshooting/errors#no-such-element-exception
Build info: version: '4.31.0', revision: '1ef9f18787*'
System info: os.name: 'Windows 11', os.arch: 'amd64', os.version: '10.0', java.version: '21.0.7'
Driver info: org.openqa.selenium.chrome.ChromeDriver
Command: [603b8ccc13ed8e25881b86ea189be94f, findElement {using=xpath, value=(//td[@class='text-center'])[4]}]
Capabilities {acceptInsecureCerts: false, browserName: chrome, browserVersion: 137.0.7151.69, chrome: {chromedriverVersion: 137.0.7151.70 (dfa4dc56b2ab..., userDataDir: C:\Users\VSRIKA~1\AppData\L...}, fedcm:accounts: true, goog:chromeOptions: {debuggerAddress: localhost:57886}, networkConnectionEnabled: false, pageLoadStrategy: normal, platformName: windows, proxy: Proxy(), se:cdp: ws://localhost:57886/devtoo..., se:cdpVersion: 137.0.7151.69, setWindowRect: true, strictFileInteractability: false, timeouts: {implicit: 0, pageLoad: 300000, script: 30000}, unhandledPromptBehavior: dismiss and notify, webauthn:extension:credBlob: true, webauthn:extension:largeBlob: true, webauthn:extension:minPinLength: true, webauthn:extension:prf: true, webauthn:virtualAuthenticators: true}
Session ID: 603b8ccc13ed8e25881b86ea189be94f
	at java.base/jdk.internal.reflect.DirectConstructorHandleAccessor.newInstance(DirectConstructorHandleAccessor.java:62) ~[?:?]
	at java.base/java.lang.reflect.Constructor.newInstanceWithCaller(Constructor.java:502) ~[?:?]
	at java.base/java.lang.reflect.Constructor.newInstance(Constructor.java:486) ~[?:?]
	at org.openqa.selenium.remote.ErrorCodec.decode(ErrorCodec.java:167) ~[selenium-remote-driver-4.31.0.jar:?]
	at org.openqa.selenium.remote.codec.w3c.W3CHttpResponseCodec.decode(W3CHttpResponseCodec.java:138) ~[selenium-remote-driver-4.31.0.jar:?]
	at org.openqa.selenium.remote.codec.w3c.W3CHttpResponseCodec.decode(W3CHttpResponseCodec.java:50) ~[selenium-remote-driver-4.31.0.jar:?]
	at org.openqa.selenium.remote.HttpCommandExecutor.execute(HttpCommandExecutor.java:215) ~[selenium-remote-driver-4.31.0.jar:?]
	at org.openqa.selenium.remote.service.DriverCommandExecutor.invokeExecute(DriverCommandExecutor.java:216) ~[selenium-remote-driver-4.31.0.jar:?]
	at org.openqa.selenium.remote.service.DriverCommandExecutor.execute(DriverCommandExecutor.java:174) ~[selenium-remote-driver-4.31.0.jar:?]
	at org.openqa.selenium.remote.RemoteWebDriver.execute(RemoteWebDriver.java:545) ~[selenium-remote-driver-4.31.0.jar:?]
	at org.openqa.selenium.remote.ElementLocation$ElementFinder$2.findElement(ElementLocation.java:165) ~[selenium-remote-driver-4.31.0.jar:?]
	at org.openqa.selenium.remote.ElementLocation.findElement(ElementLocation.java:59) ~[selenium-remote-driver-4.31.0.jar:?]
	at org.openqa.selenium.remote.RemoteWebDriver.findElement(RemoteWebDriver.java:368) ~[selenium-remote-driver-4.31.0.jar:?]
	at org.openqa.selenium.remote.RemoteWebDriver.findElement(RemoteWebDriver.java:362) ~[selenium-remote-driver-4.31.0.jar:?]
	at testcases.stepactionwithdataentries.Column4(stepactionwithdataentries.java:242) ~[test-classes/:?]
	at java.base/jdk.internal.reflect.DirectMethodHandleAccessor.invoke(DirectMethodHandleAccessor.java:103) ~[?:?]
	at java.base/java.lang.reflect.Method.invoke(Method.java:580) ~[?:?]
	at org.testng.internal.MethodInvocationHelper.invokeMethod(MethodInvocationHelper.java:133) ~[testng-7.4.0.jar:7.4.0]
	at org.testng.internal.TestInvoker.invokeMethod(TestInvoker.java:598) ~[testng-7.4.0.jar:7.4.0]
	at org.testng.internal.TestInvoker.invokeTestMethod(TestInvoker.java:173) ~[testng-7.4.0.jar:7.4.0]
	at org.testng.internal.MethodRunner.runInSequence(MethodRunner.java:46) ~[testng-7.4.0.jar:7.4.0]
	at org.testng.internal.TestInvoker$MethodInvocationAgent.invoke(TestInvoker.java:824) ~[testng-7.4.0.jar:7.4.0]
	at org.testng.internal.TestInvoker.invokeTestMethods(TestInvoker.java:146) ~[testng-7.4.0.jar:7.4.0]
	at org.testng.internal.TestMethodWorker.invokeTestMethods(TestMethodWorker.java:146) ~[testng-7.4.0.jar:7.4.0]
	at org.testng.internal.TestMethodWorker.run(TestMethodWorker.java:128) ~[testng-7.4.0.jar:7.4.0]
	at java.base/java.util.ArrayList.forEach(ArrayList.java:1596) [?:?]
	at org.testng.TestRunner.privateRun(TestRunner.java:794) [testng-7.4.0.jar:7.4.0]
	at org.testng.TestRunner.run(TestRunner.java:596) [testng-7.4.0.jar:7.4.0]
	at org.testng.SuiteRunner.runTest(SuiteRunner.java:377) [testng-7.4.0.jar:7.4.0]
	at org.testng.SuiteRunner.runSequentially(SuiteRunner.java:371) [testng-7.4.0.jar:7.4.0]
	at org.testng.SuiteRunner.privateRun(SuiteRunner.java:332) [testng-7.4.0.jar:7.4.0]
	at org.testng.SuiteRunner.run(SuiteRunner.java:276) [testng-7.4.0.jar:7.4.0]
	at org.testng.SuiteRunnerWorker.runSuite(SuiteRunnerWorker.java:53) [testng-7.4.0.jar:7.4.0]
	at org.testng.SuiteRunnerWorker.run(SuiteRunnerWorker.java:96) [testng-7.4.0.jar:7.4.0]
	at org.testng.TestNG.runSuitesSequentially(TestNG.java:1212) [testng-7.4.0.jar:7.4.0]
	at org.testng.TestNG.runSuitesLocally(TestNG.java:1134) [testng-7.4.0.jar:7.4.0]
	at org.testng.TestNG.runSuites(TestNG.java:1063) [testng-7.4.0.jar:7.4.0]
	at org.testng.TestNG.run(TestNG.java:1031) [testng-7.4.0.jar:7.4.0]
	at org.testng.remote.AbstractRemoteTestNG.run(AbstractRemoteTestNG.java:115) [testng-remote.jar:?]
	at org.testng.remote.RemoteTestNG.initAndRun(RemoteTestNG.java:293) [testng-remote.jar:?]
	at org.testng.remote.RemoteTestNG.main(RemoteTestNG.java:91) [testng-remote.jar:?]
13:09:15.431 [main] ERROR testcases.Basiccontrol - Error occurred in Datatypedropdown3 method: 
org.openqa.selenium.NoSuchElementException: Cannot locate option with index: 3
For documentation on this error, please visit: https://www.selenium.dev/documentation/webdriver/troubleshooting/errors#no-such-element-exception
Build info: version: '4.31.0', revision: '1ef9f18787*'
System info: os.name: 'Windows 11', os.arch: 'amd64', os.version: '10.0', java.version: '21.0.7'
Driver info: driver.version: unknown
	at org.openqa.selenium.support.ui.Select.setSelectedByIndex(Select.java:407) ~[selenium-support-4.31.0.jar:?]
	at org.openqa.selenium.support.ui.Select.selectByIndex(Select.java:262) ~[selenium-support-4.31.0.jar:?]
	at testcases.stepactionwithdataentries.Datatypedropdown2(stepactionwithdataentries.java:253) ~[test-classes/:?]
	at java.base/jdk.internal.reflect.DirectMethodHandleAccessor.invoke(DirectMethodHandleAccessor.java:103) ~[?:?]
	at java.base/java.lang.reflect.Method.invoke(Method.java:580) ~[?:?]
	at org.testng.internal.MethodInvocationHelper.invokeMethod(MethodInvocationHelper.java:133) ~[testng-7.4.0.jar:7.4.0]
	at org.testng.internal.TestInvoker.invokeMethod(TestInvoker.java:598) ~[testng-7.4.0.jar:7.4.0]
	at org.testng.internal.TestInvoker.invokeTestMethod(TestInvoker.java:173) ~[testng-7.4.0.jar:7.4.0]
	at org.testng.internal.MethodRunner.runInSequence(MethodRunner.java:46) ~[testng-7.4.0.jar:7.4.0]
	at org.testng.internal.TestInvoker$MethodInvocationAgent.invoke(TestInvoker.java:824) ~[testng-7.4.0.jar:7.4.0]
	at org.testng.internal.TestInvoker.invokeTestMethods(TestInvoker.java:146) ~[testng-7.4.0.jar:7.4.0]
	at org.testng.internal.TestMethodWorker.invokeTestMethods(TestMethodWorker.java:146) ~[testng-7.4.0.jar:7.4.0]
	at org.testng.internal.TestMethodWorker.run(TestMethodWorker.java:128) ~[testng-7.4.0.jar:7.4.0]
	at java.base/java.util.ArrayList.forEach(ArrayList.java:1596) [?:?]
	at org.testng.TestRunner.privateRun(TestRunner.java:794) [testng-7.4.0.jar:7.4.0]
	at org.testng.TestRunner.run(TestRunner.java:596) [testng-7.4.0.jar:7.4.0]
	at org.testng.SuiteRunner.runTest(SuiteRunner.java:377) [testng-7.4.0.jar:7.4.0]
	at org.testng.SuiteRunner.runSequentially(SuiteRunner.java:371) [testng-7.4.0.jar:7.4.0]
	at org.testng.SuiteRunner.privateRun(SuiteRunner.java:332) [testng-7.4.0.jar:7.4.0]
	at org.testng.SuiteRunner.run(SuiteRunner.java:276) [testng-7.4.0.jar:7.4.0]
	at org.testng.SuiteRunnerWorker.runSuite(SuiteRunnerWorker.java:53) [testng-7.4.0.jar:7.4.0]
	at org.testng.SuiteRunnerWorker.run(SuiteRunnerWorker.java:96) [testng-7.4.0.jar:7.4.0]
	at org.testng.TestNG.runSuitesSequentially(TestNG.java:1212) [testng-7.4.0.jar:7.4.0]
	at org.testng.TestNG.runSuitesLocally(TestNG.java:1134) [testng-7.4.0.jar:7.4.0]
	at org.testng.TestNG.runSuites(TestNG.java:1063) [testng-7.4.0.jar:7.4.0]
	at org.testng.TestNG.run(TestNG.java:1031) [testng-7.4.0.jar:7.4.0]
	at org.testng.remote.AbstractRemoteTestNG.run(AbstractRemoteTestNG.java:115) [testng-remote.jar:?]
	at org.testng.remote.RemoteTestNG.initAndRun(RemoteTestNG.java:293) [testng-remote.jar:?]
	at org.testng.remote.RemoteTestNG.main(RemoteTestNG.java:91) [testng-remote.jar:?]
13:09:17.658 [main] ERROR testcases.Basiccontrol - Error occurred in Datedataentry method: 
org.openqa.selenium.NoSuchElementException: no such element: Unable to locate element: {"method":"xpath","selector":"//option[@value='DateDataEntry']"}
  (Session info: chrome=137.0.7151.69)
For documentation on this error, please visit: https://www.selenium.dev/documentation/webdriver/troubleshooting/errors#no-such-element-exception
Build info: version: '4.31.0', revision: '1ef9f18787*'
System info: os.name: 'Windows 11', os.arch: 'amd64', os.version: '10.0', java.version: '21.0.7'
Driver info: org.openqa.selenium.chrome.ChromeDriver
Command: [603b8ccc13ed8e25881b86ea189be94f, findElement {using=xpath, value=//option[@value='DateDataEntry']}]
Capabilities {acceptInsecureCerts: false, browserName: chrome, browserVersion: 137.0.7151.69, chrome: {chromedriverVersion: 137.0.7151.70 (dfa4dc56b2ab..., userDataDir: C:\Users\VSRIKA~1\AppData\L...}, fedcm:accounts: true, goog:chromeOptions: {debuggerAddress: localhost:57886}, networkConnectionEnabled: false, pageLoadStrategy: normal, platformName: windows, proxy: Proxy(), se:cdp: ws://localhost:57886/devtoo..., se:cdpVersion: 137.0.7151.69, setWindowRect: true, strictFileInteractability: false, timeouts: {implicit: 0, pageLoad: 300000, script: 30000}, unhandledPromptBehavior: dismiss and notify, webauthn:extension:credBlob: true, webauthn:extension:largeBlob: true, webauthn:extension:minPinLength: true, webauthn:extension:prf: true, webauthn:virtualAuthenticators: true}
Session ID: 603b8ccc13ed8e25881b86ea189be94f
	at java.base/jdk.internal.reflect.DirectConstructorHandleAccessor.newInstance(DirectConstructorHandleAccessor.java:62) ~[?:?]
	at java.base/java.lang.reflect.Constructor.newInstanceWithCaller(Constructor.java:502) ~[?:?]
	at java.base/java.lang.reflect.Constructor.newInstance(Constructor.java:486) ~[?:?]
	at org.openqa.selenium.remote.ErrorCodec.decode(ErrorCodec.java:167) ~[selenium-remote-driver-4.31.0.jar:?]
	at org.openqa.selenium.remote.codec.w3c.W3CHttpResponseCodec.decode(W3CHttpResponseCodec.java:138) ~[selenium-remote-driver-4.31.0.jar:?]
	at org.openqa.selenium.remote.codec.w3c.W3CHttpResponseCodec.decode(W3CHttpResponseCodec.java:50) ~[selenium-remote-driver-4.31.0.jar:?]
	at org.openqa.selenium.remote.HttpCommandExecutor.execute(HttpCommandExecutor.java:215) ~[selenium-remote-driver-4.31.0.jar:?]
	at org.openqa.selenium.remote.service.DriverCommandExecutor.invokeExecute(DriverCommandExecutor.java:216) ~[selenium-remote-driver-4.31.0.jar:?]
	at org.openqa.selenium.remote.service.DriverCommandExecutor.execute(DriverCommandExecutor.java:174) ~[selenium-remote-driver-4.31.0.jar:?]
	at org.openqa.selenium.remote.RemoteWebDriver.execute(RemoteWebDriver.java:545) ~[selenium-remote-driver-4.31.0.jar:?]
	at org.openqa.selenium.remote.ElementLocation$ElementFinder$2.findElement(ElementLocation.java:165) ~[selenium-remote-driver-4.31.0.jar:?]
	at org.openqa.selenium.remote.ElementLocation.findElement(ElementLocation.java:59) ~[selenium-remote-driver-4.31.0.jar:?]
	at org.openqa.selenium.remote.RemoteWebDriver.findElement(RemoteWebDriver.java:368) ~[selenium-remote-driver-4.31.0.jar:?]
	at org.openqa.selenium.remote.RemoteWebDriver.findElement(RemoteWebDriver.java:362) ~[selenium-remote-driver-4.31.0.jar:?]
	at testcases.stepactionwithdataentries.Datedataentry2(stepactionwithdataentries.java:259) ~[test-classes/:?]
	at java.base/jdk.internal.reflect.DirectMethodHandleAccessor.invoke(DirectMethodHandleAccessor.java:103) ~[?:?]
	at java.base/java.lang.reflect.Method.invoke(Method.java:580) ~[?:?]
	at org.testng.internal.MethodInvocationHelper.invokeMethod(MethodInvocationHelper.java:133) ~[testng-7.4.0.jar:7.4.0]
	at org.testng.internal.TestInvoker.invokeMethod(TestInvoker.java:598) ~[testng-7.4.0.jar:7.4.0]
	at org.testng.internal.TestInvoker.invokeTestMethod(TestInvoker.java:173) ~[testng-7.4.0.jar:7.4.0]
	at org.testng.internal.MethodRunner.runInSequence(MethodRunner.java:46) ~[testng-7.4.0.jar:7.4.0]
	at org.testng.internal.TestInvoker$MethodInvocationAgent.invoke(TestInvoker.java:824) ~[testng-7.4.0.jar:7.4.0]
	at org.testng.internal.TestInvoker.invokeTestMethods(TestInvoker.java:146) ~[testng-7.4.0.jar:7.4.0]
	at org.testng.internal.TestMethodWorker.invokeTestMethods(TestMethodWorker.java:146) ~[testng-7.4.0.jar:7.4.0]
	at org.testng.internal.TestMethodWorker.run(TestMethodWorker.java:128) ~[testng-7.4.0.jar:7.4.0]
	at java.base/java.util.ArrayList.forEach(ArrayList.java:1596) [?:?]
	at org.testng.TestRunner.privateRun(TestRunner.java:794) [testng-7.4.0.jar:7.4.0]
	at org.testng.TestRunner.run(TestRunner.java:596) [testng-7.4.0.jar:7.4.0]
	at org.testng.SuiteRunner.runTest(SuiteRunner.java:377) [testng-7.4.0.jar:7.4.0]
	at org.testng.SuiteRunner.runSequentially(SuiteRunner.java:371) [testng-7.4.0.jar:7.4.0]
	at org.testng.SuiteRunner.privateRun(SuiteRunner.java:332) [testng-7.4.0.jar:7.4.0]
	at org.testng.SuiteRunner.run(SuiteRunner.java:276) [testng-7.4.0.jar:7.4.0]
	at org.testng.SuiteRunnerWorker.runSuite(SuiteRunnerWorker.java:53) [testng-7.4.0.jar:7.4.0]
	at org.testng.SuiteRunnerWorker.run(SuiteRunnerWorker.java:96) [testng-7.4.0.jar:7.4.0]
	at org.testng.TestNG.runSuitesSequentially(TestNG.java:1212) [testng-7.4.0.jar:7.4.0]
	at org.testng.TestNG.runSuitesLocally(TestNG.java:1134) [testng-7.4.0.jar:7.4.0]
	at org.testng.TestNG.runSuites(TestNG.java:1063) [testng-7.4.0.jar:7.4.0]
	at org.testng.TestNG.run(TestNG.java:1031) [testng-7.4.0.jar:7.4.0]
	at org.testng.remote.AbstractRemoteTestNG.run(AbstractRemoteTestNG.java:115) [testng-remote.jar:?]
	at org.testng.remote.RemoteTestNG.initAndRun(RemoteTestNG.java:293) [testng-remote.jar:?]
	at org.testng.remote.RemoteTestNG.main(RemoteTestNG.java:91) [testng-remote.jar:?]
13:09:25.803 [main] ERROR testcases.Basiccontrol - Error occurred in Column5 method: 
org.openqa.selenium.NoSuchElementException: no such element: Unable to locate element: {"method":"xpath","selector":"(//td[normalize-space()='5'])[1]"}
  (Session info: chrome=137.0.7151.69)
For documentation on this error, please visit: https://www.selenium.dev/documentation/webdriver/troubleshooting/errors#no-such-element-exception
Build info: version: '4.31.0', revision: '1ef9f18787*'
System info: os.name: 'Windows 11', os.arch: 'amd64', os.version: '10.0', java.version: '21.0.7'
Driver info: org.openqa.selenium.chrome.ChromeDriver
Command: [603b8ccc13ed8e25881b86ea189be94f, findElement {using=xpath, value=(//td[normalize-space()='5'])[1]}]
Capabilities {acceptInsecureCerts: false, browserName: chrome, browserVersion: 137.0.7151.69, chrome: {chromedriverVersion: 137.0.7151.70 (dfa4dc56b2ab..., userDataDir: C:\Users\VSRIKA~1\AppData\L...}, fedcm:accounts: true, goog:chromeOptions: {debuggerAddress: localhost:57886}, networkConnectionEnabled: false, pageLoadStrategy: normal, platformName: windows, proxy: Proxy(), se:cdp: ws://localhost:57886/devtoo..., se:cdpVersion: 137.0.7151.69, setWindowRect: true, strictFileInteractability: false, timeouts: {implicit: 0, pageLoad: 300000, script: 30000}, unhandledPromptBehavior: dismiss and notify, webauthn:extension:credBlob: true, webauthn:extension:largeBlob: true, webauthn:extension:minPinLength: true, webauthn:extension:prf: true, webauthn:virtualAuthenticators: true}
Session ID: 603b8ccc13ed8e25881b86ea189be94f
	at java.base/jdk.internal.reflect.DirectConstructorHandleAccessor.newInstance(DirectConstructorHandleAccessor.java:62) ~[?:?]
	at java.base/java.lang.reflect.Constructor.newInstanceWithCaller(Constructor.java:502) ~[?:?]
	at java.base/java.lang.reflect.Constructor.newInstance(Constructor.java:486) ~[?:?]
	at org.openqa.selenium.remote.ErrorCodec.decode(ErrorCodec.java:167) ~[selenium-remote-driver-4.31.0.jar:?]
	at org.openqa.selenium.remote.codec.w3c.W3CHttpResponseCodec.decode(W3CHttpResponseCodec.java:138) ~[selenium-remote-driver-4.31.0.jar:?]
	at org.openqa.selenium.remote.codec.w3c.W3CHttpResponseCodec.decode(W3CHttpResponseCodec.java:50) ~[selenium-remote-driver-4.31.0.jar:?]
	at org.openqa.selenium.remote.HttpCommandExecutor.execute(HttpCommandExecutor.java:215) ~[selenium-remote-driver-4.31.0.jar:?]
	at org.openqa.selenium.remote.service.DriverCommandExecutor.invokeExecute(DriverCommandExecutor.java:216) ~[selenium-remote-driver-4.31.0.jar:?]
	at org.openqa.selenium.remote.service.DriverCommandExecutor.execute(DriverCommandExecutor.java:174) ~[selenium-remote-driver-4.31.0.jar:?]
	at org.openqa.selenium.remote.RemoteWebDriver.execute(RemoteWebDriver.java:545) ~[selenium-remote-driver-4.31.0.jar:?]
	at org.openqa.selenium.remote.ElementLocation$ElementFinder$2.findElement(ElementLocation.java:165) ~[selenium-remote-driver-4.31.0.jar:?]
	at org.openqa.selenium.remote.ElementLocation.findElement(ElementLocation.java:59) ~[selenium-remote-driver-4.31.0.jar:?]
	at org.openqa.selenium.remote.RemoteWebDriver.findElement(RemoteWebDriver.java:368) ~[selenium-remote-driver-4.31.0.jar:?]
	at org.openqa.selenium.remote.RemoteWebDriver.findElement(RemoteWebDriver.java:362) ~[selenium-remote-driver-4.31.0.jar:?]
	at testcases.stepactionwithdataentries.Column5(stepactionwithdataentries.java:268) ~[test-classes/:?]
	at java.base/jdk.internal.reflect.DirectMethodHandleAccessor.invoke(DirectMethodHandleAccessor.java:103) ~[?:?]
	at java.base/java.lang.reflect.Method.invoke(Method.java:580) ~[?:?]
	at org.testng.internal.MethodInvocationHelper.invokeMethod(MethodInvocationHelper.java:133) ~[testng-7.4.0.jar:7.4.0]
	at org.testng.internal.TestInvoker.invokeMethod(TestInvoker.java:598) ~[testng-7.4.0.jar:7.4.0]
	at org.testng.internal.TestInvoker.invokeTestMethod(TestInvoker.java:173) ~[testng-7.4.0.jar:7.4.0]
	at org.testng.internal.MethodRunner.runInSequence(MethodRunner.java:46) ~[testng-7.4.0.jar:7.4.0]
	at org.testng.internal.TestInvoker$MethodInvocationAgent.invoke(TestInvoker.java:824) ~[testng-7.4.0.jar:7.4.0]
	at org.testng.internal.TestInvoker.invokeTestMethods(TestInvoker.java:146) ~[testng-7.4.0.jar:7.4.0]
	at org.testng.internal.TestMethodWorker.invokeTestMethods(TestMethodWorker.java:146) ~[testng-7.4.0.jar:7.4.0]
	at org.testng.internal.TestMethodWorker.run(TestMethodWorker.java:128) ~[testng-7.4.0.jar:7.4.0]
	at java.base/java.util.ArrayList.forEach(ArrayList.java:1596) [?:?]
	at org.testng.TestRunner.privateRun(TestRunner.java:794) [testng-7.4.0.jar:7.4.0]
	at org.testng.TestRunner.run(TestRunner.java:596) [testng-7.4.0.jar:7.4.0]
	at org.testng.SuiteRunner.runTest(SuiteRunner.java:377) [testng-7.4.0.jar:7.4.0]
	at org.testng.SuiteRunner.runSequentially(SuiteRunner.java:371) [testng-7.4.0.jar:7.4.0]
	at org.testng.SuiteRunner.privateRun(SuiteRunner.java:332) [testng-7.4.0.jar:7.4.0]
	at org.testng.SuiteRunner.run(SuiteRunner.java:276) [testng-7.4.0.jar:7.4.0]
	at org.testng.SuiteRunnerWorker.runSuite(SuiteRunnerWorker.java:53) [testng-7.4.0.jar:7.4.0]
	at org.testng.SuiteRunnerWorker.run(SuiteRunnerWorker.java:96) [testng-7.4.0.jar:7.4.0]
	at org.testng.TestNG.runSuitesSequentially(TestNG.java:1212) [testng-7.4.0.jar:7.4.0]
	at org.testng.TestNG.runSuitesLocally(TestNG.java:1134) [testng-7.4.0.jar:7.4.0]
	at org.testng.TestNG.runSuites(TestNG.java:1063) [testng-7.4.0.jar:7.4.0]
	at org.testng.TestNG.run(TestNG.java:1031) [testng-7.4.0.jar:7.4.0]
	at org.testng.remote.AbstractRemoteTestNG.run(AbstractRemoteTestNG.java:115) [testng-remote.jar:?]
	at org.testng.remote.RemoteTestNG.initAndRun(RemoteTestNG.java:293) [testng-remote.jar:?]
	at org.testng.remote.RemoteTestNG.main(RemoteTestNG.java:91) [testng-remote.jar:?]
13:09:28.491 [main] ERROR testcases.Basiccontrol - Error occurred in Datatypedropdown4 method: 
org.openqa.selenium.NoSuchElementException: Cannot locate option with index: 4
For documentation on this error, please visit: https://www.selenium.dev/documentation/webdriver/troubleshooting/errors#no-such-element-exception
Build info: version: '4.31.0', revision: '1ef9f18787*'
System info: os.name: 'Windows 11', os.arch: 'amd64', os.version: '10.0', java.version: '21.0.7'
Driver info: driver.version: unknown
	at org.openqa.selenium.support.ui.Select.setSelectedByIndex(Select.java:407) ~[selenium-support-4.31.0.jar:?]
	at org.openqa.selenium.support.ui.Select.selectByIndex(Select.java:262) ~[selenium-support-4.31.0.jar:?]
	at testcases.stepactionwithdataentries.Datatypedropdown4(stepactionwithdataentries.java:279) ~[test-classes/:?]
	at java.base/jdk.internal.reflect.DirectMethodHandleAccessor.invoke(DirectMethodHandleAccessor.java:103) ~[?:?]
	at java.base/java.lang.reflect.Method.invoke(Method.java:580) ~[?:?]
	at org.testng.internal.MethodInvocationHelper.invokeMethod(MethodInvocationHelper.java:133) ~[testng-7.4.0.jar:7.4.0]
	at org.testng.internal.TestInvoker.invokeMethod(TestInvoker.java:598) ~[testng-7.4.0.jar:7.4.0]
	at org.testng.internal.TestInvoker.invokeTestMethod(TestInvoker.java:173) ~[testng-7.4.0.jar:7.4.0]
	at org.testng.internal.MethodRunner.runInSequence(MethodRunner.java:46) ~[testng-7.4.0.jar:7.4.0]
	at org.testng.internal.TestInvoker$MethodInvocationAgent.invoke(TestInvoker.java:824) ~[testng-7.4.0.jar:7.4.0]
	at org.testng.internal.TestInvoker.invokeTestMethods(TestInvoker.java:146) ~[testng-7.4.0.jar:7.4.0]
	at org.testng.internal.TestMethodWorker.invokeTestMethods(TestMethodWorker.java:146) ~[testng-7.4.0.jar:7.4.0]
	at org.testng.internal.TestMethodWorker.run(TestMethodWorker.java:128) ~[testng-7.4.0.jar:7.4.0]
	at java.base/java.util.ArrayList.forEach(ArrayList.java:1596) [?:?]
	at org.testng.TestRunner.privateRun(TestRunner.java:794) [testng-7.4.0.jar:7.4.0]
	at org.testng.TestRunner.run(TestRunner.java:596) [testng-7.4.0.jar:7.4.0]
	at org.testng.SuiteRunner.runTest(SuiteRunner.java:377) [testng-7.4.0.jar:7.4.0]
	at org.testng.SuiteRunner.runSequentially(SuiteRunner.java:371) [testng-7.4.0.jar:7.4.0]
	at org.testng.SuiteRunner.privateRun(SuiteRunner.java:332) [testng-7.4.0.jar:7.4.0]
	at org.testng.SuiteRunner.run(SuiteRunner.java:276) [testng-7.4.0.jar:7.4.0]
	at org.testng.SuiteRunnerWorker.runSuite(SuiteRunnerWorker.java:53) [testng-7.4.0.jar:7.4.0]
	at org.testng.SuiteRunnerWorker.run(SuiteRunnerWorker.java:96) [testng-7.4.0.jar:7.4.0]
	at org.testng.TestNG.runSuitesSequentially(TestNG.java:1212) [testng-7.4.0.jar:7.4.0]
	at org.testng.TestNG.runSuitesLocally(TestNG.java:1134) [testng-7.4.0.jar:7.4.0]
	at org.testng.TestNG.runSuites(TestNG.java:1063) [testng-7.4.0.jar:7.4.0]
	at org.testng.TestNG.run(TestNG.java:1031) [testng-7.4.0.jar:7.4.0]
	at org.testng.remote.AbstractRemoteTestNG.run(AbstractRemoteTestNG.java:115) [testng-remote.jar:?]
	at org.testng.remote.RemoteTestNG.initAndRun(RemoteTestNG.java:293) [testng-remote.jar:?]
	at org.testng.remote.RemoteTestNG.main(RemoteTestNG.java:91) [testng-remote.jar:?]
13:09:30.633 [main] ERROR testcases.Basiccontrol - Error occurred in Datedataentry method: 
org.openqa.selenium.NoSuchElementException: no such element: Unable to locate element: {"method":"xpath","selector":"(//td[normalize-space()='5'])[1]"}
  (Session info: chrome=137.0.7151.69)
For documentation on this error, please visit: https://www.selenium.dev/documentation/webdriver/troubleshooting/errors#no-such-element-exception
Build info: version: '4.31.0', revision: '1ef9f18787*'
System info: os.name: 'Windows 11', os.arch: 'amd64', os.version: '10.0', java.version: '21.0.7'
Driver info: org.openqa.selenium.chrome.ChromeDriver
Command: [603b8ccc13ed8e25881b86ea189be94f, findElement {using=xpath, value=(//td[normalize-space()='5'])[1]}]
Capabilities {acceptInsecureCerts: false, browserName: chrome, browserVersion: 137.0.7151.69, chrome: {chromedriverVersion: 137.0.7151.70 (dfa4dc56b2ab..., userDataDir: C:\Users\VSRIKA~1\AppData\L...}, fedcm:accounts: true, goog:chromeOptions: {debuggerAddress: localhost:57886}, networkConnectionEnabled: false, pageLoadStrategy: normal, platformName: windows, proxy: Proxy(), se:cdp: ws://localhost:57886/devtoo..., se:cdpVersion: 137.0.7151.69, setWindowRect: true, strictFileInteractability: false, timeouts: {implicit: 0, pageLoad: 300000, script: 30000}, unhandledPromptBehavior: dismiss and notify, webauthn:extension:credBlob: true, webauthn:extension:largeBlob: true, webauthn:extension:minPinLength: true, webauthn:extension:prf: true, webauthn:virtualAuthenticators: true}
Session ID: 603b8ccc13ed8e25881b86ea189be94f
	at java.base/jdk.internal.reflect.DirectConstructorHandleAccessor.newInstance(DirectConstructorHandleAccessor.java:62) ~[?:?]
	at java.base/java.lang.reflect.Constructor.newInstanceWithCaller(Constructor.java:502) ~[?:?]
	at java.base/java.lang.reflect.Constructor.newInstance(Constructor.java:486) ~[?:?]
	at org.openqa.selenium.remote.ErrorCodec.decode(ErrorCodec.java:167) ~[selenium-remote-driver-4.31.0.jar:?]
	at org.openqa.selenium.remote.codec.w3c.W3CHttpResponseCodec.decode(W3CHttpResponseCodec.java:138) ~[selenium-remote-driver-4.31.0.jar:?]
	at org.openqa.selenium.remote.codec.w3c.W3CHttpResponseCodec.decode(W3CHttpResponseCodec.java:50) ~[selenium-remote-driver-4.31.0.jar:?]
	at org.openqa.selenium.remote.HttpCommandExecutor.execute(HttpCommandExecutor.java:215) ~[selenium-remote-driver-4.31.0.jar:?]
	at org.openqa.selenium.remote.service.DriverCommandExecutor.invokeExecute(DriverCommandExecutor.java:216) ~[selenium-remote-driver-4.31.0.jar:?]
	at org.openqa.selenium.remote.service.DriverCommandExecutor.execute(DriverCommandExecutor.java:174) ~[selenium-remote-driver-4.31.0.jar:?]
	at org.openqa.selenium.remote.RemoteWebDriver.execute(RemoteWebDriver.java:545) ~[selenium-remote-driver-4.31.0.jar:?]
	at org.openqa.selenium.remote.ElementLocation$ElementFinder$2.findElement(ElementLocation.java:165) ~[selenium-remote-driver-4.31.0.jar:?]
	at org.openqa.selenium.remote.ElementLocation.findElement(ElementLocation.java:59) ~[selenium-remote-driver-4.31.0.jar:?]
	at org.openqa.selenium.remote.RemoteWebDriver.findElement(RemoteWebDriver.java:368) ~[selenium-remote-driver-4.31.0.jar:?]
	at org.openqa.selenium.remote.RemoteWebDriver.findElement(RemoteWebDriver.java:362) ~[selenium-remote-driver-4.31.0.jar:?]
	at testcases.stepactionwithdataentries.Datedataentry1(stepactionwithdataentries.java:287) ~[test-classes/:?]
	at java.base/jdk.internal.reflect.DirectMethodHandleAccessor.invoke(DirectMethodHandleAccessor.java:103) ~[?:?]
	at java.base/java.lang.reflect.Method.invoke(Method.java:580) ~[?:?]
	at org.testng.internal.MethodInvocationHelper.invokeMethod(MethodInvocationHelper.java:133) ~[testng-7.4.0.jar:7.4.0]
	at org.testng.internal.TestInvoker.invokeMethod(TestInvoker.java:598) ~[testng-7.4.0.jar:7.4.0]
	at org.testng.internal.TestInvoker.invokeTestMethod(TestInvoker.java:173) ~[testng-7.4.0.jar:7.4.0]
	at org.testng.internal.MethodRunner.runInSequence(MethodRunner.java:46) ~[testng-7.4.0.jar:7.4.0]
	at org.testng.internal.TestInvoker$MethodInvocationAgent.invoke(TestInvoker.java:824) ~[testng-7.4.0.jar:7.4.0]
	at org.testng.internal.TestInvoker.invokeTestMethods(TestInvoker.java:146) ~[testng-7.4.0.jar:7.4.0]
	at org.testng.internal.TestMethodWorker.invokeTestMethods(TestMethodWorker.java:146) ~[testng-7.4.0.jar:7.4.0]
	at org.testng.internal.TestMethodWorker.run(TestMethodWorker.java:128) ~[testng-7.4.0.jar:7.4.0]
	at java.base/java.util.ArrayList.forEach(ArrayList.java:1596) [?:?]
	at org.testng.TestRunner.privateRun(TestRunner.java:794) [testng-7.4.0.jar:7.4.0]
	at org.testng.TestRunner.run(TestRunner.java:596) [testng-7.4.0.jar:7.4.0]
	at org.testng.SuiteRunner.runTest(SuiteRunner.java:377) [testng-7.4.0.jar:7.4.0]
	at org.testng.SuiteRunner.runSequentially(SuiteRunner.java:371) [testng-7.4.0.jar:7.4.0]
	at org.testng.SuiteRunner.privateRun(SuiteRunner.java:332) [testng-7.4.0.jar:7.4.0]
	at org.testng.SuiteRunner.run(SuiteRunner.java:276) [testng-7.4.0.jar:7.4.0]
	at org.testng.SuiteRunnerWorker.runSuite(SuiteRunnerWorker.java:53) [testng-7.4.0.jar:7.4.0]
	at org.testng.SuiteRunnerWorker.run(SuiteRunnerWorker.java:96) [testng-7.4.0.jar:7.4.0]
	at org.testng.TestNG.runSuitesSequentially(TestNG.java:1212) [testng-7.4.0.jar:7.4.0]
	at org.testng.TestNG.runSuitesLocally(TestNG.java:1134) [testng-7.4.0.jar:7.4.0]
	at org.testng.TestNG.runSuites(TestNG.java:1063) [testng-7.4.0.jar:7.4.0]
	at org.testng.TestNG.run(TestNG.java:1031) [testng-7.4.0.jar:7.4.0]
	at org.testng.remote.AbstractRemoteTestNG.run(AbstractRemoteTestNG.java:115) [testng-remote.jar:?]
	at org.testng.remote.RemoteTestNG.initAndRun(RemoteTestNG.java:293) [testng-remote.jar:?]
	at org.testng.remote.RemoteTestNG.main(RemoteTestNG.java:91) [testng-remote.jar:?]
13:09:33.050 [main] ERROR testcases.Basiccontrol - Error occurred in Ok1 method: 
org.openqa.selenium.NoSuchElementException: no such element: Unable to locate element: {"method":"xpath","selector":"(//button[@class='borderenable btn btn-sm button-border ng-star-inserted'])[2]"}
  (Session info: chrome=137.0.7151.69)
For documentation on this error, please visit: https://www.selenium.dev/documentation/webdriver/troubleshooting/errors#no-such-element-exception
Build info: version: '4.31.0', revision: '1ef9f18787*'
System info: os.name: 'Windows 11', os.arch: 'amd64', os.version: '10.0', java.version: '21.0.7'
Driver info: org.openqa.selenium.chrome.ChromeDriver
Command: [603b8ccc13ed8e25881b86ea189be94f, findElement {using=xpath, value=(//button[@class='borderenable btn btn-sm button-border ng-star-inserted'])[2]}]
Capabilities {acceptInsecureCerts: false, browserName: chrome, browserVersion: 137.0.7151.69, chrome: {chromedriverVersion: 137.0.7151.70 (dfa4dc56b2ab..., userDataDir: C:\Users\VSRIKA~1\AppData\L...}, fedcm:accounts: true, goog:chromeOptions: {debuggerAddress: localhost:57886}, networkConnectionEnabled: false, pageLoadStrategy: normal, platformName: windows, proxy: Proxy(), se:cdp: ws://localhost:57886/devtoo..., se:cdpVersion: 137.0.7151.69, setWindowRect: true, strictFileInteractability: false, timeouts: {implicit: 0, pageLoad: 300000, script: 30000}, unhandledPromptBehavior: dismiss and notify, webauthn:extension:credBlob: true, webauthn:extension:largeBlob: true, webauthn:extension:minPinLength: true, webauthn:extension:prf: true, webauthn:virtualAuthenticators: true}
Session ID: 603b8ccc13ed8e25881b86ea189be94f
	at java.base/jdk.internal.reflect.DirectConstructorHandleAccessor.newInstance(DirectConstructorHandleAccessor.java:62) ~[?:?]
	at java.base/java.lang.reflect.Constructor.newInstanceWithCaller(Constructor.java:502) ~[?:?]
	at java.base/java.lang.reflect.Constructor.newInstance(Constructor.java:486) ~[?:?]
	at org.openqa.selenium.remote.ErrorCodec.decode(ErrorCodec.java:167) ~[selenium-remote-driver-4.31.0.jar:?]
	at org.openqa.selenium.remote.codec.w3c.W3CHttpResponseCodec.decode(W3CHttpResponseCodec.java:138) ~[selenium-remote-driver-4.31.0.jar:?]
	at org.openqa.selenium.remote.codec.w3c.W3CHttpResponseCodec.decode(W3CHttpResponseCodec.java:50) ~[selenium-remote-driver-4.31.0.jar:?]
	at org.openqa.selenium.remote.HttpCommandExecutor.execute(HttpCommandExecutor.java:215) ~[selenium-remote-driver-4.31.0.jar:?]
	at org.openqa.selenium.remote.service.DriverCommandExecutor.invokeExecute(DriverCommandExecutor.java:216) ~[selenium-remote-driver-4.31.0.jar:?]
	at org.openqa.selenium.remote.service.DriverCommandExecutor.execute(DriverCommandExecutor.java:174) ~[selenium-remote-driver-4.31.0.jar:?]
	at org.openqa.selenium.remote.RemoteWebDriver.execute(RemoteWebDriver.java:545) ~[selenium-remote-driver-4.31.0.jar:?]
	at org.openqa.selenium.remote.ElementLocation$ElementFinder$2.findElement(ElementLocation.java:165) ~[selenium-remote-driver-4.31.0.jar:?]
	at org.openqa.selenium.remote.ElementLocation.findElement(ElementLocation.java:59) ~[selenium-remote-driver-4.31.0.jar:?]
	at org.openqa.selenium.remote.RemoteWebDriver.findElement(RemoteWebDriver.java:368) ~[selenium-remote-driver-4.31.0.jar:?]
	at org.openqa.selenium.remote.RemoteWebDriver.findElement(RemoteWebDriver.java:362) ~[selenium-remote-driver-4.31.0.jar:?]
	at testcases.stepactionwithdataentries.Ok1(stepactionwithdataentries.java:297) ~[test-classes/:?]
	at java.base/jdk.internal.reflect.DirectMethodHandleAccessor.invoke(DirectMethodHandleAccessor.java:103) ~[?:?]
	at java.base/java.lang.reflect.Method.invoke(Method.java:580) ~[?:?]
	at org.testng.internal.MethodInvocationHelper.invokeMethod(MethodInvocationHelper.java:133) ~[testng-7.4.0.jar:7.4.0]
	at org.testng.internal.TestInvoker.invokeMethod(TestInvoker.java:598) ~[testng-7.4.0.jar:7.4.0]
	at org.testng.internal.TestInvoker.invokeTestMethod(TestInvoker.java:173) ~[testng-7.4.0.jar:7.4.0]
	at org.testng.internal.MethodRunner.runInSequence(MethodRunner.java:46) ~[testng-7.4.0.jar:7.4.0]
	at org.testng.internal.TestInvoker$MethodInvocationAgent.invoke(TestInvoker.java:824) ~[testng-7.4.0.jar:7.4.0]
	at org.testng.internal.TestInvoker.invokeTestMethods(TestInvoker.java:146) ~[testng-7.4.0.jar:7.4.0]
	at org.testng.internal.TestMethodWorker.invokeTestMethods(TestMethodWorker.java:146) ~[testng-7.4.0.jar:7.4.0]
	at org.testng.internal.TestMethodWorker.run(TestMethodWorker.java:128) ~[testng-7.4.0.jar:7.4.0]
	at java.base/java.util.ArrayList.forEach(ArrayList.java:1596) [?:?]
	at org.testng.TestRunner.privateRun(TestRunner.java:794) [testng-7.4.0.jar:7.4.0]
	at org.testng.TestRunner.run(TestRunner.java:596) [testng-7.4.0.jar:7.4.0]
	at org.testng.SuiteRunner.runTest(SuiteRunner.java:377) [testng-7.4.0.jar:7.4.0]
	at org.testng.SuiteRunner.runSequentially(SuiteRunner.java:371) [testng-7.4.0.jar:7.4.0]
	at org.testng.SuiteRunner.privateRun(SuiteRunner.java:332) [testng-7.4.0.jar:7.4.0]
	at org.testng.SuiteRunner.run(SuiteRunner.java:276) [testng-7.4.0.jar:7.4.0]
	at org.testng.SuiteRunnerWorker.runSuite(SuiteRunnerWorker.java:53) [testng-7.4.0.jar:7.4.0]
	at org.testng.SuiteRunnerWorker.run(SuiteRunnerWorker.java:96) [testng-7.4.0.jar:7.4.0]
	at org.testng.TestNG.runSuitesSequentially(TestNG.java:1212) [testng-7.4.0.jar:7.4.0]
	at org.testng.TestNG.runSuitesLocally(TestNG.java:1134) [testng-7.4.0.jar:7.4.0]
	at org.testng.TestNG.runSuites(TestNG.java:1063) [testng-7.4.0.jar:7.4.0]
	at org.testng.TestNG.run(TestNG.java:1031) [testng-7.4.0.jar:7.4.0]
	at org.testng.remote.AbstractRemoteTestNG.run(AbstractRemoteTestNG.java:115) [testng-remote.jar:?]
	at org.testng.remote.RemoteTestNG.initAndRun(RemoteTestNG.java:293) [testng-remote.jar:?]
	at org.testng.remote.RemoteTestNG.main(RemoteTestNG.java:91) [testng-remote.jar:?]
14:17:10.258 [main] INFO  testcases.Signin - SignIn successfully
14:17:18.882 [main] INFO  testcases.Basiccontrol - Section process completed successfully.
14:17:36.192 [main] ERROR testcases.Basiccontrol - Error occurred in signaturestep method: 
org.openqa.selenium.ElementNotInteractableException: element not interactable
  (Session info: chrome=137.0.7151.69)
Build info: version: '4.31.0', revision: '1ef9f18787*'
System info: os.name: 'Windows 11', os.arch: 'amd64', os.version: '10.0', java.version: '21.0.7'
Driver info: org.openqa.selenium.chrome.ChromeDriver
Command: [daeaec6c380323126a9a3b6d39dfc7b2, clickElement {id=f.C242583AE60AF752A3154019EC01436B.d.269A72624EAA1D8C5760EA6A534A2019.e.125}]
Capabilities {acceptInsecureCerts: false, browserName: chrome, browserVersion: 137.0.7151.69, chrome: {chromedriverVersion: 137.0.7151.70 (dfa4dc56b2ab..., userDataDir: C:\Users\VSRIKA~1\AppData\L...}, fedcm:accounts: true, goog:chromeOptions: {debuggerAddress: localhost:60718}, networkConnectionEnabled: false, pageLoadStrategy: normal, platformName: windows, proxy: Proxy(), se:cdp: ws://localhost:60718/devtoo..., se:cdpVersion: 137.0.7151.69, setWindowRect: true, strictFileInteractability: false, timeouts: {implicit: 0, pageLoad: 300000, script: 30000}, unhandledPromptBehavior: dismiss and notify, webauthn:extension:credBlob: true, webauthn:extension:largeBlob: true, webauthn:extension:minPinLength: true, webauthn:extension:prf: true, webauthn:virtualAuthenticators: true}
Element: [[ChromeDriver: chrome on windows (daeaec6c380323126a9a3b6d39dfc7b2)] -> xpath: //textarea[contains(@data-id,'1_s_stephead')]]
Session ID: daeaec6c380323126a9a3b6d39dfc7b2
	at java.base/jdk.internal.reflect.DirectConstructorHandleAccessor.newInstance(DirectConstructorHandleAccessor.java:62) ~[?:?]
	at java.base/java.lang.reflect.Constructor.newInstanceWithCaller(Constructor.java:502) ~[?:?]
	at java.base/java.lang.reflect.Constructor.newInstance(Constructor.java:486) ~[?:?]
	at org.openqa.selenium.remote.ErrorCodec.decode(ErrorCodec.java:167) ~[selenium-remote-driver-4.31.0.jar:?]
	at org.openqa.selenium.remote.codec.w3c.W3CHttpResponseCodec.decode(W3CHttpResponseCodec.java:138) ~[selenium-remote-driver-4.31.0.jar:?]
	at org.openqa.selenium.remote.codec.w3c.W3CHttpResponseCodec.decode(W3CHttpResponseCodec.java:50) ~[selenium-remote-driver-4.31.0.jar:?]
	at org.openqa.selenium.remote.HttpCommandExecutor.execute(HttpCommandExecutor.java:215) ~[selenium-remote-driver-4.31.0.jar:?]
	at org.openqa.selenium.remote.service.DriverCommandExecutor.invokeExecute(DriverCommandExecutor.java:216) ~[selenium-remote-driver-4.31.0.jar:?]
	at org.openqa.selenium.remote.service.DriverCommandExecutor.execute(DriverCommandExecutor.java:174) ~[selenium-remote-driver-4.31.0.jar:?]
	at org.openqa.selenium.remote.RemoteWebDriver.execute(RemoteWebDriver.java:545) ~[selenium-remote-driver-4.31.0.jar:?]
	at org.openqa.selenium.remote.RemoteWebElement.execute(RemoteWebElement.java:223) ~[selenium-remote-driver-4.31.0.jar:?]
	at org.openqa.selenium.remote.RemoteWebElement.click(RemoteWebElement.java:76) ~[selenium-remote-driver-4.31.0.jar:?]
	at testcases.Basiccontrol.signaturestep(Basiccontrol.java:153) ~[test-classes/:?]
	at java.base/jdk.internal.reflect.DirectMethodHandleAccessor.invoke(DirectMethodHandleAccessor.java:103) ~[?:?]
	at java.base/java.lang.reflect.Method.invoke(Method.java:580) ~[?:?]
	at org.testng.internal.MethodInvocationHelper.invokeMethod(MethodInvocationHelper.java:133) ~[testng-7.4.0.jar:7.4.0]
	at org.testng.internal.TestInvoker.invokeMethod(TestInvoker.java:598) ~[testng-7.4.0.jar:7.4.0]
	at org.testng.internal.TestInvoker.invokeTestMethod(TestInvoker.java:173) ~[testng-7.4.0.jar:7.4.0]
	at org.testng.internal.MethodRunner.runInSequence(MethodRunner.java:46) ~[testng-7.4.0.jar:7.4.0]
	at org.testng.internal.TestInvoker$MethodInvocationAgent.invoke(TestInvoker.java:824) ~[testng-7.4.0.jar:7.4.0]
	at org.testng.internal.TestInvoker.invokeTestMethods(TestInvoker.java:146) ~[testng-7.4.0.jar:7.4.0]
	at org.testng.internal.TestMethodWorker.invokeTestMethods(TestMethodWorker.java:146) ~[testng-7.4.0.jar:7.4.0]
	at org.testng.internal.TestMethodWorker.run(TestMethodWorker.java:128) ~[testng-7.4.0.jar:7.4.0]
	at java.base/java.util.ArrayList.forEach(ArrayList.java:1596) [?:?]
	at org.testng.TestRunner.privateRun(TestRunner.java:794) [testng-7.4.0.jar:7.4.0]
	at org.testng.TestRunner.run(TestRunner.java:596) [testng-7.4.0.jar:7.4.0]
	at org.testng.SuiteRunner.runTest(SuiteRunner.java:377) [testng-7.4.0.jar:7.4.0]
	at org.testng.SuiteRunner.runSequentially(SuiteRunner.java:371) [testng-7.4.0.jar:7.4.0]
	at org.testng.SuiteRunner.privateRun(SuiteRunner.java:332) [testng-7.4.0.jar:7.4.0]
	at org.testng.SuiteRunner.run(SuiteRunner.java:276) [testng-7.4.0.jar:7.4.0]
	at org.testng.SuiteRunnerWorker.runSuite(SuiteRunnerWorker.java:53) [testng-7.4.0.jar:7.4.0]
	at org.testng.SuiteRunnerWorker.run(SuiteRunnerWorker.java:96) [testng-7.4.0.jar:7.4.0]
	at org.testng.TestNG.runSuitesSequentially(TestNG.java:1212) [testng-7.4.0.jar:7.4.0]
	at org.testng.TestNG.runSuitesLocally(TestNG.java:1134) [testng-7.4.0.jar:7.4.0]
	at org.testng.TestNG.runSuites(TestNG.java:1063) [testng-7.4.0.jar:7.4.0]
	at org.testng.TestNG.run(TestNG.java:1031) [testng-7.4.0.jar:7.4.0]
	at org.testng.remote.AbstractRemoteTestNG.run(AbstractRemoteTestNG.java:115) [testng-remote.jar:?]
	at org.testng.remote.RemoteTestNG.initAndRun(RemoteTestNG.java:293) [testng-remote.jar:?]
	at org.testng.remote.RemoteTestNG.main(RemoteTestNG.java:91) [testng-remote.jar:?]
14:22:38.375 [main] ERROR testcases.Basiccontrol - Error occurred in Column method: 
org.openqa.selenium.NoSuchElementException: no such element: Unable to locate element: {"method":"xpath","selector":"(//input[@type='number'])[1]"}
  (Session info: chrome=137.0.7151.69)
For documentation on this error, please visit: https://www.selenium.dev/documentation/webdriver/troubleshooting/errors#no-such-element-exception
Build info: version: '4.31.0', revision: '1ef9f18787*'
System info: os.name: 'Windows 11', os.arch: 'amd64', os.version: '10.0', java.version: '21.0.7'
Driver info: org.openqa.selenium.chrome.ChromeDriver
Command: [daeaec6c380323126a9a3b6d39dfc7b2, findElement {using=xpath, value=(//input[@type='number'])[1]}]
Capabilities {acceptInsecureCerts: false, browserName: chrome, browserVersion: 137.0.7151.69, chrome: {chromedriverVersion: 137.0.7151.70 (dfa4dc56b2ab..., userDataDir: C:\Users\VSRIKA~1\AppData\L...}, fedcm:accounts: true, goog:chromeOptions: {debuggerAddress: localhost:60718}, networkConnectionEnabled: false, pageLoadStrategy: normal, platformName: windows, proxy: Proxy(), se:cdp: ws://localhost:60718/devtoo..., se:cdpVersion: 137.0.7151.69, setWindowRect: true, strictFileInteractability: false, timeouts: {implicit: 0, pageLoad: 300000, script: 30000}, unhandledPromptBehavior: dismiss and notify, webauthn:extension:credBlob: true, webauthn:extension:largeBlob: true, webauthn:extension:minPinLength: true, webauthn:extension:prf: true, webauthn:virtualAuthenticators: true}
Session ID: daeaec6c380323126a9a3b6d39dfc7b2
	at java.base/jdk.internal.reflect.DirectConstructorHandleAccessor.newInstance(DirectConstructorHandleAccessor.java:62) ~[?:?]
	at java.base/java.lang.reflect.Constructor.newInstanceWithCaller(Constructor.java:502) ~[?:?]
	at java.base/java.lang.reflect.Constructor.newInstance(Constructor.java:486) ~[?:?]
	at org.openqa.selenium.remote.ErrorCodec.decode(ErrorCodec.java:167) ~[selenium-remote-driver-4.31.0.jar:?]
	at org.openqa.selenium.remote.codec.w3c.W3CHttpResponseCodec.decode(W3CHttpResponseCodec.java:138) ~[selenium-remote-driver-4.31.0.jar:?]
	at org.openqa.selenium.remote.codec.w3c.W3CHttpResponseCodec.decode(W3CHttpResponseCodec.java:50) ~[selenium-remote-driver-4.31.0.jar:?]
	at org.openqa.selenium.remote.HttpCommandExecutor.execute(HttpCommandExecutor.java:215) ~[selenium-remote-driver-4.31.0.jar:?]
	at org.openqa.selenium.remote.service.DriverCommandExecutor.invokeExecute(DriverCommandExecutor.java:216) ~[selenium-remote-driver-4.31.0.jar:?]
	at org.openqa.selenium.remote.service.DriverCommandExecutor.execute(DriverCommandExecutor.java:174) ~[selenium-remote-driver-4.31.0.jar:?]
	at org.openqa.selenium.remote.RemoteWebDriver.execute(RemoteWebDriver.java:545) ~[selenium-remote-driver-4.31.0.jar:?]
	at org.openqa.selenium.remote.ElementLocation$ElementFinder$2.findElement(ElementLocation.java:165) ~[selenium-remote-driver-4.31.0.jar:?]
	at org.openqa.selenium.remote.ElementLocation.findElement(ElementLocation.java:59) ~[selenium-remote-driver-4.31.0.jar:?]
	at org.openqa.selenium.remote.RemoteWebDriver.findElement(RemoteWebDriver.java:368) ~[selenium-remote-driver-4.31.0.jar:?]
	at org.openqa.selenium.remote.RemoteWebDriver.findElement(RemoteWebDriver.java:362) ~[selenium-remote-driver-4.31.0.jar:?]
	at testcases.stepactionwithdataentries.Column(stepactionwithdataentries.java:155) ~[test-classes/:?]
	at java.base/jdk.internal.reflect.DirectMethodHandleAccessor.invoke(DirectMethodHandleAccessor.java:103) ~[?:?]
	at java.base/java.lang.reflect.Method.invoke(Method.java:580) ~[?:?]
	at org.testng.internal.MethodInvocationHelper.invokeMethod(MethodInvocationHelper.java:133) ~[testng-7.4.0.jar:7.4.0]
	at org.testng.internal.TestInvoker.invokeMethod(TestInvoker.java:598) ~[testng-7.4.0.jar:7.4.0]
	at org.testng.internal.TestInvoker.invokeTestMethod(TestInvoker.java:173) ~[testng-7.4.0.jar:7.4.0]
	at org.testng.internal.MethodRunner.runInSequence(MethodRunner.java:46) ~[testng-7.4.0.jar:7.4.0]
	at org.testng.internal.TestInvoker$MethodInvocationAgent.invoke(TestInvoker.java:824) ~[testng-7.4.0.jar:7.4.0]
	at org.testng.internal.TestInvoker.invokeTestMethods(TestInvoker.java:146) ~[testng-7.4.0.jar:7.4.0]
	at org.testng.internal.TestMethodWorker.invokeTestMethods(TestMethodWorker.java:146) ~[testng-7.4.0.jar:7.4.0]
	at org.testng.internal.TestMethodWorker.run(TestMethodWorker.java:128) ~[testng-7.4.0.jar:7.4.0]
	at java.base/java.util.ArrayList.forEach(ArrayList.java:1596) [?:?]
	at org.testng.TestRunner.privateRun(TestRunner.java:794) [testng-7.4.0.jar:7.4.0]
	at org.testng.TestRunner.run(TestRunner.java:596) [testng-7.4.0.jar:7.4.0]
	at org.testng.SuiteRunner.runTest(SuiteRunner.java:377) [testng-7.4.0.jar:7.4.0]
	at org.testng.SuiteRunner.runSequentially(SuiteRunner.java:371) [testng-7.4.0.jar:7.4.0]
	at org.testng.SuiteRunner.privateRun(SuiteRunner.java:332) [testng-7.4.0.jar:7.4.0]
	at org.testng.SuiteRunner.run(SuiteRunner.java:276) [testng-7.4.0.jar:7.4.0]
	at org.testng.SuiteRunnerWorker.runSuite(SuiteRunnerWorker.java:53) [testng-7.4.0.jar:7.4.0]
	at org.testng.SuiteRunnerWorker.run(SuiteRunnerWorker.java:96) [testng-7.4.0.jar:7.4.0]
	at org.testng.TestNG.runSuitesSequentially(TestNG.java:1212) [testng-7.4.0.jar:7.4.0]
	at org.testng.TestNG.runSuitesLocally(TestNG.java:1134) [testng-7.4.0.jar:7.4.0]
	at org.testng.TestNG.runSuites(TestNG.java:1063) [testng-7.4.0.jar:7.4.0]
	at org.testng.TestNG.run(TestNG.java:1031) [testng-7.4.0.jar:7.4.0]
	at org.testng.remote.AbstractRemoteTestNG.run(AbstractRemoteTestNG.java:115) [testng-remote.jar:?]
	at org.testng.remote.RemoteTestNG.initAndRun(RemoteTestNG.java:293) [testng-remote.jar:?]
	at org.testng.remote.RemoteTestNG.main(RemoteTestNG.java:91) [testng-remote.jar:?]
14:22:40.513 [main] ERROR testcases.Basiccontrol - Error occurred in Row method: 
org.openqa.selenium.NoSuchElementException: no such element: Unable to locate element: {"method":"xpath","selector":"(//input[@type='number'])[2]"}
  (Session info: chrome=137.0.7151.69)
For documentation on this error, please visit: https://www.selenium.dev/documentation/webdriver/troubleshooting/errors#no-such-element-exception
Build info: version: '4.31.0', revision: '1ef9f18787*'
System info: os.name: 'Windows 11', os.arch: 'amd64', os.version: '10.0', java.version: '21.0.7'
Driver info: org.openqa.selenium.chrome.ChromeDriver
Command: [daeaec6c380323126a9a3b6d39dfc7b2, findElement {using=xpath, value=(//input[@type='number'])[2]}]
Capabilities {acceptInsecureCerts: false, browserName: chrome, browserVersion: 137.0.7151.69, chrome: {chromedriverVersion: 137.0.7151.70 (dfa4dc56b2ab..., userDataDir: C:\Users\VSRIKA~1\AppData\L...}, fedcm:accounts: true, goog:chromeOptions: {debuggerAddress: localhost:60718}, networkConnectionEnabled: false, pageLoadStrategy: normal, platformName: windows, proxy: Proxy(), se:cdp: ws://localhost:60718/devtoo..., se:cdpVersion: 137.0.7151.69, setWindowRect: true, strictFileInteractability: false, timeouts: {implicit: 0, pageLoad: 300000, script: 30000}, unhandledPromptBehavior: dismiss and notify, webauthn:extension:credBlob: true, webauthn:extension:largeBlob: true, webauthn:extension:minPinLength: true, webauthn:extension:prf: true, webauthn:virtualAuthenticators: true}
Session ID: daeaec6c380323126a9a3b6d39dfc7b2
	at java.base/jdk.internal.reflect.DirectConstructorHandleAccessor.newInstance(DirectConstructorHandleAccessor.java:62) ~[?:?]
	at java.base/java.lang.reflect.Constructor.newInstanceWithCaller(Constructor.java:502) ~[?:?]
	at java.base/java.lang.reflect.Constructor.newInstance(Constructor.java:486) ~[?:?]
	at org.openqa.selenium.remote.ErrorCodec.decode(ErrorCodec.java:167) ~[selenium-remote-driver-4.31.0.jar:?]
	at org.openqa.selenium.remote.codec.w3c.W3CHttpResponseCodec.decode(W3CHttpResponseCodec.java:138) ~[selenium-remote-driver-4.31.0.jar:?]
	at org.openqa.selenium.remote.codec.w3c.W3CHttpResponseCodec.decode(W3CHttpResponseCodec.java:50) ~[selenium-remote-driver-4.31.0.jar:?]
	at org.openqa.selenium.remote.HttpCommandExecutor.execute(HttpCommandExecutor.java:215) ~[selenium-remote-driver-4.31.0.jar:?]
	at org.openqa.selenium.remote.service.DriverCommandExecutor.invokeExecute(DriverCommandExecutor.java:216) ~[selenium-remote-driver-4.31.0.jar:?]
	at org.openqa.selenium.remote.service.DriverCommandExecutor.execute(DriverCommandExecutor.java:174) ~[selenium-remote-driver-4.31.0.jar:?]
	at org.openqa.selenium.remote.RemoteWebDriver.execute(RemoteWebDriver.java:545) ~[selenium-remote-driver-4.31.0.jar:?]
	at org.openqa.selenium.remote.ElementLocation$ElementFinder$2.findElement(ElementLocation.java:165) ~[selenium-remote-driver-4.31.0.jar:?]
	at org.openqa.selenium.remote.ElementLocation.findElement(ElementLocation.java:59) ~[selenium-remote-driver-4.31.0.jar:?]
	at org.openqa.selenium.remote.RemoteWebDriver.findElement(RemoteWebDriver.java:368) ~[selenium-remote-driver-4.31.0.jar:?]
	at org.openqa.selenium.remote.RemoteWebDriver.findElement(RemoteWebDriver.java:362) ~[selenium-remote-driver-4.31.0.jar:?]
	at testcases.stepactionwithdataentries.Row(stepactionwithdataentries.java:163) ~[test-classes/:?]
	at java.base/jdk.internal.reflect.DirectMethodHandleAccessor.invoke(DirectMethodHandleAccessor.java:103) ~[?:?]
	at java.base/java.lang.reflect.Method.invoke(Method.java:580) ~[?:?]
	at org.testng.internal.MethodInvocationHelper.invokeMethod(MethodInvocationHelper.java:133) ~[testng-7.4.0.jar:7.4.0]
	at org.testng.internal.TestInvoker.invokeMethod(TestInvoker.java:598) ~[testng-7.4.0.jar:7.4.0]
	at org.testng.internal.TestInvoker.invokeTestMethod(TestInvoker.java:173) ~[testng-7.4.0.jar:7.4.0]
	at org.testng.internal.MethodRunner.runInSequence(MethodRunner.java:46) ~[testng-7.4.0.jar:7.4.0]
	at org.testng.internal.TestInvoker$MethodInvocationAgent.invoke(TestInvoker.java:824) ~[testng-7.4.0.jar:7.4.0]
	at org.testng.internal.TestInvoker.invokeTestMethods(TestInvoker.java:146) ~[testng-7.4.0.jar:7.4.0]
	at org.testng.internal.TestMethodWorker.invokeTestMethods(TestMethodWorker.java:146) ~[testng-7.4.0.jar:7.4.0]
	at org.testng.internal.TestMethodWorker.run(TestMethodWorker.java:128) ~[testng-7.4.0.jar:7.4.0]
	at java.base/java.util.ArrayList.forEach(ArrayList.java:1596) [?:?]
	at org.testng.TestRunner.privateRun(TestRunner.java:794) [testng-7.4.0.jar:7.4.0]
	at org.testng.TestRunner.run(TestRunner.java:596) [testng-7.4.0.jar:7.4.0]
	at org.testng.SuiteRunner.runTest(SuiteRunner.java:377) [testng-7.4.0.jar:7.4.0]
	at org.testng.SuiteRunner.runSequentially(SuiteRunner.java:371) [testng-7.4.0.jar:7.4.0]
	at org.testng.SuiteRunner.privateRun(SuiteRunner.java:332) [testng-7.4.0.jar:7.4.0]
	at org.testng.SuiteRunner.run(SuiteRunner.java:276) [testng-7.4.0.jar:7.4.0]
	at org.testng.SuiteRunnerWorker.runSuite(SuiteRunnerWorker.java:53) [testng-7.4.0.jar:7.4.0]
	at org.testng.SuiteRunnerWorker.run(SuiteRunnerWorker.java:96) [testng-7.4.0.jar:7.4.0]
	at org.testng.TestNG.runSuitesSequentially(TestNG.java:1212) [testng-7.4.0.jar:7.4.0]
	at org.testng.TestNG.runSuitesLocally(TestNG.java:1134) [testng-7.4.0.jar:7.4.0]
	at org.testng.TestNG.runSuites(TestNG.java:1063) [testng-7.4.0.jar:7.4.0]
	at org.testng.TestNG.run(TestNG.java:1031) [testng-7.4.0.jar:7.4.0]
	at org.testng.remote.AbstractRemoteTestNG.run(AbstractRemoteTestNG.java:115) [testng-remote.jar:?]
	at org.testng.remote.RemoteTestNG.initAndRun(RemoteTestNG.java:293) [testng-remote.jar:?]
	at org.testng.remote.RemoteTestNG.main(RemoteTestNG.java:91) [testng-remote.jar:?]
14:22:42.655 [main] ERROR testcases.Basiccontrol - Error occurred in Ok method: 
org.openqa.selenium.NoSuchElementException: no such element: Unable to locate element: {"method":"xpath","selector":"(//button[@class='borderenable btn btn-sm button-border ng-star-inserted'])[1]"}
  (Session info: chrome=137.0.7151.69)
For documentation on this error, please visit: https://www.selenium.dev/documentation/webdriver/troubleshooting/errors#no-such-element-exception
Build info: version: '4.31.0', revision: '1ef9f18787*'
System info: os.name: 'Windows 11', os.arch: 'amd64', os.version: '10.0', java.version: '21.0.7'
Driver info: org.openqa.selenium.chrome.ChromeDriver
Command: [daeaec6c380323126a9a3b6d39dfc7b2, findElement {using=xpath, value=(//button[@class='borderenable btn btn-sm button-border ng-star-inserted'])[1]}]
Capabilities {acceptInsecureCerts: false, browserName: chrome, browserVersion: 137.0.7151.69, chrome: {chromedriverVersion: 137.0.7151.70 (dfa4dc56b2ab..., userDataDir: C:\Users\VSRIKA~1\AppData\L...}, fedcm:accounts: true, goog:chromeOptions: {debuggerAddress: localhost:60718}, networkConnectionEnabled: false, pageLoadStrategy: normal, platformName: windows, proxy: Proxy(), se:cdp: ws://localhost:60718/devtoo..., se:cdpVersion: 137.0.7151.69, setWindowRect: true, strictFileInteractability: false, timeouts: {implicit: 0, pageLoad: 300000, script: 30000}, unhandledPromptBehavior: dismiss and notify, webauthn:extension:credBlob: true, webauthn:extension:largeBlob: true, webauthn:extension:minPinLength: true, webauthn:extension:prf: true, webauthn:virtualAuthenticators: true}
Session ID: daeaec6c380323126a9a3b6d39dfc7b2
	at java.base/jdk.internal.reflect.DirectConstructorHandleAccessor.newInstance(DirectConstructorHandleAccessor.java:62) ~[?:?]
	at java.base/java.lang.reflect.Constructor.newInstanceWithCaller(Constructor.java:502) ~[?:?]
	at java.base/java.lang.reflect.Constructor.newInstance(Constructor.java:486) ~[?:?]
	at org.openqa.selenium.remote.ErrorCodec.decode(ErrorCodec.java:167) ~[selenium-remote-driver-4.31.0.jar:?]
	at org.openqa.selenium.remote.codec.w3c.W3CHttpResponseCodec.decode(W3CHttpResponseCodec.java:138) ~[selenium-remote-driver-4.31.0.jar:?]
	at org.openqa.selenium.remote.codec.w3c.W3CHttpResponseCodec.decode(W3CHttpResponseCodec.java:50) ~[selenium-remote-driver-4.31.0.jar:?]
	at org.openqa.selenium.remote.HttpCommandExecutor.execute(HttpCommandExecutor.java:215) ~[selenium-remote-driver-4.31.0.jar:?]
	at org.openqa.selenium.remote.service.DriverCommandExecutor.invokeExecute(DriverCommandExecutor.java:216) ~[selenium-remote-driver-4.31.0.jar:?]
	at org.openqa.selenium.remote.service.DriverCommandExecutor.execute(DriverCommandExecutor.java:174) ~[selenium-remote-driver-4.31.0.jar:?]
	at org.openqa.selenium.remote.RemoteWebDriver.execute(RemoteWebDriver.java:545) ~[selenium-remote-driver-4.31.0.jar:?]
	at org.openqa.selenium.remote.ElementLocation$ElementFinder$2.findElement(ElementLocation.java:165) ~[selenium-remote-driver-4.31.0.jar:?]
	at org.openqa.selenium.remote.ElementLocation.findElement(ElementLocation.java:59) ~[selenium-remote-driver-4.31.0.jar:?]
	at org.openqa.selenium.remote.RemoteWebDriver.findElement(RemoteWebDriver.java:368) ~[selenium-remote-driver-4.31.0.jar:?]
	at org.openqa.selenium.remote.RemoteWebDriver.findElement(RemoteWebDriver.java:362) ~[selenium-remote-driver-4.31.0.jar:?]
	at testcases.stepactionwithdataentries.Ok(stepactionwithdataentries.java:171) ~[test-classes/:?]
	at java.base/jdk.internal.reflect.DirectMethodHandleAccessor.invoke(DirectMethodHandleAccessor.java:103) ~[?:?]
	at java.base/java.lang.reflect.Method.invoke(Method.java:580) ~[?:?]
	at org.testng.internal.MethodInvocationHelper.invokeMethod(MethodInvocationHelper.java:133) ~[testng-7.4.0.jar:7.4.0]
	at org.testng.internal.TestInvoker.invokeMethod(TestInvoker.java:598) ~[testng-7.4.0.jar:7.4.0]
	at org.testng.internal.TestInvoker.invokeTestMethod(TestInvoker.java:173) ~[testng-7.4.0.jar:7.4.0]
	at org.testng.internal.MethodRunner.runInSequence(MethodRunner.java:46) ~[testng-7.4.0.jar:7.4.0]
	at org.testng.internal.TestInvoker$MethodInvocationAgent.invoke(TestInvoker.java:824) ~[testng-7.4.0.jar:7.4.0]
	at org.testng.internal.TestInvoker.invokeTestMethods(TestInvoker.java:146) ~[testng-7.4.0.jar:7.4.0]
	at org.testng.internal.TestMethodWorker.invokeTestMethods(TestMethodWorker.java:146) ~[testng-7.4.0.jar:7.4.0]
	at org.testng.internal.TestMethodWorker.run(TestMethodWorker.java:128) ~[testng-7.4.0.jar:7.4.0]
	at java.base/java.util.ArrayList.forEach(ArrayList.java:1596) [?:?]
	at org.testng.TestRunner.privateRun(TestRunner.java:794) [testng-7.4.0.jar:7.4.0]
	at org.testng.TestRunner.run(TestRunner.java:596) [testng-7.4.0.jar:7.4.0]
	at org.testng.SuiteRunner.runTest(SuiteRunner.java:377) [testng-7.4.0.jar:7.4.0]
	at org.testng.SuiteRunner.runSequentially(SuiteRunner.java:371) [testng-7.4.0.jar:7.4.0]
	at org.testng.SuiteRunner.privateRun(SuiteRunner.java:332) [testng-7.4.0.jar:7.4.0]
	at org.testng.SuiteRunner.run(SuiteRunner.java:276) [testng-7.4.0.jar:7.4.0]
	at org.testng.SuiteRunnerWorker.runSuite(SuiteRunnerWorker.java:53) [testng-7.4.0.jar:7.4.0]
	at org.testng.SuiteRunnerWorker.run(SuiteRunnerWorker.java:96) [testng-7.4.0.jar:7.4.0]
	at org.testng.TestNG.runSuitesSequentially(TestNG.java:1212) [testng-7.4.0.jar:7.4.0]
	at org.testng.TestNG.runSuitesLocally(TestNG.java:1134) [testng-7.4.0.jar:7.4.0]
	at org.testng.TestNG.runSuites(TestNG.java:1063) [testng-7.4.0.jar:7.4.0]
	at org.testng.TestNG.run(TestNG.java:1031) [testng-7.4.0.jar:7.4.0]
	at org.testng.remote.AbstractRemoteTestNG.run(AbstractRemoteTestNG.java:115) [testng-remote.jar:?]
	at org.testng.remote.RemoteTestNG.initAndRun(RemoteTestNG.java:293) [testng-remote.jar:?]
	at org.testng.remote.RemoteTestNG.main(RemoteTestNG.java:91) [testng-remote.jar:?]
14:22:44.800 [main] ERROR testcases.Basiccontrol - Error occurred in Columnbutton method: 
org.openqa.selenium.NoSuchElementException: no such element: Unable to locate element: {"method":"xpath","selector":"(//a[@class='nav-link'])"}
  (Session info: chrome=137.0.7151.69)
For documentation on this error, please visit: https://www.selenium.dev/documentation/webdriver/troubleshooting/errors#no-such-element-exception
Build info: version: '4.31.0', revision: '1ef9f18787*'
System info: os.name: 'Windows 11', os.arch: 'amd64', os.version: '10.0', java.version: '21.0.7'
Driver info: org.openqa.selenium.chrome.ChromeDriver
Command: [daeaec6c380323126a9a3b6d39dfc7b2, findElement {using=xpath, value=(//a[@class='nav-link'])}]
Capabilities {acceptInsecureCerts: false, browserName: chrome, browserVersion: 137.0.7151.69, chrome: {chromedriverVersion: 137.0.7151.70 (dfa4dc56b2ab..., userDataDir: C:\Users\VSRIKA~1\AppData\L...}, fedcm:accounts: true, goog:chromeOptions: {debuggerAddress: localhost:60718}, networkConnectionEnabled: false, pageLoadStrategy: normal, platformName: windows, proxy: Proxy(), se:cdp: ws://localhost:60718/devtoo..., se:cdpVersion: 137.0.7151.69, setWindowRect: true, strictFileInteractability: false, timeouts: {implicit: 0, pageLoad: 300000, script: 30000}, unhandledPromptBehavior: dismiss and notify, webauthn:extension:credBlob: true, webauthn:extension:largeBlob: true, webauthn:extension:minPinLength: true, webauthn:extension:prf: true, webauthn:virtualAuthenticators: true}
Session ID: daeaec6c380323126a9a3b6d39dfc7b2
	at java.base/jdk.internal.reflect.DirectConstructorHandleAccessor.newInstance(DirectConstructorHandleAccessor.java:62) ~[?:?]
	at java.base/java.lang.reflect.Constructor.newInstanceWithCaller(Constructor.java:502) ~[?:?]
	at java.base/java.lang.reflect.Constructor.newInstance(Constructor.java:486) ~[?:?]
	at org.openqa.selenium.remote.ErrorCodec.decode(ErrorCodec.java:167) ~[selenium-remote-driver-4.31.0.jar:?]
	at org.openqa.selenium.remote.codec.w3c.W3CHttpResponseCodec.decode(W3CHttpResponseCodec.java:138) ~[selenium-remote-driver-4.31.0.jar:?]
	at org.openqa.selenium.remote.codec.w3c.W3CHttpResponseCodec.decode(W3CHttpResponseCodec.java:50) ~[selenium-remote-driver-4.31.0.jar:?]
	at org.openqa.selenium.remote.HttpCommandExecutor.execute(HttpCommandExecutor.java:215) ~[selenium-remote-driver-4.31.0.jar:?]
	at org.openqa.selenium.remote.service.DriverCommandExecutor.invokeExecute(DriverCommandExecutor.java:216) ~[selenium-remote-driver-4.31.0.jar:?]
	at org.openqa.selenium.remote.service.DriverCommandExecutor.execute(DriverCommandExecutor.java:174) ~[selenium-remote-driver-4.31.0.jar:?]
	at org.openqa.selenium.remote.RemoteWebDriver.execute(RemoteWebDriver.java:545) ~[selenium-remote-driver-4.31.0.jar:?]
	at org.openqa.selenium.remote.ElementLocation$ElementFinder$2.findElement(ElementLocation.java:165) ~[selenium-remote-driver-4.31.0.jar:?]
	at org.openqa.selenium.remote.ElementLocation.findElement(ElementLocation.java:59) ~[selenium-remote-driver-4.31.0.jar:?]
	at org.openqa.selenium.remote.RemoteWebDriver.findElement(RemoteWebDriver.java:368) ~[selenium-remote-driver-4.31.0.jar:?]
	at org.openqa.selenium.remote.RemoteWebDriver.findElement(RemoteWebDriver.java:362) ~[selenium-remote-driver-4.31.0.jar:?]
	at testcases.stepactionwithdataentries.Columnbutton(stepactionwithdataentries.java:177) ~[test-classes/:?]
	at java.base/jdk.internal.reflect.DirectMethodHandleAccessor.invoke(DirectMethodHandleAccessor.java:103) ~[?:?]
	at java.base/java.lang.reflect.Method.invoke(Method.java:580) ~[?:?]
	at org.testng.internal.MethodInvocationHelper.invokeMethod(MethodInvocationHelper.java:133) ~[testng-7.4.0.jar:7.4.0]
	at org.testng.internal.TestInvoker.invokeMethod(TestInvoker.java:598) ~[testng-7.4.0.jar:7.4.0]
	at org.testng.internal.TestInvoker.invokeTestMethod(TestInvoker.java:173) ~[testng-7.4.0.jar:7.4.0]
	at org.testng.internal.MethodRunner.runInSequence(MethodRunner.java:46) ~[testng-7.4.0.jar:7.4.0]
	at org.testng.internal.TestInvoker$MethodInvocationAgent.invoke(TestInvoker.java:824) ~[testng-7.4.0.jar:7.4.0]
	at org.testng.internal.TestInvoker.invokeTestMethods(TestInvoker.java:146) ~[testng-7.4.0.jar:7.4.0]
	at org.testng.internal.TestMethodWorker.invokeTestMethods(TestMethodWorker.java:146) ~[testng-7.4.0.jar:7.4.0]
	at org.testng.internal.TestMethodWorker.run(TestMethodWorker.java:128) ~[testng-7.4.0.jar:7.4.0]
	at java.base/java.util.ArrayList.forEach(ArrayList.java:1596) [?:?]
	at org.testng.TestRunner.privateRun(TestRunner.java:794) [testng-7.4.0.jar:7.4.0]
	at org.testng.TestRunner.run(TestRunner.java:596) [testng-7.4.0.jar:7.4.0]
	at org.testng.SuiteRunner.runTest(SuiteRunner.java:377) [testng-7.4.0.jar:7.4.0]
	at org.testng.SuiteRunner.runSequentially(SuiteRunner.java:371) [testng-7.4.0.jar:7.4.0]
	at org.testng.SuiteRunner.privateRun(SuiteRunner.java:332) [testng-7.4.0.jar:7.4.0]
	at org.testng.SuiteRunner.run(SuiteRunner.java:276) [testng-7.4.0.jar:7.4.0]
	at org.testng.SuiteRunnerWorker.runSuite(SuiteRunnerWorker.java:53) [testng-7.4.0.jar:7.4.0]
	at org.testng.SuiteRunnerWorker.run(SuiteRunnerWorker.java:96) [testng-7.4.0.jar:7.4.0]
	at org.testng.TestNG.runSuitesSequentially(TestNG.java:1212) [testng-7.4.0.jar:7.4.0]
	at org.testng.TestNG.runSuitesLocally(TestNG.java:1134) [testng-7.4.0.jar:7.4.0]
	at org.testng.TestNG.runSuites(TestNG.java:1063) [testng-7.4.0.jar:7.4.0]
	at org.testng.TestNG.run(TestNG.java:1031) [testng-7.4.0.jar:7.4.0]
	at org.testng.remote.AbstractRemoteTestNG.run(AbstractRemoteTestNG.java:115) [testng-remote.jar:?]
	at org.testng.remote.RemoteTestNG.initAndRun(RemoteTestNG.java:293) [testng-remote.jar:?]
	at org.testng.remote.RemoteTestNG.main(RemoteTestNG.java:91) [testng-remote.jar:?]
14:22:46.957 [main] ERROR testcases.Basiccontrol - Error occurred in Datatypedropdown method: 
org.openqa.selenium.ElementNotInteractableException: element not interactable
  (Session info: chrome=137.0.7151.69)
Build info: version: '4.31.0', revision: '1ef9f18787*'
System info: os.name: 'Windows 11', os.arch: 'amd64', os.version: '10.0', java.version: '21.0.7'
Driver info: org.openqa.selenium.chrome.ChromeDriver
Command: [daeaec6c380323126a9a3b6d39dfc7b2, clickElement {id=f.C242583AE60AF752A3154019EC01436B.d.269A72624EAA1D8C5760EA6A534A2019.e.1088}]
Capabilities {acceptInsecureCerts: false, browserName: chrome, browserVersion: 137.0.7151.69, chrome: {chromedriverVersion: 137.0.7151.70 (dfa4dc56b2ab..., userDataDir: C:\Users\VSRIKA~1\AppData\L...}, fedcm:accounts: true, goog:chromeOptions: {debuggerAddress: localhost:60718}, networkConnectionEnabled: false, pageLoadStrategy: normal, platformName: windows, proxy: Proxy(), se:cdp: ws://localhost:60718/devtoo..., se:cdpVersion: 137.0.7151.69, setWindowRect: true, strictFileInteractability: false, timeouts: {implicit: 0, pageLoad: 300000, script: 30000}, unhandledPromptBehavior: dismiss and notify, webauthn:extension:credBlob: true, webauthn:extension:largeBlob: true, webauthn:extension:minPinLength: true, webauthn:extension:prf: true, webauthn:virtualAuthenticators: true}
Element: [[ChromeDriver: chrome on windows (daeaec6c380323126a9a3b6d39dfc7b2)] -> xpath: //select[contains(@class,'form-control ng-untouched ng-pristine ng-valid')]]
Session ID: daeaec6c380323126a9a3b6d39dfc7b2
	at java.base/jdk.internal.reflect.DirectConstructorHandleAccessor.newInstance(DirectConstructorHandleAccessor.java:62) ~[?:?]
	at java.base/java.lang.reflect.Constructor.newInstanceWithCaller(Constructor.java:502) ~[?:?]
	at java.base/java.lang.reflect.Constructor.newInstance(Constructor.java:486) ~[?:?]
	at org.openqa.selenium.remote.ErrorCodec.decode(ErrorCodec.java:167) ~[selenium-remote-driver-4.31.0.jar:?]
	at org.openqa.selenium.remote.codec.w3c.W3CHttpResponseCodec.decode(W3CHttpResponseCodec.java:138) ~[selenium-remote-driver-4.31.0.jar:?]
	at org.openqa.selenium.remote.codec.w3c.W3CHttpResponseCodec.decode(W3CHttpResponseCodec.java:50) ~[selenium-remote-driver-4.31.0.jar:?]
	at org.openqa.selenium.remote.HttpCommandExecutor.execute(HttpCommandExecutor.java:215) ~[selenium-remote-driver-4.31.0.jar:?]
	at org.openqa.selenium.remote.service.DriverCommandExecutor.invokeExecute(DriverCommandExecutor.java:216) ~[selenium-remote-driver-4.31.0.jar:?]
	at org.openqa.selenium.remote.service.DriverCommandExecutor.execute(DriverCommandExecutor.java:174) ~[selenium-remote-driver-4.31.0.jar:?]
	at org.openqa.selenium.remote.RemoteWebDriver.execute(RemoteWebDriver.java:545) ~[selenium-remote-driver-4.31.0.jar:?]
	at org.openqa.selenium.remote.RemoteWebElement.execute(RemoteWebElement.java:223) ~[selenium-remote-driver-4.31.0.jar:?]
	at org.openqa.selenium.remote.RemoteWebElement.click(RemoteWebElement.java:76) ~[selenium-remote-driver-4.31.0.jar:?]
	at testcases.stepactionwithdataentries.Datatypedropdown(stepactionwithdataentries.java:183) ~[test-classes/:?]
	at java.base/jdk.internal.reflect.DirectMethodHandleAccessor.invoke(DirectMethodHandleAccessor.java:103) ~[?:?]
	at java.base/java.lang.reflect.Method.invoke(Method.java:580) ~[?:?]
	at org.testng.internal.MethodInvocationHelper.invokeMethod(MethodInvocationHelper.java:133) ~[testng-7.4.0.jar:7.4.0]
	at org.testng.internal.TestInvoker.invokeMethod(TestInvoker.java:598) ~[testng-7.4.0.jar:7.4.0]
	at org.testng.internal.TestInvoker.invokeTestMethod(TestInvoker.java:173) ~[testng-7.4.0.jar:7.4.0]
	at org.testng.internal.MethodRunner.runInSequence(MethodRunner.java:46) ~[testng-7.4.0.jar:7.4.0]
	at org.testng.internal.TestInvoker$MethodInvocationAgent.invoke(TestInvoker.java:824) ~[testng-7.4.0.jar:7.4.0]
	at org.testng.internal.TestInvoker.invokeTestMethods(TestInvoker.java:146) ~[testng-7.4.0.jar:7.4.0]
	at org.testng.internal.TestMethodWorker.invokeTestMethods(TestMethodWorker.java:146) ~[testng-7.4.0.jar:7.4.0]
	at org.testng.internal.TestMethodWorker.run(TestMethodWorker.java:128) ~[testng-7.4.0.jar:7.4.0]
	at java.base/java.util.ArrayList.forEach(ArrayList.java:1596) [?:?]
	at org.testng.TestRunner.privateRun(TestRunner.java:794) [testng-7.4.0.jar:7.4.0]
	at org.testng.TestRunner.run(TestRunner.java:596) [testng-7.4.0.jar:7.4.0]
	at org.testng.SuiteRunner.runTest(SuiteRunner.java:377) [testng-7.4.0.jar:7.4.0]
	at org.testng.SuiteRunner.runSequentially(SuiteRunner.java:371) [testng-7.4.0.jar:7.4.0]
	at org.testng.SuiteRunner.privateRun(SuiteRunner.java:332) [testng-7.4.0.jar:7.4.0]
	at org.testng.SuiteRunner.run(SuiteRunner.java:276) [testng-7.4.0.jar:7.4.0]
	at org.testng.SuiteRunnerWorker.runSuite(SuiteRunnerWorker.java:53) [testng-7.4.0.jar:7.4.0]
	at org.testng.SuiteRunnerWorker.run(SuiteRunnerWorker.java:96) [testng-7.4.0.jar:7.4.0]
	at org.testng.TestNG.runSuitesSequentially(TestNG.java:1212) [testng-7.4.0.jar:7.4.0]
	at org.testng.TestNG.runSuitesLocally(TestNG.java:1134) [testng-7.4.0.jar:7.4.0]
	at org.testng.TestNG.runSuites(TestNG.java:1063) [testng-7.4.0.jar:7.4.0]
	at org.testng.TestNG.run(TestNG.java:1031) [testng-7.4.0.jar:7.4.0]
	at org.testng.remote.AbstractRemoteTestNG.run(AbstractRemoteTestNG.java:115) [testng-remote.jar:?]
	at org.testng.remote.RemoteTestNG.initAndRun(RemoteTestNG.java:293) [testng-remote.jar:?]
	at org.testng.remote.RemoteTestNG.main(RemoteTestNG.java:91) [testng-remote.jar:?]
14:22:51.229 [main] ERROR testcases.Basiccontrol - Error occurred in Textdataentry method: 
org.openqa.selenium.ElementNotInteractableException: element not interactable: Element is not currently visible and may not be manipulated
  (Session info: chrome=137.0.7151.69)
Build info: version: '4.31.0', revision: '1ef9f18787*'
System info: os.name: 'Windows 11', os.arch: 'amd64', os.version: '10.0', java.version: '21.0.7'
Driver info: org.openqa.selenium.chrome.ChromeDriver
Command: [daeaec6c380323126a9a3b6d39dfc7b2, clickElement {id=f.C242583AE60AF752A3154019EC01436B.d.269A72624EAA1D8C5760EA6A534A2019.e.1207}]
Capabilities {acceptInsecureCerts: false, browserName: chrome, browserVersion: 137.0.7151.69, chrome: {chromedriverVersion: 137.0.7151.70 (dfa4dc56b2ab..., userDataDir: C:\Users\VSRIKA~1\AppData\L...}, fedcm:accounts: true, goog:chromeOptions: {debuggerAddress: localhost:60718}, networkConnectionEnabled: false, pageLoadStrategy: normal, platformName: windows, proxy: Proxy(), se:cdp: ws://localhost:60718/devtoo..., se:cdpVersion: 137.0.7151.69, setWindowRect: true, strictFileInteractability: false, timeouts: {implicit: 0, pageLoad: 300000, script: 30000}, unhandledPromptBehavior: dismiss and notify, webauthn:extension:credBlob: true, webauthn:extension:largeBlob: true, webauthn:extension:minPinLength: true, webauthn:extension:prf: true, webauthn:virtualAuthenticators: true}
Element: [[[[ChromeDriver: chrome on windows (daeaec6c380323126a9a3b6d39dfc7b2)] -> xpath: //select[contains(@class,'form-control ng-untouched ng-pristine ng-valid')]]] -> tag name: option]
Session ID: daeaec6c380323126a9a3b6d39dfc7b2
	at java.base/jdk.internal.reflect.DirectConstructorHandleAccessor.newInstance(DirectConstructorHandleAccessor.java:62) ~[?:?]
	at java.base/java.lang.reflect.Constructor.newInstanceWithCaller(Constructor.java:502) ~[?:?]
	at java.base/java.lang.reflect.Constructor.newInstance(Constructor.java:486) ~[?:?]
	at org.openqa.selenium.remote.ErrorCodec.decode(ErrorCodec.java:167) ~[selenium-remote-driver-4.31.0.jar:?]
	at org.openqa.selenium.remote.codec.w3c.W3CHttpResponseCodec.decode(W3CHttpResponseCodec.java:138) ~[selenium-remote-driver-4.31.0.jar:?]
	at org.openqa.selenium.remote.codec.w3c.W3CHttpResponseCodec.decode(W3CHttpResponseCodec.java:50) ~[selenium-remote-driver-4.31.0.jar:?]
	at org.openqa.selenium.remote.HttpCommandExecutor.execute(HttpCommandExecutor.java:215) ~[selenium-remote-driver-4.31.0.jar:?]
	at org.openqa.selenium.remote.service.DriverCommandExecutor.invokeExecute(DriverCommandExecutor.java:216) ~[selenium-remote-driver-4.31.0.jar:?]
	at org.openqa.selenium.remote.service.DriverCommandExecutor.execute(DriverCommandExecutor.java:174) ~[selenium-remote-driver-4.31.0.jar:?]
	at org.openqa.selenium.remote.RemoteWebDriver.execute(RemoteWebDriver.java:545) ~[selenium-remote-driver-4.31.0.jar:?]
	at org.openqa.selenium.remote.RemoteWebElement.execute(RemoteWebElement.java:223) ~[selenium-remote-driver-4.31.0.jar:?]
	at org.openqa.selenium.remote.RemoteWebElement.click(RemoteWebElement.java:76) ~[selenium-remote-driver-4.31.0.jar:?]
	at org.openqa.selenium.support.ui.Select.setSelected(Select.java:419) ~[selenium-support-4.31.0.jar:?]
	at org.openqa.selenium.support.ui.Select.setSelectedByIndex(Select.java:403) ~[selenium-support-4.31.0.jar:?]
	at org.openqa.selenium.support.ui.Select.selectByIndex(Select.java:262) ~[selenium-support-4.31.0.jar:?]
	at testcases.stepactionwithdataentries.Textdataentry(stepactionwithdataentries.java:190) ~[test-classes/:?]
	at java.base/jdk.internal.reflect.DirectMethodHandleAccessor.invoke(DirectMethodHandleAccessor.java:103) ~[?:?]
	at java.base/java.lang.reflect.Method.invoke(Method.java:580) ~[?:?]
	at org.testng.internal.MethodInvocationHelper.invokeMethod(MethodInvocationHelper.java:133) ~[testng-7.4.0.jar:7.4.0]
	at org.testng.internal.TestInvoker.invokeMethod(TestInvoker.java:598) ~[testng-7.4.0.jar:7.4.0]
	at org.testng.internal.TestInvoker.invokeTestMethod(TestInvoker.java:173) ~[testng-7.4.0.jar:7.4.0]
	at org.testng.internal.MethodRunner.runInSequence(MethodRunner.java:46) ~[testng-7.4.0.jar:7.4.0]
	at org.testng.internal.TestInvoker$MethodInvocationAgent.invoke(TestInvoker.java:824) ~[testng-7.4.0.jar:7.4.0]
	at org.testng.internal.TestInvoker.invokeTestMethods(TestInvoker.java:146) ~[testng-7.4.0.jar:7.4.0]
	at org.testng.internal.TestMethodWorker.invokeTestMethods(TestMethodWorker.java:146) ~[testng-7.4.0.jar:7.4.0]
	at org.testng.internal.TestMethodWorker.run(TestMethodWorker.java:128) ~[testng-7.4.0.jar:7.4.0]
	at java.base/java.util.ArrayList.forEach(ArrayList.java:1596) [?:?]
	at org.testng.TestRunner.privateRun(TestRunner.java:794) [testng-7.4.0.jar:7.4.0]
	at org.testng.TestRunner.run(TestRunner.java:596) [testng-7.4.0.jar:7.4.0]
	at org.testng.SuiteRunner.runTest(SuiteRunner.java:377) [testng-7.4.0.jar:7.4.0]
	at org.testng.SuiteRunner.runSequentially(SuiteRunner.java:371) [testng-7.4.0.jar:7.4.0]
	at org.testng.SuiteRunner.privateRun(SuiteRunner.java:332) [testng-7.4.0.jar:7.4.0]
	at org.testng.SuiteRunner.run(SuiteRunner.java:276) [testng-7.4.0.jar:7.4.0]
	at org.testng.SuiteRunnerWorker.runSuite(SuiteRunnerWorker.java:53) [testng-7.4.0.jar:7.4.0]
	at org.testng.SuiteRunnerWorker.run(SuiteRunnerWorker.java:96) [testng-7.4.0.jar:7.4.0]
	at org.testng.TestNG.runSuitesSequentially(TestNG.java:1212) [testng-7.4.0.jar:7.4.0]
	at org.testng.TestNG.runSuitesLocally(TestNG.java:1134) [testng-7.4.0.jar:7.4.0]
	at org.testng.TestNG.runSuites(TestNG.java:1063) [testng-7.4.0.jar:7.4.0]
	at org.testng.TestNG.run(TestNG.java:1031) [testng-7.4.0.jar:7.4.0]
	at org.testng.remote.AbstractRemoteTestNG.run(AbstractRemoteTestNG.java:115) [testng-remote.jar:?]
	at org.testng.remote.RemoteTestNG.initAndRun(RemoteTestNG.java:293) [testng-remote.jar:?]
	at org.testng.remote.RemoteTestNG.main(RemoteTestNG.java:91) [testng-remote.jar:?]
14:23:07.617 [main] ERROR testcases.Basiccontrol - Error occurred in Datatypedropdown1 method: 
org.openqa.selenium.NoSuchElementException: Cannot locate option with index: 2
For documentation on this error, please visit: https://www.selenium.dev/documentation/webdriver/troubleshooting/errors#no-such-element-exception
Build info: version: '4.31.0', revision: '1ef9f18787*'
System info: os.name: 'Windows 11', os.arch: 'amd64', os.version: '10.0', java.version: '21.0.7'
Driver info: driver.version: unknown
	at org.openqa.selenium.support.ui.Select.setSelectedByIndex(Select.java:407) ~[selenium-support-4.31.0.jar:?]
	at org.openqa.selenium.support.ui.Select.selectByIndex(Select.java:262) ~[selenium-support-4.31.0.jar:?]
	at testcases.stepactionwithdataentries.Datatypedropdown12(stepactionwithdataentries.java:209) ~[test-classes/:?]
	at java.base/jdk.internal.reflect.DirectMethodHandleAccessor.invoke(DirectMethodHandleAccessor.java:103) ~[?:?]
	at java.base/java.lang.reflect.Method.invoke(Method.java:580) ~[?:?]
	at org.testng.internal.MethodInvocationHelper.invokeMethod(MethodInvocationHelper.java:133) ~[testng-7.4.0.jar:7.4.0]
	at org.testng.internal.TestInvoker.invokeMethod(TestInvoker.java:598) ~[testng-7.4.0.jar:7.4.0]
	at org.testng.internal.TestInvoker.invokeTestMethod(TestInvoker.java:173) ~[testng-7.4.0.jar:7.4.0]
	at org.testng.internal.MethodRunner.runInSequence(MethodRunner.java:46) ~[testng-7.4.0.jar:7.4.0]
	at org.testng.internal.TestInvoker$MethodInvocationAgent.invoke(TestInvoker.java:824) ~[testng-7.4.0.jar:7.4.0]
	at org.testng.internal.TestInvoker.invokeTestMethods(TestInvoker.java:146) ~[testng-7.4.0.jar:7.4.0]
	at org.testng.internal.TestMethodWorker.invokeTestMethods(TestMethodWorker.java:146) ~[testng-7.4.0.jar:7.4.0]
	at org.testng.internal.TestMethodWorker.run(TestMethodWorker.java:128) ~[testng-7.4.0.jar:7.4.0]
	at java.base/java.util.ArrayList.forEach(ArrayList.java:1596) [?:?]
	at org.testng.TestRunner.privateRun(TestRunner.java:794) [testng-7.4.0.jar:7.4.0]
	at org.testng.TestRunner.run(TestRunner.java:596) [testng-7.4.0.jar:7.4.0]
	at org.testng.SuiteRunner.runTest(SuiteRunner.java:377) [testng-7.4.0.jar:7.4.0]
	at org.testng.SuiteRunner.runSequentially(SuiteRunner.java:371) [testng-7.4.0.jar:7.4.0]
	at org.testng.SuiteRunner.privateRun(SuiteRunner.java:332) [testng-7.4.0.jar:7.4.0]
	at org.testng.SuiteRunner.run(SuiteRunner.java:276) [testng-7.4.0.jar:7.4.0]
	at org.testng.SuiteRunnerWorker.runSuite(SuiteRunnerWorker.java:53) [testng-7.4.0.jar:7.4.0]
	at org.testng.SuiteRunnerWorker.run(SuiteRunnerWorker.java:96) [testng-7.4.0.jar:7.4.0]
	at org.testng.TestNG.runSuitesSequentially(TestNG.java:1212) [testng-7.4.0.jar:7.4.0]
	at org.testng.TestNG.runSuitesLocally(TestNG.java:1134) [testng-7.4.0.jar:7.4.0]
	at org.testng.TestNG.runSuites(TestNG.java:1063) [testng-7.4.0.jar:7.4.0]
	at org.testng.TestNG.run(TestNG.java:1031) [testng-7.4.0.jar:7.4.0]
	at org.testng.remote.AbstractRemoteTestNG.run(AbstractRemoteTestNG.java:115) [testng-remote.jar:?]
	at org.testng.remote.RemoteTestNG.initAndRun(RemoteTestNG.java:293) [testng-remote.jar:?]
	at org.testng.remote.RemoteTestNG.main(RemoteTestNG.java:91) [testng-remote.jar:?]
14:23:09.798 [main] ERROR testcases.Basiccontrol - Error occurred in Textareadataentry method: 
org.openqa.selenium.ElementNotInteractableException: element not interactable: Element is not currently visible and may not be manipulated
  (Session info: chrome=137.0.7151.69)
Build info: version: '4.31.0', revision: '1ef9f18787*'
System info: os.name: 'Windows 11', os.arch: 'amd64', os.version: '10.0', java.version: '21.0.7'
Driver info: org.openqa.selenium.chrome.ChromeDriver
Command: [daeaec6c380323126a9a3b6d39dfc7b2, clickElement {id=f.C242583AE60AF752A3154019EC01436B.d.269A72624EAA1D8C5760EA6A534A2019.e.1209}]
Capabilities {acceptInsecureCerts: false, browserName: chrome, browserVersion: 137.0.7151.69, chrome: {chromedriverVersion: 137.0.7151.70 (dfa4dc56b2ab..., userDataDir: C:\Users\VSRIKA~1\AppData\L...}, fedcm:accounts: true, goog:chromeOptions: {debuggerAddress: localhost:60718}, networkConnectionEnabled: false, pageLoadStrategy: normal, platformName: windows, proxy: Proxy(), se:cdp: ws://localhost:60718/devtoo..., se:cdpVersion: 137.0.7151.69, setWindowRect: true, strictFileInteractability: false, timeouts: {implicit: 0, pageLoad: 300000, script: 30000}, unhandledPromptBehavior: dismiss and notify, webauthn:extension:credBlob: true, webauthn:extension:largeBlob: true, webauthn:extension:minPinLength: true, webauthn:extension:prf: true, webauthn:virtualAuthenticators: true}
Element: [[ChromeDriver: chrome on windows (daeaec6c380323126a9a3b6d39dfc7b2)] -> xpath: (//option[@class='ng-star-inserted'])[2]]
Session ID: daeaec6c380323126a9a3b6d39dfc7b2
	at java.base/jdk.internal.reflect.DirectConstructorHandleAccessor.newInstance(DirectConstructorHandleAccessor.java:62) ~[?:?]
	at java.base/java.lang.reflect.Constructor.newInstanceWithCaller(Constructor.java:502) ~[?:?]
	at java.base/java.lang.reflect.Constructor.newInstance(Constructor.java:486) ~[?:?]
	at org.openqa.selenium.remote.ErrorCodec.decode(ErrorCodec.java:167) ~[selenium-remote-driver-4.31.0.jar:?]
	at org.openqa.selenium.remote.codec.w3c.W3CHttpResponseCodec.decode(W3CHttpResponseCodec.java:138) ~[selenium-remote-driver-4.31.0.jar:?]
	at org.openqa.selenium.remote.codec.w3c.W3CHttpResponseCodec.decode(W3CHttpResponseCodec.java:50) ~[selenium-remote-driver-4.31.0.jar:?]
	at org.openqa.selenium.remote.HttpCommandExecutor.execute(HttpCommandExecutor.java:215) ~[selenium-remote-driver-4.31.0.jar:?]
	at org.openqa.selenium.remote.service.DriverCommandExecutor.invokeExecute(DriverCommandExecutor.java:216) ~[selenium-remote-driver-4.31.0.jar:?]
	at org.openqa.selenium.remote.service.DriverCommandExecutor.execute(DriverCommandExecutor.java:174) ~[selenium-remote-driver-4.31.0.jar:?]
	at org.openqa.selenium.remote.RemoteWebDriver.execute(RemoteWebDriver.java:545) ~[selenium-remote-driver-4.31.0.jar:?]
	at org.openqa.selenium.remote.RemoteWebElement.execute(RemoteWebElement.java:223) ~[selenium-remote-driver-4.31.0.jar:?]
	at org.openqa.selenium.remote.RemoteWebElement.click(RemoteWebElement.java:76) ~[selenium-remote-driver-4.31.0.jar:?]
	at testcases.stepactionwithdataentries.Textareadataentry2(stepactionwithdataentries.java:215) ~[test-classes/:?]
	at java.base/jdk.internal.reflect.DirectMethodHandleAccessor.invoke(DirectMethodHandleAccessor.java:103) ~[?:?]
	at java.base/java.lang.reflect.Method.invoke(Method.java:580) ~[?:?]
	at org.testng.internal.MethodInvocationHelper.invokeMethod(MethodInvocationHelper.java:133) ~[testng-7.4.0.jar:7.4.0]
	at org.testng.internal.TestInvoker.invokeMethod(TestInvoker.java:598) ~[testng-7.4.0.jar:7.4.0]
	at org.testng.internal.TestInvoker.invokeTestMethod(TestInvoker.java:173) ~[testng-7.4.0.jar:7.4.0]
	at org.testng.internal.MethodRunner.runInSequence(MethodRunner.java:46) ~[testng-7.4.0.jar:7.4.0]
	at org.testng.internal.TestInvoker$MethodInvocationAgent.invoke(TestInvoker.java:824) ~[testng-7.4.0.jar:7.4.0]
	at org.testng.internal.TestInvoker.invokeTestMethods(TestInvoker.java:146) ~[testng-7.4.0.jar:7.4.0]
	at org.testng.internal.TestMethodWorker.invokeTestMethods(TestMethodWorker.java:146) ~[testng-7.4.0.jar:7.4.0]
	at org.testng.internal.TestMethodWorker.run(TestMethodWorker.java:128) ~[testng-7.4.0.jar:7.4.0]
	at java.base/java.util.ArrayList.forEach(ArrayList.java:1596) [?:?]
	at org.testng.TestRunner.privateRun(TestRunner.java:794) [testng-7.4.0.jar:7.4.0]
	at org.testng.TestRunner.run(TestRunner.java:596) [testng-7.4.0.jar:7.4.0]
	at org.testng.SuiteRunner.runTest(SuiteRunner.java:377) [testng-7.4.0.jar:7.4.0]
	at org.testng.SuiteRunner.runSequentially(SuiteRunner.java:371) [testng-7.4.0.jar:7.4.0]
	at org.testng.SuiteRunner.privateRun(SuiteRunner.java:332) [testng-7.4.0.jar:7.4.0]
	at org.testng.SuiteRunner.run(SuiteRunner.java:276) [testng-7.4.0.jar:7.4.0]
	at org.testng.SuiteRunnerWorker.runSuite(SuiteRunnerWorker.java:53) [testng-7.4.0.jar:7.4.0]
	at org.testng.SuiteRunnerWorker.run(SuiteRunnerWorker.java:96) [testng-7.4.0.jar:7.4.0]
	at org.testng.TestNG.runSuitesSequentially(TestNG.java:1212) [testng-7.4.0.jar:7.4.0]
	at org.testng.TestNG.runSuitesLocally(TestNG.java:1134) [testng-7.4.0.jar:7.4.0]
	at org.testng.TestNG.runSuites(TestNG.java:1063) [testng-7.4.0.jar:7.4.0]
	at org.testng.TestNG.run(TestNG.java:1031) [testng-7.4.0.jar:7.4.0]
	at org.testng.remote.AbstractRemoteTestNG.run(AbstractRemoteTestNG.java:115) [testng-remote.jar:?]
	at org.testng.remote.RemoteTestNG.initAndRun(RemoteTestNG.java:293) [testng-remote.jar:?]
	at org.testng.remote.RemoteTestNG.main(RemoteTestNG.java:91) [testng-remote.jar:?]
14:23:14.229 [main] ERROR testcases.Basiccontrol - Error occurred in Numberdataentry method: 
org.openqa.selenium.ElementNotInteractableException: element not interactable: Element is not currently visible and may not be manipulated
  (Session info: chrome=137.0.7151.69)
Build info: version: '4.31.0', revision: '1ef9f18787*'
System info: os.name: 'Windows 11', os.arch: 'amd64', os.version: '10.0', java.version: '21.0.7'
Driver info: org.openqa.selenium.chrome.ChromeDriver
Command: [daeaec6c380323126a9a3b6d39dfc7b2, clickElement {id=f.C242583AE60AF752A3154019EC01436B.d.269A72624EAA1D8C5760EA6A534A2019.e.1211}]
Capabilities {acceptInsecureCerts: false, browserName: chrome, browserVersion: 137.0.7151.69, chrome: {chromedriverVersion: 137.0.7151.70 (dfa4dc56b2ab..., userDataDir: C:\Users\VSRIKA~1\AppData\L...}, fedcm:accounts: true, goog:chromeOptions: {debuggerAddress: localhost:60718}, networkConnectionEnabled: false, pageLoadStrategy: normal, platformName: windows, proxy: Proxy(), se:cdp: ws://localhost:60718/devtoo..., se:cdpVersion: 137.0.7151.69, setWindowRect: true, strictFileInteractability: false, timeouts: {implicit: 0, pageLoad: 300000, script: 30000}, unhandledPromptBehavior: dismiss and notify, webauthn:extension:credBlob: true, webauthn:extension:largeBlob: true, webauthn:extension:minPinLength: true, webauthn:extension:prf: true, webauthn:virtualAuthenticators: true}
Element: [[ChromeDriver: chrome on windows (daeaec6c380323126a9a3b6d39dfc7b2)] -> xpath: (//option[@class='ng-star-inserted'])[3]]
Session ID: daeaec6c380323126a9a3b6d39dfc7b2
	at java.base/jdk.internal.reflect.DirectConstructorHandleAccessor.newInstance(DirectConstructorHandleAccessor.java:62) ~[?:?]
	at java.base/java.lang.reflect.Constructor.newInstanceWithCaller(Constructor.java:502) ~[?:?]
	at java.base/java.lang.reflect.Constructor.newInstance(Constructor.java:486) ~[?:?]
	at org.openqa.selenium.remote.ErrorCodec.decode(ErrorCodec.java:167) ~[selenium-remote-driver-4.31.0.jar:?]
	at org.openqa.selenium.remote.codec.w3c.W3CHttpResponseCodec.decode(W3CHttpResponseCodec.java:138) ~[selenium-remote-driver-4.31.0.jar:?]
	at org.openqa.selenium.remote.codec.w3c.W3CHttpResponseCodec.decode(W3CHttpResponseCodec.java:50) ~[selenium-remote-driver-4.31.0.jar:?]
	at org.openqa.selenium.remote.HttpCommandExecutor.execute(HttpCommandExecutor.java:215) ~[selenium-remote-driver-4.31.0.jar:?]
	at org.openqa.selenium.remote.service.DriverCommandExecutor.invokeExecute(DriverCommandExecutor.java:216) ~[selenium-remote-driver-4.31.0.jar:?]
	at org.openqa.selenium.remote.service.DriverCommandExecutor.execute(DriverCommandExecutor.java:174) ~[selenium-remote-driver-4.31.0.jar:?]
	at org.openqa.selenium.remote.RemoteWebDriver.execute(RemoteWebDriver.java:545) ~[selenium-remote-driver-4.31.0.jar:?]
	at org.openqa.selenium.remote.RemoteWebElement.execute(RemoteWebElement.java:223) ~[selenium-remote-driver-4.31.0.jar:?]
	at org.openqa.selenium.remote.RemoteWebElement.click(RemoteWebElement.java:76) ~[selenium-remote-driver-4.31.0.jar:?]
	at testcases.stepactionwithdataentries.Numberdataentry2(stepactionwithdataentries.java:234) ~[test-classes/:?]
	at java.base/jdk.internal.reflect.DirectMethodHandleAccessor.invoke(DirectMethodHandleAccessor.java:103) ~[?:?]
	at java.base/java.lang.reflect.Method.invoke(Method.java:580) ~[?:?]
	at org.testng.internal.MethodInvocationHelper.invokeMethod(MethodInvocationHelper.java:133) ~[testng-7.4.0.jar:7.4.0]
	at org.testng.internal.TestInvoker.invokeMethod(TestInvoker.java:598) ~[testng-7.4.0.jar:7.4.0]
	at org.testng.internal.TestInvoker.invokeTestMethod(TestInvoker.java:173) ~[testng-7.4.0.jar:7.4.0]
	at org.testng.internal.MethodRunner.runInSequence(MethodRunner.java:46) ~[testng-7.4.0.jar:7.4.0]
	at org.testng.internal.TestInvoker$MethodInvocationAgent.invoke(TestInvoker.java:824) ~[testng-7.4.0.jar:7.4.0]
	at org.testng.internal.TestInvoker.invokeTestMethods(TestInvoker.java:146) ~[testng-7.4.0.jar:7.4.0]
	at org.testng.internal.TestMethodWorker.invokeTestMethods(TestMethodWorker.java:146) ~[testng-7.4.0.jar:7.4.0]
	at org.testng.internal.TestMethodWorker.run(TestMethodWorker.java:128) ~[testng-7.4.0.jar:7.4.0]
	at java.base/java.util.ArrayList.forEach(ArrayList.java:1596) [?:?]
	at org.testng.TestRunner.privateRun(TestRunner.java:794) [testng-7.4.0.jar:7.4.0]
	at org.testng.TestRunner.run(TestRunner.java:596) [testng-7.4.0.jar:7.4.0]
	at org.testng.SuiteRunner.runTest(SuiteRunner.java:377) [testng-7.4.0.jar:7.4.0]
	at org.testng.SuiteRunner.runSequentially(SuiteRunner.java:371) [testng-7.4.0.jar:7.4.0]
	at org.testng.SuiteRunner.privateRun(SuiteRunner.java:332) [testng-7.4.0.jar:7.4.0]
	at org.testng.SuiteRunner.run(SuiteRunner.java:276) [testng-7.4.0.jar:7.4.0]
	at org.testng.SuiteRunnerWorker.runSuite(SuiteRunnerWorker.java:53) [testng-7.4.0.jar:7.4.0]
	at org.testng.SuiteRunnerWorker.run(SuiteRunnerWorker.java:96) [testng-7.4.0.jar:7.4.0]
	at org.testng.TestNG.runSuitesSequentially(TestNG.java:1212) [testng-7.4.0.jar:7.4.0]
	at org.testng.TestNG.runSuitesLocally(TestNG.java:1134) [testng-7.4.0.jar:7.4.0]
	at org.testng.TestNG.runSuites(TestNG.java:1063) [testng-7.4.0.jar:7.4.0]
	at org.testng.TestNG.run(TestNG.java:1031) [testng-7.4.0.jar:7.4.0]
	at org.testng.remote.AbstractRemoteTestNG.run(AbstractRemoteTestNG.java:115) [testng-remote.jar:?]
	at org.testng.remote.RemoteTestNG.initAndRun(RemoteTestNG.java:293) [testng-remote.jar:?]
	at org.testng.remote.RemoteTestNG.main(RemoteTestNG.java:91) [testng-remote.jar:?]
14:23:14.399 [main] ERROR testcases.Basiccontrol - Error occurred in Column4 method: 
org.openqa.selenium.NoSuchElementException: no such element: Unable to locate element: {"method":"xpath","selector":"(//td[@class='text-center'])[4]"}
  (Session info: chrome=137.0.7151.69)
For documentation on this error, please visit: https://www.selenium.dev/documentation/webdriver/troubleshooting/errors#no-such-element-exception
Build info: version: '4.31.0', revision: '1ef9f18787*'
System info: os.name: 'Windows 11', os.arch: 'amd64', os.version: '10.0', java.version: '21.0.7'
Driver info: org.openqa.selenium.chrome.ChromeDriver
Command: [daeaec6c380323126a9a3b6d39dfc7b2, findElement {using=xpath, value=(//td[@class='text-center'])[4]}]
Capabilities {acceptInsecureCerts: false, browserName: chrome, browserVersion: 137.0.7151.69, chrome: {chromedriverVersion: 137.0.7151.70 (dfa4dc56b2ab..., userDataDir: C:\Users\VSRIKA~1\AppData\L...}, fedcm:accounts: true, goog:chromeOptions: {debuggerAddress: localhost:60718}, networkConnectionEnabled: false, pageLoadStrategy: normal, platformName: windows, proxy: Proxy(), se:cdp: ws://localhost:60718/devtoo..., se:cdpVersion: 137.0.7151.69, setWindowRect: true, strictFileInteractability: false, timeouts: {implicit: 0, pageLoad: 300000, script: 30000}, unhandledPromptBehavior: dismiss and notify, webauthn:extension:credBlob: true, webauthn:extension:largeBlob: true, webauthn:extension:minPinLength: true, webauthn:extension:prf: true, webauthn:virtualAuthenticators: true}
Session ID: daeaec6c380323126a9a3b6d39dfc7b2
	at java.base/jdk.internal.reflect.DirectConstructorHandleAccessor.newInstance(DirectConstructorHandleAccessor.java:62) ~[?:?]
	at java.base/java.lang.reflect.Constructor.newInstanceWithCaller(Constructor.java:502) ~[?:?]
	at java.base/java.lang.reflect.Constructor.newInstance(Constructor.java:486) ~[?:?]
	at org.openqa.selenium.remote.ErrorCodec.decode(ErrorCodec.java:167) ~[selenium-remote-driver-4.31.0.jar:?]
	at org.openqa.selenium.remote.codec.w3c.W3CHttpResponseCodec.decode(W3CHttpResponseCodec.java:138) ~[selenium-remote-driver-4.31.0.jar:?]
	at org.openqa.selenium.remote.codec.w3c.W3CHttpResponseCodec.decode(W3CHttpResponseCodec.java:50) ~[selenium-remote-driver-4.31.0.jar:?]
	at org.openqa.selenium.remote.HttpCommandExecutor.execute(HttpCommandExecutor.java:215) ~[selenium-remote-driver-4.31.0.jar:?]
	at org.openqa.selenium.remote.service.DriverCommandExecutor.invokeExecute(DriverCommandExecutor.java:216) ~[selenium-remote-driver-4.31.0.jar:?]
	at org.openqa.selenium.remote.service.DriverCommandExecutor.execute(DriverCommandExecutor.java:174) ~[selenium-remote-driver-4.31.0.jar:?]
	at org.openqa.selenium.remote.RemoteWebDriver.execute(RemoteWebDriver.java:545) ~[selenium-remote-driver-4.31.0.jar:?]
	at org.openqa.selenium.remote.ElementLocation$ElementFinder$2.findElement(ElementLocation.java:165) ~[selenium-remote-driver-4.31.0.jar:?]
	at org.openqa.selenium.remote.ElementLocation.findElement(ElementLocation.java:59) ~[selenium-remote-driver-4.31.0.jar:?]
	at org.openqa.selenium.remote.RemoteWebDriver.findElement(RemoteWebDriver.java:368) ~[selenium-remote-driver-4.31.0.jar:?]
	at org.openqa.selenium.remote.RemoteWebDriver.findElement(RemoteWebDriver.java:362) ~[selenium-remote-driver-4.31.0.jar:?]
	at testcases.stepactionwithdataentries.Column4(stepactionwithdataentries.java:242) ~[test-classes/:?]
	at java.base/jdk.internal.reflect.DirectMethodHandleAccessor.invoke(DirectMethodHandleAccessor.java:103) ~[?:?]
	at java.base/java.lang.reflect.Method.invoke(Method.java:580) ~[?:?]
	at org.testng.internal.MethodInvocationHelper.invokeMethod(MethodInvocationHelper.java:133) ~[testng-7.4.0.jar:7.4.0]
	at org.testng.internal.TestInvoker.invokeMethod(TestInvoker.java:598) ~[testng-7.4.0.jar:7.4.0]
	at org.testng.internal.TestInvoker.invokeTestMethod(TestInvoker.java:173) ~[testng-7.4.0.jar:7.4.0]
	at org.testng.internal.MethodRunner.runInSequence(MethodRunner.java:46) ~[testng-7.4.0.jar:7.4.0]
	at org.testng.internal.TestInvoker$MethodInvocationAgent.invoke(TestInvoker.java:824) ~[testng-7.4.0.jar:7.4.0]
	at org.testng.internal.TestInvoker.invokeTestMethods(TestInvoker.java:146) ~[testng-7.4.0.jar:7.4.0]
	at org.testng.internal.TestMethodWorker.invokeTestMethods(TestMethodWorker.java:146) ~[testng-7.4.0.jar:7.4.0]
	at org.testng.internal.TestMethodWorker.run(TestMethodWorker.java:128) ~[testng-7.4.0.jar:7.4.0]
	at java.base/java.util.ArrayList.forEach(ArrayList.java:1596) [?:?]
	at org.testng.TestRunner.privateRun(TestRunner.java:794) [testng-7.4.0.jar:7.4.0]
	at org.testng.TestRunner.run(TestRunner.java:596) [testng-7.4.0.jar:7.4.0]
	at org.testng.SuiteRunner.runTest(SuiteRunner.java:377) [testng-7.4.0.jar:7.4.0]
	at org.testng.SuiteRunner.runSequentially(SuiteRunner.java:371) [testng-7.4.0.jar:7.4.0]
	at org.testng.SuiteRunner.privateRun(SuiteRunner.java:332) [testng-7.4.0.jar:7.4.0]
	at org.testng.SuiteRunner.run(SuiteRunner.java:276) [testng-7.4.0.jar:7.4.0]
	at org.testng.SuiteRunnerWorker.runSuite(SuiteRunnerWorker.java:53) [testng-7.4.0.jar:7.4.0]
	at org.testng.SuiteRunnerWorker.run(SuiteRunnerWorker.java:96) [testng-7.4.0.jar:7.4.0]
	at org.testng.TestNG.runSuitesSequentially(TestNG.java:1212) [testng-7.4.0.jar:7.4.0]
	at org.testng.TestNG.runSuitesLocally(TestNG.java:1134) [testng-7.4.0.jar:7.4.0]
	at org.testng.TestNG.runSuites(TestNG.java:1063) [testng-7.4.0.jar:7.4.0]
	at org.testng.TestNG.run(TestNG.java:1031) [testng-7.4.0.jar:7.4.0]
	at org.testng.remote.AbstractRemoteTestNG.run(AbstractRemoteTestNG.java:115) [testng-remote.jar:?]
	at org.testng.remote.RemoteTestNG.initAndRun(RemoteTestNG.java:293) [testng-remote.jar:?]
	at org.testng.remote.RemoteTestNG.main(RemoteTestNG.java:91) [testng-remote.jar:?]
14:23:23.668 [main] ERROR testcases.Basiccontrol - Error occurred in Datatypedropdown3 method: 
org.openqa.selenium.NoSuchElementException: Cannot locate option with index: 3
For documentation on this error, please visit: https://www.selenium.dev/documentation/webdriver/troubleshooting/errors#no-such-element-exception
Build info: version: '4.31.0', revision: '1ef9f18787*'
System info: os.name: 'Windows 11', os.arch: 'amd64', os.version: '10.0', java.version: '21.0.7'
Driver info: driver.version: unknown
	at org.openqa.selenium.support.ui.Select.setSelectedByIndex(Select.java:407) ~[selenium-support-4.31.0.jar:?]
	at org.openqa.selenium.support.ui.Select.selectByIndex(Select.java:262) ~[selenium-support-4.31.0.jar:?]
	at testcases.stepactionwithdataentries.Datatypedropdown2(stepactionwithdataentries.java:253) ~[test-classes/:?]
	at java.base/jdk.internal.reflect.DirectMethodHandleAccessor.invoke(DirectMethodHandleAccessor.java:103) ~[?:?]
	at java.base/java.lang.reflect.Method.invoke(Method.java:580) ~[?:?]
	at org.testng.internal.MethodInvocationHelper.invokeMethod(MethodInvocationHelper.java:133) ~[testng-7.4.0.jar:7.4.0]
	at org.testng.internal.TestInvoker.invokeMethod(TestInvoker.java:598) ~[testng-7.4.0.jar:7.4.0]
	at org.testng.internal.TestInvoker.invokeTestMethod(TestInvoker.java:173) ~[testng-7.4.0.jar:7.4.0]
	at org.testng.internal.MethodRunner.runInSequence(MethodRunner.java:46) ~[testng-7.4.0.jar:7.4.0]
	at org.testng.internal.TestInvoker$MethodInvocationAgent.invoke(TestInvoker.java:824) ~[testng-7.4.0.jar:7.4.0]
	at org.testng.internal.TestInvoker.invokeTestMethods(TestInvoker.java:146) ~[testng-7.4.0.jar:7.4.0]
	at org.testng.internal.TestMethodWorker.invokeTestMethods(TestMethodWorker.java:146) ~[testng-7.4.0.jar:7.4.0]
	at org.testng.internal.TestMethodWorker.run(TestMethodWorker.java:128) ~[testng-7.4.0.jar:7.4.0]
	at java.base/java.util.ArrayList.forEach(ArrayList.java:1596) [?:?]
	at org.testng.TestRunner.privateRun(TestRunner.java:794) [testng-7.4.0.jar:7.4.0]
	at org.testng.TestRunner.run(TestRunner.java:596) [testng-7.4.0.jar:7.4.0]
	at org.testng.SuiteRunner.runTest(SuiteRunner.java:377) [testng-7.4.0.jar:7.4.0]
	at org.testng.SuiteRunner.runSequentially(SuiteRunner.java:371) [testng-7.4.0.jar:7.4.0]
	at org.testng.SuiteRunner.privateRun(SuiteRunner.java:332) [testng-7.4.0.jar:7.4.0]
	at org.testng.SuiteRunner.run(SuiteRunner.java:276) [testng-7.4.0.jar:7.4.0]
	at org.testng.SuiteRunnerWorker.runSuite(SuiteRunnerWorker.java:53) [testng-7.4.0.jar:7.4.0]
	at org.testng.SuiteRunnerWorker.run(SuiteRunnerWorker.java:96) [testng-7.4.0.jar:7.4.0]
	at org.testng.TestNG.runSuitesSequentially(TestNG.java:1212) [testng-7.4.0.jar:7.4.0]
	at org.testng.TestNG.runSuitesLocally(TestNG.java:1134) [testng-7.4.0.jar:7.4.0]
	at org.testng.TestNG.runSuites(TestNG.java:1063) [testng-7.4.0.jar:7.4.0]
	at org.testng.TestNG.run(TestNG.java:1031) [testng-7.4.0.jar:7.4.0]
	at org.testng.remote.AbstractRemoteTestNG.run(AbstractRemoteTestNG.java:115) [testng-remote.jar:?]
	at org.testng.remote.RemoteTestNG.initAndRun(RemoteTestNG.java:293) [testng-remote.jar:?]
	at org.testng.remote.RemoteTestNG.main(RemoteTestNG.java:91) [testng-remote.jar:?]
14:23:25.836 [main] ERROR testcases.Basiccontrol - Error occurred in Datedataentry method: 
org.openqa.selenium.NoSuchElementException: no such element: Unable to locate element: {"method":"xpath","selector":"//option[@value='DateDataEntry']"}
  (Session info: chrome=137.0.7151.69)
For documentation on this error, please visit: https://www.selenium.dev/documentation/webdriver/troubleshooting/errors#no-such-element-exception
Build info: version: '4.31.0', revision: '1ef9f18787*'
System info: os.name: 'Windows 11', os.arch: 'amd64', os.version: '10.0', java.version: '21.0.7'
Driver info: org.openqa.selenium.chrome.ChromeDriver
Command: [daeaec6c380323126a9a3b6d39dfc7b2, findElement {using=xpath, value=//option[@value='DateDataEntry']}]
Capabilities {acceptInsecureCerts: false, browserName: chrome, browserVersion: 137.0.7151.69, chrome: {chromedriverVersion: 137.0.7151.70 (dfa4dc56b2ab..., userDataDir: C:\Users\VSRIKA~1\AppData\L...}, fedcm:accounts: true, goog:chromeOptions: {debuggerAddress: localhost:60718}, networkConnectionEnabled: false, pageLoadStrategy: normal, platformName: windows, proxy: Proxy(), se:cdp: ws://localhost:60718/devtoo..., se:cdpVersion: 137.0.7151.69, setWindowRect: true, strictFileInteractability: false, timeouts: {implicit: 0, pageLoad: 300000, script: 30000}, unhandledPromptBehavior: dismiss and notify, webauthn:extension:credBlob: true, webauthn:extension:largeBlob: true, webauthn:extension:minPinLength: true, webauthn:extension:prf: true, webauthn:virtualAuthenticators: true}
Session ID: daeaec6c380323126a9a3b6d39dfc7b2
	at java.base/jdk.internal.reflect.DirectConstructorHandleAccessor.newInstance(DirectConstructorHandleAccessor.java:62) ~[?:?]
	at java.base/java.lang.reflect.Constructor.newInstanceWithCaller(Constructor.java:502) ~[?:?]
	at java.base/java.lang.reflect.Constructor.newInstance(Constructor.java:486) ~[?:?]
	at org.openqa.selenium.remote.ErrorCodec.decode(ErrorCodec.java:167) ~[selenium-remote-driver-4.31.0.jar:?]
	at org.openqa.selenium.remote.codec.w3c.W3CHttpResponseCodec.decode(W3CHttpResponseCodec.java:138) ~[selenium-remote-driver-4.31.0.jar:?]
	at org.openqa.selenium.remote.codec.w3c.W3CHttpResponseCodec.decode(W3CHttpResponseCodec.java:50) ~[selenium-remote-driver-4.31.0.jar:?]
	at org.openqa.selenium.remote.HttpCommandExecutor.execute(HttpCommandExecutor.java:215) ~[selenium-remote-driver-4.31.0.jar:?]
	at org.openqa.selenium.remote.service.DriverCommandExecutor.invokeExecute(DriverCommandExecutor.java:216) ~[selenium-remote-driver-4.31.0.jar:?]
	at org.openqa.selenium.remote.service.DriverCommandExecutor.execute(DriverCommandExecutor.java:174) ~[selenium-remote-driver-4.31.0.jar:?]
	at org.openqa.selenium.remote.RemoteWebDriver.execute(RemoteWebDriver.java:545) ~[selenium-remote-driver-4.31.0.jar:?]
	at org.openqa.selenium.remote.ElementLocation$ElementFinder$2.findElement(ElementLocation.java:165) ~[selenium-remote-driver-4.31.0.jar:?]
	at org.openqa.selenium.remote.ElementLocation.findElement(ElementLocation.java:59) ~[selenium-remote-driver-4.31.0.jar:?]
	at org.openqa.selenium.remote.RemoteWebDriver.findElement(RemoteWebDriver.java:368) ~[selenium-remote-driver-4.31.0.jar:?]
	at org.openqa.selenium.remote.RemoteWebDriver.findElement(RemoteWebDriver.java:362) ~[selenium-remote-driver-4.31.0.jar:?]
	at testcases.stepactionwithdataentries.Datedataentry2(stepactionwithdataentries.java:259) ~[test-classes/:?]
	at java.base/jdk.internal.reflect.DirectMethodHandleAccessor.invoke(DirectMethodHandleAccessor.java:103) ~[?:?]
	at java.base/java.lang.reflect.Method.invoke(Method.java:580) ~[?:?]
	at org.testng.internal.MethodInvocationHelper.invokeMethod(MethodInvocationHelper.java:133) ~[testng-7.4.0.jar:7.4.0]
	at org.testng.internal.TestInvoker.invokeMethod(TestInvoker.java:598) ~[testng-7.4.0.jar:7.4.0]
	at org.testng.internal.TestInvoker.invokeTestMethod(TestInvoker.java:173) ~[testng-7.4.0.jar:7.4.0]
	at org.testng.internal.MethodRunner.runInSequence(MethodRunner.java:46) ~[testng-7.4.0.jar:7.4.0]
	at org.testng.internal.TestInvoker$MethodInvocationAgent.invoke(TestInvoker.java:824) ~[testng-7.4.0.jar:7.4.0]
	at org.testng.internal.TestInvoker.invokeTestMethods(TestInvoker.java:146) ~[testng-7.4.0.jar:7.4.0]
	at org.testng.internal.TestMethodWorker.invokeTestMethods(TestMethodWorker.java:146) ~[testng-7.4.0.jar:7.4.0]
	at org.testng.internal.TestMethodWorker.run(TestMethodWorker.java:128) ~[testng-7.4.0.jar:7.4.0]
	at java.base/java.util.ArrayList.forEach(ArrayList.java:1596) [?:?]
	at org.testng.TestRunner.privateRun(TestRunner.java:794) [testng-7.4.0.jar:7.4.0]
	at org.testng.TestRunner.run(TestRunner.java:596) [testng-7.4.0.jar:7.4.0]
	at org.testng.SuiteRunner.runTest(SuiteRunner.java:377) [testng-7.4.0.jar:7.4.0]
	at org.testng.SuiteRunner.runSequentially(SuiteRunner.java:371) [testng-7.4.0.jar:7.4.0]
	at org.testng.SuiteRunner.privateRun(SuiteRunner.java:332) [testng-7.4.0.jar:7.4.0]
	at org.testng.SuiteRunner.run(SuiteRunner.java:276) [testng-7.4.0.jar:7.4.0]
	at org.testng.SuiteRunnerWorker.runSuite(SuiteRunnerWorker.java:53) [testng-7.4.0.jar:7.4.0]
	at org.testng.SuiteRunnerWorker.run(SuiteRunnerWorker.java:96) [testng-7.4.0.jar:7.4.0]
	at org.testng.TestNG.runSuitesSequentially(TestNG.java:1212) [testng-7.4.0.jar:7.4.0]
	at org.testng.TestNG.runSuitesLocally(TestNG.java:1134) [testng-7.4.0.jar:7.4.0]
	at org.testng.TestNG.runSuites(TestNG.java:1063) [testng-7.4.0.jar:7.4.0]
	at org.testng.TestNG.run(TestNG.java:1031) [testng-7.4.0.jar:7.4.0]
	at org.testng.remote.AbstractRemoteTestNG.run(AbstractRemoteTestNG.java:115) [testng-remote.jar:?]
	at org.testng.remote.RemoteTestNG.initAndRun(RemoteTestNG.java:293) [testng-remote.jar:?]
	at org.testng.remote.RemoteTestNG.main(RemoteTestNG.java:91) [testng-remote.jar:?]
14:23:33.997 [main] ERROR testcases.Basiccontrol - Error occurred in Column5 method: 
org.openqa.selenium.NoSuchElementException: no such element: Unable to locate element: {"method":"xpath","selector":"(//td[normalize-space()='5'])[1]"}
  (Session info: chrome=137.0.7151.69)
For documentation on this error, please visit: https://www.selenium.dev/documentation/webdriver/troubleshooting/errors#no-such-element-exception
Build info: version: '4.31.0', revision: '1ef9f18787*'
System info: os.name: 'Windows 11', os.arch: 'amd64', os.version: '10.0', java.version: '21.0.7'
Driver info: org.openqa.selenium.chrome.ChromeDriver
Command: [daeaec6c380323126a9a3b6d39dfc7b2, findElement {using=xpath, value=(//td[normalize-space()='5'])[1]}]
Capabilities {acceptInsecureCerts: false, browserName: chrome, browserVersion: 137.0.7151.69, chrome: {chromedriverVersion: 137.0.7151.70 (dfa4dc56b2ab..., userDataDir: C:\Users\VSRIKA~1\AppData\L...}, fedcm:accounts: true, goog:chromeOptions: {debuggerAddress: localhost:60718}, networkConnectionEnabled: false, pageLoadStrategy: normal, platformName: windows, proxy: Proxy(), se:cdp: ws://localhost:60718/devtoo..., se:cdpVersion: 137.0.7151.69, setWindowRect: true, strictFileInteractability: false, timeouts: {implicit: 0, pageLoad: 300000, script: 30000}, unhandledPromptBehavior: dismiss and notify, webauthn:extension:credBlob: true, webauthn:extension:largeBlob: true, webauthn:extension:minPinLength: true, webauthn:extension:prf: true, webauthn:virtualAuthenticators: true}
Session ID: daeaec6c380323126a9a3b6d39dfc7b2
	at java.base/jdk.internal.reflect.DirectConstructorHandleAccessor.newInstance(DirectConstructorHandleAccessor.java:62) ~[?:?]
	at java.base/java.lang.reflect.Constructor.newInstanceWithCaller(Constructor.java:502) ~[?:?]
	at java.base/java.lang.reflect.Constructor.newInstance(Constructor.java:486) ~[?:?]
	at org.openqa.selenium.remote.ErrorCodec.decode(ErrorCodec.java:167) ~[selenium-remote-driver-4.31.0.jar:?]
	at org.openqa.selenium.remote.codec.w3c.W3CHttpResponseCodec.decode(W3CHttpResponseCodec.java:138) ~[selenium-remote-driver-4.31.0.jar:?]
	at org.openqa.selenium.remote.codec.w3c.W3CHttpResponseCodec.decode(W3CHttpResponseCodec.java:50) ~[selenium-remote-driver-4.31.0.jar:?]
	at org.openqa.selenium.remote.HttpCommandExecutor.execute(HttpCommandExecutor.java:215) ~[selenium-remote-driver-4.31.0.jar:?]
	at org.openqa.selenium.remote.service.DriverCommandExecutor.invokeExecute(DriverCommandExecutor.java:216) ~[selenium-remote-driver-4.31.0.jar:?]
	at org.openqa.selenium.remote.service.DriverCommandExecutor.execute(DriverCommandExecutor.java:174) ~[selenium-remote-driver-4.31.0.jar:?]
	at org.openqa.selenium.remote.RemoteWebDriver.execute(RemoteWebDriver.java:545) ~[selenium-remote-driver-4.31.0.jar:?]
	at org.openqa.selenium.remote.ElementLocation$ElementFinder$2.findElement(ElementLocation.java:165) ~[selenium-remote-driver-4.31.0.jar:?]
	at org.openqa.selenium.remote.ElementLocation.findElement(ElementLocation.java:59) ~[selenium-remote-driver-4.31.0.jar:?]
	at org.openqa.selenium.remote.RemoteWebDriver.findElement(RemoteWebDriver.java:368) ~[selenium-remote-driver-4.31.0.jar:?]
	at org.openqa.selenium.remote.RemoteWebDriver.findElement(RemoteWebDriver.java:362) ~[selenium-remote-driver-4.31.0.jar:?]
	at testcases.stepactionwithdataentries.Column5(stepactionwithdataentries.java:268) ~[test-classes/:?]
	at java.base/jdk.internal.reflect.DirectMethodHandleAccessor.invoke(DirectMethodHandleAccessor.java:103) ~[?:?]
	at java.base/java.lang.reflect.Method.invoke(Method.java:580) ~[?:?]
	at org.testng.internal.MethodInvocationHelper.invokeMethod(MethodInvocationHelper.java:133) ~[testng-7.4.0.jar:7.4.0]
	at org.testng.internal.TestInvoker.invokeMethod(TestInvoker.java:598) ~[testng-7.4.0.jar:7.4.0]
	at org.testng.internal.TestInvoker.invokeTestMethod(TestInvoker.java:173) ~[testng-7.4.0.jar:7.4.0]
	at org.testng.internal.MethodRunner.runInSequence(MethodRunner.java:46) ~[testng-7.4.0.jar:7.4.0]
	at org.testng.internal.TestInvoker$MethodInvocationAgent.invoke(TestInvoker.java:824) ~[testng-7.4.0.jar:7.4.0]
	at org.testng.internal.TestInvoker.invokeTestMethods(TestInvoker.java:146) ~[testng-7.4.0.jar:7.4.0]
	at org.testng.internal.TestMethodWorker.invokeTestMethods(TestMethodWorker.java:146) ~[testng-7.4.0.jar:7.4.0]
	at org.testng.internal.TestMethodWorker.run(TestMethodWorker.java:128) ~[testng-7.4.0.jar:7.4.0]
	at java.base/java.util.ArrayList.forEach(ArrayList.java:1596) [?:?]
	at org.testng.TestRunner.privateRun(TestRunner.java:794) [testng-7.4.0.jar:7.4.0]
	at org.testng.TestRunner.run(TestRunner.java:596) [testng-7.4.0.jar:7.4.0]
	at org.testng.SuiteRunner.runTest(SuiteRunner.java:377) [testng-7.4.0.jar:7.4.0]
	at org.testng.SuiteRunner.runSequentially(SuiteRunner.java:371) [testng-7.4.0.jar:7.4.0]
	at org.testng.SuiteRunner.privateRun(SuiteRunner.java:332) [testng-7.4.0.jar:7.4.0]
	at org.testng.SuiteRunner.run(SuiteRunner.java:276) [testng-7.4.0.jar:7.4.0]
	at org.testng.SuiteRunnerWorker.runSuite(SuiteRunnerWorker.java:53) [testng-7.4.0.jar:7.4.0]
	at org.testng.SuiteRunnerWorker.run(SuiteRunnerWorker.java:96) [testng-7.4.0.jar:7.4.0]
	at org.testng.TestNG.runSuitesSequentially(TestNG.java:1212) [testng-7.4.0.jar:7.4.0]
	at org.testng.TestNG.runSuitesLocally(TestNG.java:1134) [testng-7.4.0.jar:7.4.0]
	at org.testng.TestNG.runSuites(TestNG.java:1063) [testng-7.4.0.jar:7.4.0]
	at org.testng.TestNG.run(TestNG.java:1031) [testng-7.4.0.jar:7.4.0]
	at org.testng.remote.AbstractRemoteTestNG.run(AbstractRemoteTestNG.java:115) [testng-remote.jar:?]
	at org.testng.remote.RemoteTestNG.initAndRun(RemoteTestNG.java:293) [testng-remote.jar:?]
	at org.testng.remote.RemoteTestNG.main(RemoteTestNG.java:91) [testng-remote.jar:?]
14:23:36.240 [main] ERROR testcases.Basiccontrol - Error occurred in Datatypedropdown4 method: 
org.openqa.selenium.NoSuchElementException: Cannot locate option with index: 4
For documentation on this error, please visit: https://www.selenium.dev/documentation/webdriver/troubleshooting/errors#no-such-element-exception
Build info: version: '4.31.0', revision: '1ef9f18787*'
System info: os.name: 'Windows 11', os.arch: 'amd64', os.version: '10.0', java.version: '21.0.7'
Driver info: driver.version: unknown
	at org.openqa.selenium.support.ui.Select.setSelectedByIndex(Select.java:407) ~[selenium-support-4.31.0.jar:?]
	at org.openqa.selenium.support.ui.Select.selectByIndex(Select.java:262) ~[selenium-support-4.31.0.jar:?]
	at testcases.stepactionwithdataentries.Datatypedropdown4(stepactionwithdataentries.java:279) ~[test-classes/:?]
	at java.base/jdk.internal.reflect.DirectMethodHandleAccessor.invoke(DirectMethodHandleAccessor.java:103) ~[?:?]
	at java.base/java.lang.reflect.Method.invoke(Method.java:580) ~[?:?]
	at org.testng.internal.MethodInvocationHelper.invokeMethod(MethodInvocationHelper.java:133) ~[testng-7.4.0.jar:7.4.0]
	at org.testng.internal.TestInvoker.invokeMethod(TestInvoker.java:598) ~[testng-7.4.0.jar:7.4.0]
	at org.testng.internal.TestInvoker.invokeTestMethod(TestInvoker.java:173) ~[testng-7.4.0.jar:7.4.0]
	at org.testng.internal.MethodRunner.runInSequence(MethodRunner.java:46) ~[testng-7.4.0.jar:7.4.0]
	at org.testng.internal.TestInvoker$MethodInvocationAgent.invoke(TestInvoker.java:824) ~[testng-7.4.0.jar:7.4.0]
	at org.testng.internal.TestInvoker.invokeTestMethods(TestInvoker.java:146) ~[testng-7.4.0.jar:7.4.0]
	at org.testng.internal.TestMethodWorker.invokeTestMethods(TestMethodWorker.java:146) ~[testng-7.4.0.jar:7.4.0]
	at org.testng.internal.TestMethodWorker.run(TestMethodWorker.java:128) ~[testng-7.4.0.jar:7.4.0]
	at java.base/java.util.ArrayList.forEach(ArrayList.java:1596) [?:?]
	at org.testng.TestRunner.privateRun(TestRunner.java:794) [testng-7.4.0.jar:7.4.0]
	at org.testng.TestRunner.run(TestRunner.java:596) [testng-7.4.0.jar:7.4.0]
	at org.testng.SuiteRunner.runTest(SuiteRunner.java:377) [testng-7.4.0.jar:7.4.0]
	at org.testng.SuiteRunner.runSequentially(SuiteRunner.java:371) [testng-7.4.0.jar:7.4.0]
	at org.testng.SuiteRunner.privateRun(SuiteRunner.java:332) [testng-7.4.0.jar:7.4.0]
	at org.testng.SuiteRunner.run(SuiteRunner.java:276) [testng-7.4.0.jar:7.4.0]
	at org.testng.SuiteRunnerWorker.runSuite(SuiteRunnerWorker.java:53) [testng-7.4.0.jar:7.4.0]
	at org.testng.SuiteRunnerWorker.run(SuiteRunnerWorker.java:96) [testng-7.4.0.jar:7.4.0]
	at org.testng.TestNG.runSuitesSequentially(TestNG.java:1212) [testng-7.4.0.jar:7.4.0]
	at org.testng.TestNG.runSuitesLocally(TestNG.java:1134) [testng-7.4.0.jar:7.4.0]
	at org.testng.TestNG.runSuites(TestNG.java:1063) [testng-7.4.0.jar:7.4.0]
	at org.testng.TestNG.run(TestNG.java:1031) [testng-7.4.0.jar:7.4.0]
	at org.testng.remote.AbstractRemoteTestNG.run(AbstractRemoteTestNG.java:115) [testng-remote.jar:?]
	at org.testng.remote.RemoteTestNG.initAndRun(RemoteTestNG.java:293) [testng-remote.jar:?]
	at org.testng.remote.RemoteTestNG.main(RemoteTestNG.java:91) [testng-remote.jar:?]
14:23:38.394 [main] ERROR testcases.Basiccontrol - Error occurred in Datedataentry method: 
org.openqa.selenium.NoSuchElementException: no such element: Unable to locate element: {"method":"xpath","selector":"(//td[normalize-space()='5'])[1]"}
  (Session info: chrome=137.0.7151.69)
For documentation on this error, please visit: https://www.selenium.dev/documentation/webdriver/troubleshooting/errors#no-such-element-exception
Build info: version: '4.31.0', revision: '1ef9f18787*'
System info: os.name: 'Windows 11', os.arch: 'amd64', os.version: '10.0', java.version: '21.0.7'
Driver info: org.openqa.selenium.chrome.ChromeDriver
Command: [daeaec6c380323126a9a3b6d39dfc7b2, findElement {using=xpath, value=(//td[normalize-space()='5'])[1]}]
Capabilities {acceptInsecureCerts: false, browserName: chrome, browserVersion: 137.0.7151.69, chrome: {chromedriverVersion: 137.0.7151.70 (dfa4dc56b2ab..., userDataDir: C:\Users\VSRIKA~1\AppData\L...}, fedcm:accounts: true, goog:chromeOptions: {debuggerAddress: localhost:60718}, networkConnectionEnabled: false, pageLoadStrategy: normal, platformName: windows, proxy: Proxy(), se:cdp: ws://localhost:60718/devtoo..., se:cdpVersion: 137.0.7151.69, setWindowRect: true, strictFileInteractability: false, timeouts: {implicit: 0, pageLoad: 300000, script: 30000}, unhandledPromptBehavior: dismiss and notify, webauthn:extension:credBlob: true, webauthn:extension:largeBlob: true, webauthn:extension:minPinLength: true, webauthn:extension:prf: true, webauthn:virtualAuthenticators: true}
Session ID: daeaec6c380323126a9a3b6d39dfc7b2
	at java.base/jdk.internal.reflect.DirectConstructorHandleAccessor.newInstance(DirectConstructorHandleAccessor.java:62) ~[?:?]
	at java.base/java.lang.reflect.Constructor.newInstanceWithCaller(Constructor.java:502) ~[?:?]
	at java.base/java.lang.reflect.Constructor.newInstance(Constructor.java:486) ~[?:?]
	at org.openqa.selenium.remote.ErrorCodec.decode(ErrorCodec.java:167) ~[selenium-remote-driver-4.31.0.jar:?]
	at org.openqa.selenium.remote.codec.w3c.W3CHttpResponseCodec.decode(W3CHttpResponseCodec.java:138) ~[selenium-remote-driver-4.31.0.jar:?]
	at org.openqa.selenium.remote.codec.w3c.W3CHttpResponseCodec.decode(W3CHttpResponseCodec.java:50) ~[selenium-remote-driver-4.31.0.jar:?]
	at org.openqa.selenium.remote.HttpCommandExecutor.execute(HttpCommandExecutor.java:215) ~[selenium-remote-driver-4.31.0.jar:?]
	at org.openqa.selenium.remote.service.DriverCommandExecutor.invokeExecute(DriverCommandExecutor.java:216) ~[selenium-remote-driver-4.31.0.jar:?]
	at org.openqa.selenium.remote.service.DriverCommandExecutor.execute(DriverCommandExecutor.java:174) ~[selenium-remote-driver-4.31.0.jar:?]
	at org.openqa.selenium.remote.RemoteWebDriver.execute(RemoteWebDriver.java:545) ~[selenium-remote-driver-4.31.0.jar:?]
	at org.openqa.selenium.remote.ElementLocation$ElementFinder$2.findElement(ElementLocation.java:165) ~[selenium-remote-driver-4.31.0.jar:?]
	at org.openqa.selenium.remote.ElementLocation.findElement(ElementLocation.java:59) ~[selenium-remote-driver-4.31.0.jar:?]
	at org.openqa.selenium.remote.RemoteWebDriver.findElement(RemoteWebDriver.java:368) ~[selenium-remote-driver-4.31.0.jar:?]
	at org.openqa.selenium.remote.RemoteWebDriver.findElement(RemoteWebDriver.java:362) ~[selenium-remote-driver-4.31.0.jar:?]
	at testcases.stepactionwithdataentries.Datedataentry1(stepactionwithdataentries.java:287) ~[test-classes/:?]
	at java.base/jdk.internal.reflect.DirectMethodHandleAccessor.invoke(DirectMethodHandleAccessor.java:103) ~[?:?]
	at java.base/java.lang.reflect.Method.invoke(Method.java:580) ~[?:?]
	at org.testng.internal.MethodInvocationHelper.invokeMethod(MethodInvocationHelper.java:133) ~[testng-7.4.0.jar:7.4.0]
	at org.testng.internal.TestInvoker.invokeMethod(TestInvoker.java:598) ~[testng-7.4.0.jar:7.4.0]
	at org.testng.internal.TestInvoker.invokeTestMethod(TestInvoker.java:173) ~[testng-7.4.0.jar:7.4.0]
	at org.testng.internal.MethodRunner.runInSequence(MethodRunner.java:46) ~[testng-7.4.0.jar:7.4.0]
	at org.testng.internal.TestInvoker$MethodInvocationAgent.invoke(TestInvoker.java:824) ~[testng-7.4.0.jar:7.4.0]
	at org.testng.internal.TestInvoker.invokeTestMethods(TestInvoker.java:146) ~[testng-7.4.0.jar:7.4.0]
	at org.testng.internal.TestMethodWorker.invokeTestMethods(TestMethodWorker.java:146) ~[testng-7.4.0.jar:7.4.0]
	at org.testng.internal.TestMethodWorker.run(TestMethodWorker.java:128) ~[testng-7.4.0.jar:7.4.0]
	at java.base/java.util.ArrayList.forEach(ArrayList.java:1596) [?:?]
	at org.testng.TestRunner.privateRun(TestRunner.java:794) [testng-7.4.0.jar:7.4.0]
	at org.testng.TestRunner.run(TestRunner.java:596) [testng-7.4.0.jar:7.4.0]
	at org.testng.SuiteRunner.runTest(SuiteRunner.java:377) [testng-7.4.0.jar:7.4.0]
	at org.testng.SuiteRunner.runSequentially(SuiteRunner.java:371) [testng-7.4.0.jar:7.4.0]
	at org.testng.SuiteRunner.privateRun(SuiteRunner.java:332) [testng-7.4.0.jar:7.4.0]
	at org.testng.SuiteRunner.run(SuiteRunner.java:276) [testng-7.4.0.jar:7.4.0]
	at org.testng.SuiteRunnerWorker.runSuite(SuiteRunnerWorker.java:53) [testng-7.4.0.jar:7.4.0]
	at org.testng.SuiteRunnerWorker.run(SuiteRunnerWorker.java:96) [testng-7.4.0.jar:7.4.0]
	at org.testng.TestNG.runSuitesSequentially(TestNG.java:1212) [testng-7.4.0.jar:7.4.0]
	at org.testng.TestNG.runSuitesLocally(TestNG.java:1134) [testng-7.4.0.jar:7.4.0]
	at org.testng.TestNG.runSuites(TestNG.java:1063) [testng-7.4.0.jar:7.4.0]
	at org.testng.TestNG.run(TestNG.java:1031) [testng-7.4.0.jar:7.4.0]
	at org.testng.remote.AbstractRemoteTestNG.run(AbstractRemoteTestNG.java:115) [testng-remote.jar:?]
	at org.testng.remote.RemoteTestNG.initAndRun(RemoteTestNG.java:293) [testng-remote.jar:?]
	at org.testng.remote.RemoteTestNG.main(RemoteTestNG.java:91) [testng-remote.jar:?]
14:23:40.559 [main] ERROR testcases.Basiccontrol - Error occurred in Ok1 method: 
org.openqa.selenium.NoSuchElementException: no such element: Unable to locate element: {"method":"xpath","selector":"(//button[@class='borderenable btn btn-sm button-border ng-star-inserted'])[2]"}
  (Session info: chrome=137.0.7151.69)
For documentation on this error, please visit: https://www.selenium.dev/documentation/webdriver/troubleshooting/errors#no-such-element-exception
Build info: version: '4.31.0', revision: '1ef9f18787*'
System info: os.name: 'Windows 11', os.arch: 'amd64', os.version: '10.0', java.version: '21.0.7'
Driver info: org.openqa.selenium.chrome.ChromeDriver
Command: [daeaec6c380323126a9a3b6d39dfc7b2, findElement {using=xpath, value=(//button[@class='borderenable btn btn-sm button-border ng-star-inserted'])[2]}]
Capabilities {acceptInsecureCerts: false, browserName: chrome, browserVersion: 137.0.7151.69, chrome: {chromedriverVersion: 137.0.7151.70 (dfa4dc56b2ab..., userDataDir: C:\Users\VSRIKA~1\AppData\L...}, fedcm:accounts: true, goog:chromeOptions: {debuggerAddress: localhost:60718}, networkConnectionEnabled: false, pageLoadStrategy: normal, platformName: windows, proxy: Proxy(), se:cdp: ws://localhost:60718/devtoo..., se:cdpVersion: 137.0.7151.69, setWindowRect: true, strictFileInteractability: false, timeouts: {implicit: 0, pageLoad: 300000, script: 30000}, unhandledPromptBehavior: dismiss and notify, webauthn:extension:credBlob: true, webauthn:extension:largeBlob: true, webauthn:extension:minPinLength: true, webauthn:extension:prf: true, webauthn:virtualAuthenticators: true}
Session ID: daeaec6c380323126a9a3b6d39dfc7b2
	at java.base/jdk.internal.reflect.DirectConstructorHandleAccessor.newInstance(DirectConstructorHandleAccessor.java:62) ~[?:?]
	at java.base/java.lang.reflect.Constructor.newInstanceWithCaller(Constructor.java:502) ~[?:?]
	at java.base/java.lang.reflect.Constructor.newInstance(Constructor.java:486) ~[?:?]
	at org.openqa.selenium.remote.ErrorCodec.decode(ErrorCodec.java:167) ~[selenium-remote-driver-4.31.0.jar:?]
	at org.openqa.selenium.remote.codec.w3c.W3CHttpResponseCodec.decode(W3CHttpResponseCodec.java:138) ~[selenium-remote-driver-4.31.0.jar:?]
	at org.openqa.selenium.remote.codec.w3c.W3CHttpResponseCodec.decode(W3CHttpResponseCodec.java:50) ~[selenium-remote-driver-4.31.0.jar:?]
	at org.openqa.selenium.remote.HttpCommandExecutor.execute(HttpCommandExecutor.java:215) ~[selenium-remote-driver-4.31.0.jar:?]
	at org.openqa.selenium.remote.service.DriverCommandExecutor.invokeExecute(DriverCommandExecutor.java:216) ~[selenium-remote-driver-4.31.0.jar:?]
	at org.openqa.selenium.remote.service.DriverCommandExecutor.execute(DriverCommandExecutor.java:174) ~[selenium-remote-driver-4.31.0.jar:?]
	at org.openqa.selenium.remote.RemoteWebDriver.execute(RemoteWebDriver.java:545) ~[selenium-remote-driver-4.31.0.jar:?]
	at org.openqa.selenium.remote.ElementLocation$ElementFinder$2.findElement(ElementLocation.java:165) ~[selenium-remote-driver-4.31.0.jar:?]
	at org.openqa.selenium.remote.ElementLocation.findElement(ElementLocation.java:59) ~[selenium-remote-driver-4.31.0.jar:?]
	at org.openqa.selenium.remote.RemoteWebDriver.findElement(RemoteWebDriver.java:368) ~[selenium-remote-driver-4.31.0.jar:?]
	at org.openqa.selenium.remote.RemoteWebDriver.findElement(RemoteWebDriver.java:362) ~[selenium-remote-driver-4.31.0.jar:?]
	at testcases.stepactionwithdataentries.Ok1(stepactionwithdataentries.java:297) ~[test-classes/:?]
	at java.base/jdk.internal.reflect.DirectMethodHandleAccessor.invoke(DirectMethodHandleAccessor.java:103) ~[?:?]
	at java.base/java.lang.reflect.Method.invoke(Method.java:580) ~[?:?]
	at org.testng.internal.MethodInvocationHelper.invokeMethod(MethodInvocationHelper.java:133) ~[testng-7.4.0.jar:7.4.0]
	at org.testng.internal.TestInvoker.invokeMethod(TestInvoker.java:598) ~[testng-7.4.0.jar:7.4.0]
	at org.testng.internal.TestInvoker.invokeTestMethod(TestInvoker.java:173) ~[testng-7.4.0.jar:7.4.0]
	at org.testng.internal.MethodRunner.runInSequence(MethodRunner.java:46) ~[testng-7.4.0.jar:7.4.0]
	at org.testng.internal.TestInvoker$MethodInvocationAgent.invoke(TestInvoker.java:824) ~[testng-7.4.0.jar:7.4.0]
	at org.testng.internal.TestInvoker.invokeTestMethods(TestInvoker.java:146) ~[testng-7.4.0.jar:7.4.0]
	at org.testng.internal.TestMethodWorker.invokeTestMethods(TestMethodWorker.java:146) ~[testng-7.4.0.jar:7.4.0]
	at org.testng.internal.TestMethodWorker.run(TestMethodWorker.java:128) ~[testng-7.4.0.jar:7.4.0]
	at java.base/java.util.ArrayList.forEach(ArrayList.java:1596) [?:?]
	at org.testng.TestRunner.privateRun(TestRunner.java:794) [testng-7.4.0.jar:7.4.0]
	at org.testng.TestRunner.run(TestRunner.java:596) [testng-7.4.0.jar:7.4.0]
	at org.testng.SuiteRunner.runTest(SuiteRunner.java:377) [testng-7.4.0.jar:7.4.0]
	at org.testng.SuiteRunner.runSequentially(SuiteRunner.java:371) [testng-7.4.0.jar:7.4.0]
	at org.testng.SuiteRunner.privateRun(SuiteRunner.java:332) [testng-7.4.0.jar:7.4.0]
	at org.testng.SuiteRunner.run(SuiteRunner.java:276) [testng-7.4.0.jar:7.4.0]
	at org.testng.SuiteRunnerWorker.runSuite(SuiteRunnerWorker.java:53) [testng-7.4.0.jar:7.4.0]
	at org.testng.SuiteRunnerWorker.run(SuiteRunnerWorker.java:96) [testng-7.4.0.jar:7.4.0]
	at org.testng.TestNG.runSuitesSequentially(TestNG.java:1212) [testng-7.4.0.jar:7.4.0]
	at org.testng.TestNG.runSuitesLocally(TestNG.java:1134) [testng-7.4.0.jar:7.4.0]
	at org.testng.TestNG.runSuites(TestNG.java:1063) [testng-7.4.0.jar:7.4.0]
	at org.testng.TestNG.run(TestNG.java:1031) [testng-7.4.0.jar:7.4.0]
	at org.testng.remote.AbstractRemoteTestNG.run(AbstractRemoteTestNG.java:115) [testng-remote.jar:?]
	at org.testng.remote.RemoteTestNG.initAndRun(RemoteTestNG.java:293) [testng-remote.jar:?]
	at org.testng.remote.RemoteTestNG.main(RemoteTestNG.java:91) [testng-remote.jar:?]
14:31:52.641 [main] INFO  testcases.Signin - SignIn successfully
14:32:42.375 [main] INFO  testcases.Basiccontrol - Section process completed successfully.
14:33:02.304 [main] ERROR testcases.Basiccontrol - Error occurred in signaturestep method: 
org.openqa.selenium.ElementNotInteractableException: element not interactable
  (Session info: chrome=137.0.7151.69)
Build info: version: '4.31.0', revision: '1ef9f18787*'
System info: os.name: 'Windows 11', os.arch: 'amd64', os.version: '10.0', java.version: '21.0.7'
Driver info: org.openqa.selenium.chrome.ChromeDriver
Command: [ea348b652c93fdfceb69e632f3991113, clickElement {id=f.6373BCCBFB6D4F3957F09D5EDE161FA0.d.25662EC04482B17A9CCEDBC11CAF8676.e.113}]
Capabilities {acceptInsecureCerts: false, browserName: chrome, browserVersion: 137.0.7151.69, chrome: {chromedriverVersion: 137.0.7151.70 (dfa4dc56b2ab..., userDataDir: C:\Users\VSRIKA~1\AppData\L...}, fedcm:accounts: true, goog:chromeOptions: {debuggerAddress: localhost:61436}, networkConnectionEnabled: false, pageLoadStrategy: normal, platformName: windows, proxy: Proxy(), se:cdp: ws://localhost:61436/devtoo..., se:cdpVersion: 137.0.7151.69, setWindowRect: true, strictFileInteractability: false, timeouts: {implicit: 0, pageLoad: 300000, script: 30000}, unhandledPromptBehavior: dismiss and notify, webauthn:extension:credBlob: true, webauthn:extension:largeBlob: true, webauthn:extension:minPinLength: true, webauthn:extension:prf: true, webauthn:virtualAuthenticators: true}
Element: [[ChromeDriver: chrome on windows (ea348b652c93fdfceb69e632f3991113)] -> xpath: //textarea[contains(@data-id,'1_s_stephead')]]
Session ID: ea348b652c93fdfceb69e632f3991113
	at java.base/jdk.internal.reflect.DirectConstructorHandleAccessor.newInstance(DirectConstructorHandleAccessor.java:62) ~[?:?]
	at java.base/java.lang.reflect.Constructor.newInstanceWithCaller(Constructor.java:502) ~[?:?]
	at java.base/java.lang.reflect.Constructor.newInstance(Constructor.java:486) ~[?:?]
	at org.openqa.selenium.remote.ErrorCodec.decode(ErrorCodec.java:167) ~[selenium-remote-driver-4.31.0.jar:?]
	at org.openqa.selenium.remote.codec.w3c.W3CHttpResponseCodec.decode(W3CHttpResponseCodec.java:138) ~[selenium-remote-driver-4.31.0.jar:?]
	at org.openqa.selenium.remote.codec.w3c.W3CHttpResponseCodec.decode(W3CHttpResponseCodec.java:50) ~[selenium-remote-driver-4.31.0.jar:?]
	at org.openqa.selenium.remote.HttpCommandExecutor.execute(HttpCommandExecutor.java:215) ~[selenium-remote-driver-4.31.0.jar:?]
	at org.openqa.selenium.remote.service.DriverCommandExecutor.invokeExecute(DriverCommandExecutor.java:216) ~[selenium-remote-driver-4.31.0.jar:?]
	at org.openqa.selenium.remote.service.DriverCommandExecutor.execute(DriverCommandExecutor.java:174) ~[selenium-remote-driver-4.31.0.jar:?]
	at org.openqa.selenium.remote.RemoteWebDriver.execute(RemoteWebDriver.java:545) ~[selenium-remote-driver-4.31.0.jar:?]
	at org.openqa.selenium.remote.RemoteWebElement.execute(RemoteWebElement.java:223) ~[selenium-remote-driver-4.31.0.jar:?]
	at org.openqa.selenium.remote.RemoteWebElement.click(RemoteWebElement.java:76) ~[selenium-remote-driver-4.31.0.jar:?]
	at testcases.Basiccontrol.signaturestep(Basiccontrol.java:153) ~[test-classes/:?]
	at java.base/jdk.internal.reflect.DirectMethodHandleAccessor.invoke(DirectMethodHandleAccessor.java:103) ~[?:?]
	at java.base/java.lang.reflect.Method.invoke(Method.java:580) ~[?:?]
	at org.testng.internal.MethodInvocationHelper.invokeMethod(MethodInvocationHelper.java:133) ~[testng-7.4.0.jar:7.4.0]
	at org.testng.internal.TestInvoker.invokeMethod(TestInvoker.java:598) ~[testng-7.4.0.jar:7.4.0]
	at org.testng.internal.TestInvoker.invokeTestMethod(TestInvoker.java:173) ~[testng-7.4.0.jar:7.4.0]
	at org.testng.internal.MethodRunner.runInSequence(MethodRunner.java:46) ~[testng-7.4.0.jar:7.4.0]
	at org.testng.internal.TestInvoker$MethodInvocationAgent.invoke(TestInvoker.java:824) ~[testng-7.4.0.jar:7.4.0]
	at org.testng.internal.TestInvoker.invokeTestMethods(TestInvoker.java:146) ~[testng-7.4.0.jar:7.4.0]
	at org.testng.internal.TestMethodWorker.invokeTestMethods(TestMethodWorker.java:146) ~[testng-7.4.0.jar:7.4.0]
	at org.testng.internal.TestMethodWorker.run(TestMethodWorker.java:128) ~[testng-7.4.0.jar:7.4.0]
	at java.base/java.util.ArrayList.forEach(ArrayList.java:1596) [?:?]
	at org.testng.TestRunner.privateRun(TestRunner.java:794) [testng-7.4.0.jar:7.4.0]
	at org.testng.TestRunner.run(TestRunner.java:596) [testng-7.4.0.jar:7.4.0]
	at org.testng.SuiteRunner.runTest(SuiteRunner.java:377) [testng-7.4.0.jar:7.4.0]
	at org.testng.SuiteRunner.runSequentially(SuiteRunner.java:371) [testng-7.4.0.jar:7.4.0]
	at org.testng.SuiteRunner.privateRun(SuiteRunner.java:332) [testng-7.4.0.jar:7.4.0]
	at org.testng.SuiteRunner.run(SuiteRunner.java:276) [testng-7.4.0.jar:7.4.0]
	at org.testng.SuiteRunnerWorker.runSuite(SuiteRunnerWorker.java:53) [testng-7.4.0.jar:7.4.0]
	at org.testng.SuiteRunnerWorker.run(SuiteRunnerWorker.java:96) [testng-7.4.0.jar:7.4.0]
	at org.testng.TestNG.runSuitesSequentially(TestNG.java:1212) [testng-7.4.0.jar:7.4.0]
	at org.testng.TestNG.runSuitesLocally(TestNG.java:1134) [testng-7.4.0.jar:7.4.0]
	at org.testng.TestNG.runSuites(TestNG.java:1063) [testng-7.4.0.jar:7.4.0]
	at org.testng.TestNG.run(TestNG.java:1031) [testng-7.4.0.jar:7.4.0]
	at org.testng.remote.AbstractRemoteTestNG.run(AbstractRemoteTestNG.java:115) [testng-remote.jar:?]
	at org.testng.remote.RemoteTestNG.initAndRun(RemoteTestNG.java:293) [testng-remote.jar:?]
	at org.testng.remote.RemoteTestNG.main(RemoteTestNG.java:91) [testng-remote.jar:?]
14:38:06.658 [main] INFO  testcases.Signin - SignIn successfully
14:38:34.227 [main] INFO  testcases.Basiccontrol - Section process completed successfully.
14:38:54.959 [main] ERROR testcases.Basiccontrol - Error occurred in signaturestep method: 
org.openqa.selenium.ElementNotInteractableException: element not interactable
  (Session info: chrome=137.0.7151.69)
Build info: version: '4.31.0', revision: '1ef9f18787*'
System info: os.name: 'Windows 11', os.arch: 'amd64', os.version: '10.0', java.version: '21.0.7'
Driver info: org.openqa.selenium.chrome.ChromeDriver
Command: [3bb3de8ffe9eb8c41e67c0c728953bf9, clickElement {id=f.D22BE76B3779A1279B9C5376A1B0D31F.d.F7A6195D7522A7A559C5A00ED77DA51F.e.137}]
Capabilities {acceptInsecureCerts: false, browserName: chrome, browserVersion: 137.0.7151.69, chrome: {chromedriverVersion: 137.0.7151.70 (dfa4dc56b2ab..., userDataDir: C:\Users\VSRIKA~1\AppData\L...}, fedcm:accounts: true, goog:chromeOptions: {debuggerAddress: localhost:61553}, networkConnectionEnabled: false, pageLoadStrategy: normal, platformName: windows, proxy: Proxy(), se:cdp: ws://localhost:61553/devtoo..., se:cdpVersion: 137.0.7151.69, setWindowRect: true, strictFileInteractability: false, timeouts: {implicit: 0, pageLoad: 300000, script: 30000}, unhandledPromptBehavior: dismiss and notify, webauthn:extension:credBlob: true, webauthn:extension:largeBlob: true, webauthn:extension:minPinLength: true, webauthn:extension:prf: true, webauthn:virtualAuthenticators: true}
Element: [[ChromeDriver: chrome on windows (3bb3de8ffe9eb8c41e67c0c728953bf9)] -> xpath: //textarea[contains(@data-id,'1_s_stephead')]]
Session ID: 3bb3de8ffe9eb8c41e67c0c728953bf9
	at java.base/jdk.internal.reflect.DirectConstructorHandleAccessor.newInstance(DirectConstructorHandleAccessor.java:62) ~[?:?]
	at java.base/java.lang.reflect.Constructor.newInstanceWithCaller(Constructor.java:502) ~[?:?]
	at java.base/java.lang.reflect.Constructor.newInstance(Constructor.java:486) ~[?:?]
	at org.openqa.selenium.remote.ErrorCodec.decode(ErrorCodec.java:167) ~[selenium-remote-driver-4.31.0.jar:?]
	at org.openqa.selenium.remote.codec.w3c.W3CHttpResponseCodec.decode(W3CHttpResponseCodec.java:138) ~[selenium-remote-driver-4.31.0.jar:?]
	at org.openqa.selenium.remote.codec.w3c.W3CHttpResponseCodec.decode(W3CHttpResponseCodec.java:50) ~[selenium-remote-driver-4.31.0.jar:?]
	at org.openqa.selenium.remote.HttpCommandExecutor.execute(HttpCommandExecutor.java:215) ~[selenium-remote-driver-4.31.0.jar:?]
	at org.openqa.selenium.remote.service.DriverCommandExecutor.invokeExecute(DriverCommandExecutor.java:216) ~[selenium-remote-driver-4.31.0.jar:?]
	at org.openqa.selenium.remote.service.DriverCommandExecutor.execute(DriverCommandExecutor.java:174) ~[selenium-remote-driver-4.31.0.jar:?]
	at org.openqa.selenium.remote.RemoteWebDriver.execute(RemoteWebDriver.java:545) ~[selenium-remote-driver-4.31.0.jar:?]
	at org.openqa.selenium.remote.RemoteWebElement.execute(RemoteWebElement.java:223) ~[selenium-remote-driver-4.31.0.jar:?]
	at org.openqa.selenium.remote.RemoteWebElement.click(RemoteWebElement.java:76) ~[selenium-remote-driver-4.31.0.jar:?]
	at testcases.Basiccontrol.signaturestep(Basiccontrol.java:153) ~[test-classes/:?]
	at java.base/jdk.internal.reflect.DirectMethodHandleAccessor.invoke(DirectMethodHandleAccessor.java:103) ~[?:?]
	at java.base/java.lang.reflect.Method.invoke(Method.java:580) ~[?:?]
	at org.testng.internal.MethodInvocationHelper.invokeMethod(MethodInvocationHelper.java:133) ~[testng-7.4.0.jar:7.4.0]
	at org.testng.internal.TestInvoker.invokeMethod(TestInvoker.java:598) ~[testng-7.4.0.jar:7.4.0]
	at org.testng.internal.TestInvoker.invokeTestMethod(TestInvoker.java:173) ~[testng-7.4.0.jar:7.4.0]
	at org.testng.internal.MethodRunner.runInSequence(MethodRunner.java:46) ~[testng-7.4.0.jar:7.4.0]
	at org.testng.internal.TestInvoker$MethodInvocationAgent.invoke(TestInvoker.java:824) ~[testng-7.4.0.jar:7.4.0]
	at org.testng.internal.TestInvoker.invokeTestMethods(TestInvoker.java:146) ~[testng-7.4.0.jar:7.4.0]
	at org.testng.internal.TestMethodWorker.invokeTestMethods(TestMethodWorker.java:146) ~[testng-7.4.0.jar:7.4.0]
	at org.testng.internal.TestMethodWorker.run(TestMethodWorker.java:128) ~[testng-7.4.0.jar:7.4.0]
	at java.base/java.util.ArrayList.forEach(ArrayList.java:1596) [?:?]
	at org.testng.TestRunner.privateRun(TestRunner.java:794) [testng-7.4.0.jar:7.4.0]
	at org.testng.TestRunner.run(TestRunner.java:596) [testng-7.4.0.jar:7.4.0]
	at org.testng.SuiteRunner.runTest(SuiteRunner.java:377) [testng-7.4.0.jar:7.4.0]
	at org.testng.SuiteRunner.runSequentially(SuiteRunner.java:371) [testng-7.4.0.jar:7.4.0]
	at org.testng.SuiteRunner.privateRun(SuiteRunner.java:332) [testng-7.4.0.jar:7.4.0]
	at org.testng.SuiteRunner.run(SuiteRunner.java:276) [testng-7.4.0.jar:7.4.0]
	at org.testng.SuiteRunnerWorker.runSuite(SuiteRunnerWorker.java:53) [testng-7.4.0.jar:7.4.0]
	at org.testng.SuiteRunnerWorker.run(SuiteRunnerWorker.java:96) [testng-7.4.0.jar:7.4.0]
	at org.testng.TestNG.runSuitesSequentially(TestNG.java:1212) [testng-7.4.0.jar:7.4.0]
	at org.testng.TestNG.runSuitesLocally(TestNG.java:1134) [testng-7.4.0.jar:7.4.0]
	at org.testng.TestNG.runSuites(TestNG.java:1063) [testng-7.4.0.jar:7.4.0]
	at org.testng.TestNG.run(TestNG.java:1031) [testng-7.4.0.jar:7.4.0]
	at org.testng.remote.AbstractRemoteTestNG.run(AbstractRemoteTestNG.java:115) [testng-remote.jar:?]
	at org.testng.remote.RemoteTestNG.initAndRun(RemoteTestNG.java:293) [testng-remote.jar:?]
	at org.testng.remote.RemoteTestNG.main(RemoteTestNG.java:91) [testng-remote.jar:?]
14:43:56.637 [main] ERROR testcases.Basiccontrol - Error occurred in Column method: 
org.openqa.selenium.NoSuchElementException: no such element: Unable to locate element: {"method":"xpath","selector":"(//input[@type='number'])[1]"}
  (Session info: chrome=137.0.7151.69)
For documentation on this error, please visit: https://www.selenium.dev/documentation/webdriver/troubleshooting/errors#no-such-element-exception
Build info: version: '4.31.0', revision: '1ef9f18787*'
System info: os.name: 'Windows 11', os.arch: 'amd64', os.version: '10.0', java.version: '21.0.7'
Driver info: org.openqa.selenium.chrome.ChromeDriver
Command: [3bb3de8ffe9eb8c41e67c0c728953bf9, findElement {value=(//input[@type='number'])[1], using=xpath}]
Capabilities {acceptInsecureCerts: false, browserName: chrome, browserVersion: 137.0.7151.69, chrome: {chromedriverVersion: 137.0.7151.70 (dfa4dc56b2ab..., userDataDir: C:\Users\VSRIKA~1\AppData\L...}, fedcm:accounts: true, goog:chromeOptions: {debuggerAddress: localhost:61553}, networkConnectionEnabled: false, pageLoadStrategy: normal, platformName: windows, proxy: Proxy(), se:cdp: ws://localhost:61553/devtoo..., se:cdpVersion: 137.0.7151.69, setWindowRect: true, strictFileInteractability: false, timeouts: {implicit: 0, pageLoad: 300000, script: 30000}, unhandledPromptBehavior: dismiss and notify, webauthn:extension:credBlob: true, webauthn:extension:largeBlob: true, webauthn:extension:minPinLength: true, webauthn:extension:prf: true, webauthn:virtualAuthenticators: true}
Session ID: 3bb3de8ffe9eb8c41e67c0c728953bf9
	at java.base/jdk.internal.reflect.DirectConstructorHandleAccessor.newInstance(DirectConstructorHandleAccessor.java:62) ~[?:?]
	at java.base/java.lang.reflect.Constructor.newInstanceWithCaller(Constructor.java:502) ~[?:?]
	at java.base/java.lang.reflect.Constructor.newInstance(Constructor.java:486) ~[?:?]
	at org.openqa.selenium.remote.ErrorCodec.decode(ErrorCodec.java:167) ~[selenium-remote-driver-4.31.0.jar:?]
	at org.openqa.selenium.remote.codec.w3c.W3CHttpResponseCodec.decode(W3CHttpResponseCodec.java:138) ~[selenium-remote-driver-4.31.0.jar:?]
	at org.openqa.selenium.remote.codec.w3c.W3CHttpResponseCodec.decode(W3CHttpResponseCodec.java:50) ~[selenium-remote-driver-4.31.0.jar:?]
	at org.openqa.selenium.remote.HttpCommandExecutor.execute(HttpCommandExecutor.java:215) ~[selenium-remote-driver-4.31.0.jar:?]
	at org.openqa.selenium.remote.service.DriverCommandExecutor.invokeExecute(DriverCommandExecutor.java:216) ~[selenium-remote-driver-4.31.0.jar:?]
	at org.openqa.selenium.remote.service.DriverCommandExecutor.execute(DriverCommandExecutor.java:174) ~[selenium-remote-driver-4.31.0.jar:?]
	at org.openqa.selenium.remote.RemoteWebDriver.execute(RemoteWebDriver.java:545) ~[selenium-remote-driver-4.31.0.jar:?]
	at org.openqa.selenium.remote.ElementLocation$ElementFinder$2.findElement(ElementLocation.java:165) ~[selenium-remote-driver-4.31.0.jar:?]
	at org.openqa.selenium.remote.ElementLocation.findElement(ElementLocation.java:59) ~[selenium-remote-driver-4.31.0.jar:?]
	at org.openqa.selenium.remote.RemoteWebDriver.findElement(RemoteWebDriver.java:368) ~[selenium-remote-driver-4.31.0.jar:?]
	at org.openqa.selenium.remote.RemoteWebDriver.findElement(RemoteWebDriver.java:362) ~[selenium-remote-driver-4.31.0.jar:?]
	at testcases.stepactionwithdataentries.Column(stepactionwithdataentries.java:155) ~[test-classes/:?]
	at java.base/jdk.internal.reflect.DirectMethodHandleAccessor.invoke(DirectMethodHandleAccessor.java:103) ~[?:?]
	at java.base/java.lang.reflect.Method.invoke(Method.java:580) ~[?:?]
	at org.testng.internal.MethodInvocationHelper.invokeMethod(MethodInvocationHelper.java:133) ~[testng-7.4.0.jar:7.4.0]
	at org.testng.internal.TestInvoker.invokeMethod(TestInvoker.java:598) ~[testng-7.4.0.jar:7.4.0]
	at org.testng.internal.TestInvoker.invokeTestMethod(TestInvoker.java:173) ~[testng-7.4.0.jar:7.4.0]
	at org.testng.internal.MethodRunner.runInSequence(MethodRunner.java:46) ~[testng-7.4.0.jar:7.4.0]
	at org.testng.internal.TestInvoker$MethodInvocationAgent.invoke(TestInvoker.java:824) ~[testng-7.4.0.jar:7.4.0]
	at org.testng.internal.TestInvoker.invokeTestMethods(TestInvoker.java:146) ~[testng-7.4.0.jar:7.4.0]
	at org.testng.internal.TestMethodWorker.invokeTestMethods(TestMethodWorker.java:146) ~[testng-7.4.0.jar:7.4.0]
	at org.testng.internal.TestMethodWorker.run(TestMethodWorker.java:128) ~[testng-7.4.0.jar:7.4.0]
	at java.base/java.util.ArrayList.forEach(ArrayList.java:1596) [?:?]
	at org.testng.TestRunner.privateRun(TestRunner.java:794) [testng-7.4.0.jar:7.4.0]
	at org.testng.TestRunner.run(TestRunner.java:596) [testng-7.4.0.jar:7.4.0]
	at org.testng.SuiteRunner.runTest(SuiteRunner.java:377) [testng-7.4.0.jar:7.4.0]
	at org.testng.SuiteRunner.runSequentially(SuiteRunner.java:371) [testng-7.4.0.jar:7.4.0]
	at org.testng.SuiteRunner.privateRun(SuiteRunner.java:332) [testng-7.4.0.jar:7.4.0]
	at org.testng.SuiteRunner.run(SuiteRunner.java:276) [testng-7.4.0.jar:7.4.0]
	at org.testng.SuiteRunnerWorker.runSuite(SuiteRunnerWorker.java:53) [testng-7.4.0.jar:7.4.0]
	at org.testng.SuiteRunnerWorker.run(SuiteRunnerWorker.java:96) [testng-7.4.0.jar:7.4.0]
	at org.testng.TestNG.runSuitesSequentially(TestNG.java:1212) [testng-7.4.0.jar:7.4.0]
	at org.testng.TestNG.runSuitesLocally(TestNG.java:1134) [testng-7.4.0.jar:7.4.0]
	at org.testng.TestNG.runSuites(TestNG.java:1063) [testng-7.4.0.jar:7.4.0]
	at org.testng.TestNG.run(TestNG.java:1031) [testng-7.4.0.jar:7.4.0]
	at org.testng.remote.AbstractRemoteTestNG.run(AbstractRemoteTestNG.java:115) [testng-remote.jar:?]
	at org.testng.remote.RemoteTestNG.initAndRun(RemoteTestNG.java:293) [testng-remote.jar:?]
	at org.testng.remote.RemoteTestNG.main(RemoteTestNG.java:91) [testng-remote.jar:?]
14:43:58.765 [main] ERROR testcases.Basiccontrol - Error occurred in Row method: 
org.openqa.selenium.NoSuchElementException: no such element: Unable to locate element: {"method":"xpath","selector":"(//input[@type='number'])[2]"}
  (Session info: chrome=137.0.7151.69)
For documentation on this error, please visit: https://www.selenium.dev/documentation/webdriver/troubleshooting/errors#no-such-element-exception
Build info: version: '4.31.0', revision: '1ef9f18787*'
System info: os.name: 'Windows 11', os.arch: 'amd64', os.version: '10.0', java.version: '21.0.7'
Driver info: org.openqa.selenium.chrome.ChromeDriver
Command: [3bb3de8ffe9eb8c41e67c0c728953bf9, findElement {value=(//input[@type='number'])[2], using=xpath}]
Capabilities {acceptInsecureCerts: false, browserName: chrome, browserVersion: 137.0.7151.69, chrome: {chromedriverVersion: 137.0.7151.70 (dfa4dc56b2ab..., userDataDir: C:\Users\VSRIKA~1\AppData\L...}, fedcm:accounts: true, goog:chromeOptions: {debuggerAddress: localhost:61553}, networkConnectionEnabled: false, pageLoadStrategy: normal, platformName: windows, proxy: Proxy(), se:cdp: ws://localhost:61553/devtoo..., se:cdpVersion: 137.0.7151.69, setWindowRect: true, strictFileInteractability: false, timeouts: {implicit: 0, pageLoad: 300000, script: 30000}, unhandledPromptBehavior: dismiss and notify, webauthn:extension:credBlob: true, webauthn:extension:largeBlob: true, webauthn:extension:minPinLength: true, webauthn:extension:prf: true, webauthn:virtualAuthenticators: true}
Session ID: 3bb3de8ffe9eb8c41e67c0c728953bf9
	at java.base/jdk.internal.reflect.DirectConstructorHandleAccessor.newInstance(DirectConstructorHandleAccessor.java:62) ~[?:?]
	at java.base/java.lang.reflect.Constructor.newInstanceWithCaller(Constructor.java:502) ~[?:?]
	at java.base/java.lang.reflect.Constructor.newInstance(Constructor.java:486) ~[?:?]
	at org.openqa.selenium.remote.ErrorCodec.decode(ErrorCodec.java:167) ~[selenium-remote-driver-4.31.0.jar:?]
	at org.openqa.selenium.remote.codec.w3c.W3CHttpResponseCodec.decode(W3CHttpResponseCodec.java:138) ~[selenium-remote-driver-4.31.0.jar:?]
	at org.openqa.selenium.remote.codec.w3c.W3CHttpResponseCodec.decode(W3CHttpResponseCodec.java:50) ~[selenium-remote-driver-4.31.0.jar:?]
	at org.openqa.selenium.remote.HttpCommandExecutor.execute(HttpCommandExecutor.java:215) ~[selenium-remote-driver-4.31.0.jar:?]
	at org.openqa.selenium.remote.service.DriverCommandExecutor.invokeExecute(DriverCommandExecutor.java:216) ~[selenium-remote-driver-4.31.0.jar:?]
	at org.openqa.selenium.remote.service.DriverCommandExecutor.execute(DriverCommandExecutor.java:174) ~[selenium-remote-driver-4.31.0.jar:?]
	at org.openqa.selenium.remote.RemoteWebDriver.execute(RemoteWebDriver.java:545) ~[selenium-remote-driver-4.31.0.jar:?]
	at org.openqa.selenium.remote.ElementLocation$ElementFinder$2.findElement(ElementLocation.java:165) ~[selenium-remote-driver-4.31.0.jar:?]
	at org.openqa.selenium.remote.ElementLocation.findElement(ElementLocation.java:59) ~[selenium-remote-driver-4.31.0.jar:?]
	at org.openqa.selenium.remote.RemoteWebDriver.findElement(RemoteWebDriver.java:368) ~[selenium-remote-driver-4.31.0.jar:?]
	at org.openqa.selenium.remote.RemoteWebDriver.findElement(RemoteWebDriver.java:362) ~[selenium-remote-driver-4.31.0.jar:?]
	at testcases.stepactionwithdataentries.Row(stepactionwithdataentries.java:163) ~[test-classes/:?]
	at java.base/jdk.internal.reflect.DirectMethodHandleAccessor.invoke(DirectMethodHandleAccessor.java:103) ~[?:?]
	at java.base/java.lang.reflect.Method.invoke(Method.java:580) ~[?:?]
	at org.testng.internal.MethodInvocationHelper.invokeMethod(MethodInvocationHelper.java:133) ~[testng-7.4.0.jar:7.4.0]
	at org.testng.internal.TestInvoker.invokeMethod(TestInvoker.java:598) ~[testng-7.4.0.jar:7.4.0]
	at org.testng.internal.TestInvoker.invokeTestMethod(TestInvoker.java:173) ~[testng-7.4.0.jar:7.4.0]
	at org.testng.internal.MethodRunner.runInSequence(MethodRunner.java:46) ~[testng-7.4.0.jar:7.4.0]
	at org.testng.internal.TestInvoker$MethodInvocationAgent.invoke(TestInvoker.java:824) ~[testng-7.4.0.jar:7.4.0]
	at org.testng.internal.TestInvoker.invokeTestMethods(TestInvoker.java:146) ~[testng-7.4.0.jar:7.4.0]
	at org.testng.internal.TestMethodWorker.invokeTestMethods(TestMethodWorker.java:146) ~[testng-7.4.0.jar:7.4.0]
	at org.testng.internal.TestMethodWorker.run(TestMethodWorker.java:128) ~[testng-7.4.0.jar:7.4.0]
	at java.base/java.util.ArrayList.forEach(ArrayList.java:1596) [?:?]
	at org.testng.TestRunner.privateRun(TestRunner.java:794) [testng-7.4.0.jar:7.4.0]
	at org.testng.TestRunner.run(TestRunner.java:596) [testng-7.4.0.jar:7.4.0]
	at org.testng.SuiteRunner.runTest(SuiteRunner.java:377) [testng-7.4.0.jar:7.4.0]
	at org.testng.SuiteRunner.runSequentially(SuiteRunner.java:371) [testng-7.4.0.jar:7.4.0]
	at org.testng.SuiteRunner.privateRun(SuiteRunner.java:332) [testng-7.4.0.jar:7.4.0]
	at org.testng.SuiteRunner.run(SuiteRunner.java:276) [testng-7.4.0.jar:7.4.0]
	at org.testng.SuiteRunnerWorker.runSuite(SuiteRunnerWorker.java:53) [testng-7.4.0.jar:7.4.0]
	at org.testng.SuiteRunnerWorker.run(SuiteRunnerWorker.java:96) [testng-7.4.0.jar:7.4.0]
	at org.testng.TestNG.runSuitesSequentially(TestNG.java:1212) [testng-7.4.0.jar:7.4.0]
	at org.testng.TestNG.runSuitesLocally(TestNG.java:1134) [testng-7.4.0.jar:7.4.0]
	at org.testng.TestNG.runSuites(TestNG.java:1063) [testng-7.4.0.jar:7.4.0]
	at org.testng.TestNG.run(TestNG.java:1031) [testng-7.4.0.jar:7.4.0]
	at org.testng.remote.AbstractRemoteTestNG.run(AbstractRemoteTestNG.java:115) [testng-remote.jar:?]
	at org.testng.remote.RemoteTestNG.initAndRun(RemoteTestNG.java:293) [testng-remote.jar:?]
	at org.testng.remote.RemoteTestNG.main(RemoteTestNG.java:91) [testng-remote.jar:?]
14:44:00.911 [main] ERROR testcases.Basiccontrol - Error occurred in Ok method: 
org.openqa.selenium.NoSuchElementException: no such element: Unable to locate element: {"method":"xpath","selector":"(//button[@class='borderenable btn btn-sm button-border ng-star-inserted'])[1]"}
  (Session info: chrome=137.0.7151.69)
For documentation on this error, please visit: https://www.selenium.dev/documentation/webdriver/troubleshooting/errors#no-such-element-exception
Build info: version: '4.31.0', revision: '1ef9f18787*'
System info: os.name: 'Windows 11', os.arch: 'amd64', os.version: '10.0', java.version: '21.0.7'
Driver info: org.openqa.selenium.chrome.ChromeDriver
Command: [3bb3de8ffe9eb8c41e67c0c728953bf9, findElement {value=(//button[@class='borderenable btn btn-sm button-border ng-star-inserted'])[1], using=xpath}]
Capabilities {acceptInsecureCerts: false, browserName: chrome, browserVersion: 137.0.7151.69, chrome: {chromedriverVersion: 137.0.7151.70 (dfa4dc56b2ab..., userDataDir: C:\Users\VSRIKA~1\AppData\L...}, fedcm:accounts: true, goog:chromeOptions: {debuggerAddress: localhost:61553}, networkConnectionEnabled: false, pageLoadStrategy: normal, platformName: windows, proxy: Proxy(), se:cdp: ws://localhost:61553/devtoo..., se:cdpVersion: 137.0.7151.69, setWindowRect: true, strictFileInteractability: false, timeouts: {implicit: 0, pageLoad: 300000, script: 30000}, unhandledPromptBehavior: dismiss and notify, webauthn:extension:credBlob: true, webauthn:extension:largeBlob: true, webauthn:extension:minPinLength: true, webauthn:extension:prf: true, webauthn:virtualAuthenticators: true}
Session ID: 3bb3de8ffe9eb8c41e67c0c728953bf9
	at java.base/jdk.internal.reflect.DirectConstructorHandleAccessor.newInstance(DirectConstructorHandleAccessor.java:62) ~[?:?]
	at java.base/java.lang.reflect.Constructor.newInstanceWithCaller(Constructor.java:502) ~[?:?]
	at java.base/java.lang.reflect.Constructor.newInstance(Constructor.java:486) ~[?:?]
	at org.openqa.selenium.remote.ErrorCodec.decode(ErrorCodec.java:167) ~[selenium-remote-driver-4.31.0.jar:?]
	at org.openqa.selenium.remote.codec.w3c.W3CHttpResponseCodec.decode(W3CHttpResponseCodec.java:138) ~[selenium-remote-driver-4.31.0.jar:?]
	at org.openqa.selenium.remote.codec.w3c.W3CHttpResponseCodec.decode(W3CHttpResponseCodec.java:50) ~[selenium-remote-driver-4.31.0.jar:?]
	at org.openqa.selenium.remote.HttpCommandExecutor.execute(HttpCommandExecutor.java:215) ~[selenium-remote-driver-4.31.0.jar:?]
	at org.openqa.selenium.remote.service.DriverCommandExecutor.invokeExecute(DriverCommandExecutor.java:216) ~[selenium-remote-driver-4.31.0.jar:?]
	at org.openqa.selenium.remote.service.DriverCommandExecutor.execute(DriverCommandExecutor.java:174) ~[selenium-remote-driver-4.31.0.jar:?]
	at org.openqa.selenium.remote.RemoteWebDriver.execute(RemoteWebDriver.java:545) ~[selenium-remote-driver-4.31.0.jar:?]
	at org.openqa.selenium.remote.ElementLocation$ElementFinder$2.findElement(ElementLocation.java:165) ~[selenium-remote-driver-4.31.0.jar:?]
	at org.openqa.selenium.remote.ElementLocation.findElement(ElementLocation.java:59) ~[selenium-remote-driver-4.31.0.jar:?]
	at org.openqa.selenium.remote.RemoteWebDriver.findElement(RemoteWebDriver.java:368) ~[selenium-remote-driver-4.31.0.jar:?]
	at org.openqa.selenium.remote.RemoteWebDriver.findElement(RemoteWebDriver.java:362) ~[selenium-remote-driver-4.31.0.jar:?]
	at testcases.stepactionwithdataentries.Ok(stepactionwithdataentries.java:171) ~[test-classes/:?]
	at java.base/jdk.internal.reflect.DirectMethodHandleAccessor.invoke(DirectMethodHandleAccessor.java:103) ~[?:?]
	at java.base/java.lang.reflect.Method.invoke(Method.java:580) ~[?:?]
	at org.testng.internal.MethodInvocationHelper.invokeMethod(MethodInvocationHelper.java:133) ~[testng-7.4.0.jar:7.4.0]
	at org.testng.internal.TestInvoker.invokeMethod(TestInvoker.java:598) ~[testng-7.4.0.jar:7.4.0]
	at org.testng.internal.TestInvoker.invokeTestMethod(TestInvoker.java:173) ~[testng-7.4.0.jar:7.4.0]
	at org.testng.internal.MethodRunner.runInSequence(MethodRunner.java:46) ~[testng-7.4.0.jar:7.4.0]
	at org.testng.internal.TestInvoker$MethodInvocationAgent.invoke(TestInvoker.java:824) ~[testng-7.4.0.jar:7.4.0]
	at org.testng.internal.TestInvoker.invokeTestMethods(TestInvoker.java:146) ~[testng-7.4.0.jar:7.4.0]
	at org.testng.internal.TestMethodWorker.invokeTestMethods(TestMethodWorker.java:146) ~[testng-7.4.0.jar:7.4.0]
	at org.testng.internal.TestMethodWorker.run(TestMethodWorker.java:128) ~[testng-7.4.0.jar:7.4.0]
	at java.base/java.util.ArrayList.forEach(ArrayList.java:1596) [?:?]
	at org.testng.TestRunner.privateRun(TestRunner.java:794) [testng-7.4.0.jar:7.4.0]
	at org.testng.TestRunner.run(TestRunner.java:596) [testng-7.4.0.jar:7.4.0]
	at org.testng.SuiteRunner.runTest(SuiteRunner.java:377) [testng-7.4.0.jar:7.4.0]
	at org.testng.SuiteRunner.runSequentially(SuiteRunner.java:371) [testng-7.4.0.jar:7.4.0]
	at org.testng.SuiteRunner.privateRun(SuiteRunner.java:332) [testng-7.4.0.jar:7.4.0]
	at org.testng.SuiteRunner.run(SuiteRunner.java:276) [testng-7.4.0.jar:7.4.0]
	at org.testng.SuiteRunnerWorker.runSuite(SuiteRunnerWorker.java:53) [testng-7.4.0.jar:7.4.0]
	at org.testng.SuiteRunnerWorker.run(SuiteRunnerWorker.java:96) [testng-7.4.0.jar:7.4.0]
	at org.testng.TestNG.runSuitesSequentially(TestNG.java:1212) [testng-7.4.0.jar:7.4.0]
	at org.testng.TestNG.runSuitesLocally(TestNG.java:1134) [testng-7.4.0.jar:7.4.0]
	at org.testng.TestNG.runSuites(TestNG.java:1063) [testng-7.4.0.jar:7.4.0]
	at org.testng.TestNG.run(TestNG.java:1031) [testng-7.4.0.jar:7.4.0]
	at org.testng.remote.AbstractRemoteTestNG.run(AbstractRemoteTestNG.java:115) [testng-remote.jar:?]
	at org.testng.remote.RemoteTestNG.initAndRun(RemoteTestNG.java:293) [testng-remote.jar:?]
	at org.testng.remote.RemoteTestNG.main(RemoteTestNG.java:91) [testng-remote.jar:?]
14:44:03.043 [main] ERROR testcases.Basiccontrol - Error occurred in Columnbutton method: 
org.openqa.selenium.NoSuchElementException: no such element: Unable to locate element: {"method":"xpath","selector":"(//a[@class='nav-link'])"}
  (Session info: chrome=137.0.7151.69)
For documentation on this error, please visit: https://www.selenium.dev/documentation/webdriver/troubleshooting/errors#no-such-element-exception
Build info: version: '4.31.0', revision: '1ef9f18787*'
System info: os.name: 'Windows 11', os.arch: 'amd64', os.version: '10.0', java.version: '21.0.7'
Driver info: org.openqa.selenium.chrome.ChromeDriver
Command: [3bb3de8ffe9eb8c41e67c0c728953bf9, findElement {value=(//a[@class='nav-link']), using=xpath}]
Capabilities {acceptInsecureCerts: false, browserName: chrome, browserVersion: 137.0.7151.69, chrome: {chromedriverVersion: 137.0.7151.70 (dfa4dc56b2ab..., userDataDir: C:\Users\VSRIKA~1\AppData\L...}, fedcm:accounts: true, goog:chromeOptions: {debuggerAddress: localhost:61553}, networkConnectionEnabled: false, pageLoadStrategy: normal, platformName: windows, proxy: Proxy(), se:cdp: ws://localhost:61553/devtoo..., se:cdpVersion: 137.0.7151.69, setWindowRect: true, strictFileInteractability: false, timeouts: {implicit: 0, pageLoad: 300000, script: 30000}, unhandledPromptBehavior: dismiss and notify, webauthn:extension:credBlob: true, webauthn:extension:largeBlob: true, webauthn:extension:minPinLength: true, webauthn:extension:prf: true, webauthn:virtualAuthenticators: true}
Session ID: 3bb3de8ffe9eb8c41e67c0c728953bf9
	at java.base/jdk.internal.reflect.DirectConstructorHandleAccessor.newInstance(DirectConstructorHandleAccessor.java:62) ~[?:?]
	at java.base/java.lang.reflect.Constructor.newInstanceWithCaller(Constructor.java:502) ~[?:?]
	at java.base/java.lang.reflect.Constructor.newInstance(Constructor.java:486) ~[?:?]
	at org.openqa.selenium.remote.ErrorCodec.decode(ErrorCodec.java:167) ~[selenium-remote-driver-4.31.0.jar:?]
	at org.openqa.selenium.remote.codec.w3c.W3CHttpResponseCodec.decode(W3CHttpResponseCodec.java:138) ~[selenium-remote-driver-4.31.0.jar:?]
	at org.openqa.selenium.remote.codec.w3c.W3CHttpResponseCodec.decode(W3CHttpResponseCodec.java:50) ~[selenium-remote-driver-4.31.0.jar:?]
	at org.openqa.selenium.remote.HttpCommandExecutor.execute(HttpCommandExecutor.java:215) ~[selenium-remote-driver-4.31.0.jar:?]
	at org.openqa.selenium.remote.service.DriverCommandExecutor.invokeExecute(DriverCommandExecutor.java:216) ~[selenium-remote-driver-4.31.0.jar:?]
	at org.openqa.selenium.remote.service.DriverCommandExecutor.execute(DriverCommandExecutor.java:174) ~[selenium-remote-driver-4.31.0.jar:?]
	at org.openqa.selenium.remote.RemoteWebDriver.execute(RemoteWebDriver.java:545) ~[selenium-remote-driver-4.31.0.jar:?]
	at org.openqa.selenium.remote.ElementLocation$ElementFinder$2.findElement(ElementLocation.java:165) ~[selenium-remote-driver-4.31.0.jar:?]
	at org.openqa.selenium.remote.ElementLocation.findElement(ElementLocation.java:59) ~[selenium-remote-driver-4.31.0.jar:?]
	at org.openqa.selenium.remote.RemoteWebDriver.findElement(RemoteWebDriver.java:368) ~[selenium-remote-driver-4.31.0.jar:?]
	at org.openqa.selenium.remote.RemoteWebDriver.findElement(RemoteWebDriver.java:362) ~[selenium-remote-driver-4.31.0.jar:?]
	at testcases.stepactionwithdataentries.Columnbutton(stepactionwithdataentries.java:177) ~[test-classes/:?]
	at java.base/jdk.internal.reflect.DirectMethodHandleAccessor.invoke(DirectMethodHandleAccessor.java:103) ~[?:?]
	at java.base/java.lang.reflect.Method.invoke(Method.java:580) ~[?:?]
	at org.testng.internal.MethodInvocationHelper.invokeMethod(MethodInvocationHelper.java:133) ~[testng-7.4.0.jar:7.4.0]
	at org.testng.internal.TestInvoker.invokeMethod(TestInvoker.java:598) ~[testng-7.4.0.jar:7.4.0]
	at org.testng.internal.TestInvoker.invokeTestMethod(TestInvoker.java:173) ~[testng-7.4.0.jar:7.4.0]
	at org.testng.internal.MethodRunner.runInSequence(MethodRunner.java:46) ~[testng-7.4.0.jar:7.4.0]
	at org.testng.internal.TestInvoker$MethodInvocationAgent.invoke(TestInvoker.java:824) ~[testng-7.4.0.jar:7.4.0]
	at org.testng.internal.TestInvoker.invokeTestMethods(TestInvoker.java:146) ~[testng-7.4.0.jar:7.4.0]
	at org.testng.internal.TestMethodWorker.invokeTestMethods(TestMethodWorker.java:146) ~[testng-7.4.0.jar:7.4.0]
	at org.testng.internal.TestMethodWorker.run(TestMethodWorker.java:128) ~[testng-7.4.0.jar:7.4.0]
	at java.base/java.util.ArrayList.forEach(ArrayList.java:1596) [?:?]
	at org.testng.TestRunner.privateRun(TestRunner.java:794) [testng-7.4.0.jar:7.4.0]
	at org.testng.TestRunner.run(TestRunner.java:596) [testng-7.4.0.jar:7.4.0]
	at org.testng.SuiteRunner.runTest(SuiteRunner.java:377) [testng-7.4.0.jar:7.4.0]
	at org.testng.SuiteRunner.runSequentially(SuiteRunner.java:371) [testng-7.4.0.jar:7.4.0]
	at org.testng.SuiteRunner.privateRun(SuiteRunner.java:332) [testng-7.4.0.jar:7.4.0]
	at org.testng.SuiteRunner.run(SuiteRunner.java:276) [testng-7.4.0.jar:7.4.0]
	at org.testng.SuiteRunnerWorker.runSuite(SuiteRunnerWorker.java:53) [testng-7.4.0.jar:7.4.0]
	at org.testng.SuiteRunnerWorker.run(SuiteRunnerWorker.java:96) [testng-7.4.0.jar:7.4.0]
	at org.testng.TestNG.runSuitesSequentially(TestNG.java:1212) [testng-7.4.0.jar:7.4.0]
	at org.testng.TestNG.runSuitesLocally(TestNG.java:1134) [testng-7.4.0.jar:7.4.0]
	at org.testng.TestNG.runSuites(TestNG.java:1063) [testng-7.4.0.jar:7.4.0]
	at org.testng.TestNG.run(TestNG.java:1031) [testng-7.4.0.jar:7.4.0]
	at org.testng.remote.AbstractRemoteTestNG.run(AbstractRemoteTestNG.java:115) [testng-remote.jar:?]
	at org.testng.remote.RemoteTestNG.initAndRun(RemoteTestNG.java:293) [testng-remote.jar:?]
	at org.testng.remote.RemoteTestNG.main(RemoteTestNG.java:91) [testng-remote.jar:?]
14:44:05.189 [main] ERROR testcases.Basiccontrol - Error occurred in Datatypedropdown method: 
org.openqa.selenium.ElementNotInteractableException: element not interactable
  (Session info: chrome=137.0.7151.69)
Build info: version: '4.31.0', revision: '1ef9f18787*'
System info: os.name: 'Windows 11', os.arch: 'amd64', os.version: '10.0', java.version: '21.0.7'
Driver info: org.openqa.selenium.chrome.ChromeDriver
Command: [3bb3de8ffe9eb8c41e67c0c728953bf9, clickElement {id=f.D22BE76B3779A1279B9C5376A1B0D31F.d.F7A6195D7522A7A559C5A00ED77DA51F.e.1095}]
Capabilities {acceptInsecureCerts: false, browserName: chrome, browserVersion: 137.0.7151.69, chrome: {chromedriverVersion: 137.0.7151.70 (dfa4dc56b2ab..., userDataDir: C:\Users\VSRIKA~1\AppData\L...}, fedcm:accounts: true, goog:chromeOptions: {debuggerAddress: localhost:61553}, networkConnectionEnabled: false, pageLoadStrategy: normal, platformName: windows, proxy: Proxy(), se:cdp: ws://localhost:61553/devtoo..., se:cdpVersion: 137.0.7151.69, setWindowRect: true, strictFileInteractability: false, timeouts: {implicit: 0, pageLoad: 300000, script: 30000}, unhandledPromptBehavior: dismiss and notify, webauthn:extension:credBlob: true, webauthn:extension:largeBlob: true, webauthn:extension:minPinLength: true, webauthn:extension:prf: true, webauthn:virtualAuthenticators: true}
Element: [[ChromeDriver: chrome on windows (3bb3de8ffe9eb8c41e67c0c728953bf9)] -> xpath: //select[contains(@class,'form-control ng-untouched ng-pristine ng-valid')]]
Session ID: 3bb3de8ffe9eb8c41e67c0c728953bf9
	at java.base/jdk.internal.reflect.DirectConstructorHandleAccessor.newInstance(DirectConstructorHandleAccessor.java:62) ~[?:?]
	at java.base/java.lang.reflect.Constructor.newInstanceWithCaller(Constructor.java:502) ~[?:?]
	at java.base/java.lang.reflect.Constructor.newInstance(Constructor.java:486) ~[?:?]
	at org.openqa.selenium.remote.ErrorCodec.decode(ErrorCodec.java:167) ~[selenium-remote-driver-4.31.0.jar:?]
	at org.openqa.selenium.remote.codec.w3c.W3CHttpResponseCodec.decode(W3CHttpResponseCodec.java:138) ~[selenium-remote-driver-4.31.0.jar:?]
	at org.openqa.selenium.remote.codec.w3c.W3CHttpResponseCodec.decode(W3CHttpResponseCodec.java:50) ~[selenium-remote-driver-4.31.0.jar:?]
	at org.openqa.selenium.remote.HttpCommandExecutor.execute(HttpCommandExecutor.java:215) ~[selenium-remote-driver-4.31.0.jar:?]
	at org.openqa.selenium.remote.service.DriverCommandExecutor.invokeExecute(DriverCommandExecutor.java:216) ~[selenium-remote-driver-4.31.0.jar:?]
	at org.openqa.selenium.remote.service.DriverCommandExecutor.execute(DriverCommandExecutor.java:174) ~[selenium-remote-driver-4.31.0.jar:?]
	at org.openqa.selenium.remote.RemoteWebDriver.execute(RemoteWebDriver.java:545) ~[selenium-remote-driver-4.31.0.jar:?]
	at org.openqa.selenium.remote.RemoteWebElement.execute(RemoteWebElement.java:223) ~[selenium-remote-driver-4.31.0.jar:?]
	at org.openqa.selenium.remote.RemoteWebElement.click(RemoteWebElement.java:76) ~[selenium-remote-driver-4.31.0.jar:?]
	at testcases.stepactionwithdataentries.Datatypedropdown(stepactionwithdataentries.java:183) ~[test-classes/:?]
	at java.base/jdk.internal.reflect.DirectMethodHandleAccessor.invoke(DirectMethodHandleAccessor.java:103) ~[?:?]
	at java.base/java.lang.reflect.Method.invoke(Method.java:580) ~[?:?]
	at org.testng.internal.MethodInvocationHelper.invokeMethod(MethodInvocationHelper.java:133) ~[testng-7.4.0.jar:7.4.0]
	at org.testng.internal.TestInvoker.invokeMethod(TestInvoker.java:598) ~[testng-7.4.0.jar:7.4.0]
	at org.testng.internal.TestInvoker.invokeTestMethod(TestInvoker.java:173) ~[testng-7.4.0.jar:7.4.0]
	at org.testng.internal.MethodRunner.runInSequence(MethodRunner.java:46) ~[testng-7.4.0.jar:7.4.0]
	at org.testng.internal.TestInvoker$MethodInvocationAgent.invoke(TestInvoker.java:824) ~[testng-7.4.0.jar:7.4.0]
	at org.testng.internal.TestInvoker.invokeTestMethods(TestInvoker.java:146) ~[testng-7.4.0.jar:7.4.0]
	at org.testng.internal.TestMethodWorker.invokeTestMethods(TestMethodWorker.java:146) ~[testng-7.4.0.jar:7.4.0]
	at org.testng.internal.TestMethodWorker.run(TestMethodWorker.java:128) ~[testng-7.4.0.jar:7.4.0]
	at java.base/java.util.ArrayList.forEach(ArrayList.java:1596) [?:?]
	at org.testng.TestRunner.privateRun(TestRunner.java:794) [testng-7.4.0.jar:7.4.0]
	at org.testng.TestRunner.run(TestRunner.java:596) [testng-7.4.0.jar:7.4.0]
	at org.testng.SuiteRunner.runTest(SuiteRunner.java:377) [testng-7.4.0.jar:7.4.0]
	at org.testng.SuiteRunner.runSequentially(SuiteRunner.java:371) [testng-7.4.0.jar:7.4.0]
	at org.testng.SuiteRunner.privateRun(SuiteRunner.java:332) [testng-7.4.0.jar:7.4.0]
	at org.testng.SuiteRunner.run(SuiteRunner.java:276) [testng-7.4.0.jar:7.4.0]
	at org.testng.SuiteRunnerWorker.runSuite(SuiteRunnerWorker.java:53) [testng-7.4.0.jar:7.4.0]
	at org.testng.SuiteRunnerWorker.run(SuiteRunnerWorker.java:96) [testng-7.4.0.jar:7.4.0]
	at org.testng.TestNG.runSuitesSequentially(TestNG.java:1212) [testng-7.4.0.jar:7.4.0]
	at org.testng.TestNG.runSuitesLocally(TestNG.java:1134) [testng-7.4.0.jar:7.4.0]
	at org.testng.TestNG.runSuites(TestNG.java:1063) [testng-7.4.0.jar:7.4.0]
	at org.testng.TestNG.run(TestNG.java:1031) [testng-7.4.0.jar:7.4.0]
	at org.testng.remote.AbstractRemoteTestNG.run(AbstractRemoteTestNG.java:115) [testng-remote.jar:?]
	at org.testng.remote.RemoteTestNG.initAndRun(RemoteTestNG.java:293) [testng-remote.jar:?]
	at org.testng.remote.RemoteTestNG.main(RemoteTestNG.java:91) [testng-remote.jar:?]
14:44:09.448 [main] ERROR testcases.Basiccontrol - Error occurred in Textdataentry method: 
org.openqa.selenium.ElementNotInteractableException: element not interactable: Element is not currently visible and may not be manipulated
  (Session info: chrome=137.0.7151.69)
Build info: version: '4.31.0', revision: '1ef9f18787*'
System info: os.name: 'Windows 11', os.arch: 'amd64', os.version: '10.0', java.version: '21.0.7'
Driver info: org.openqa.selenium.chrome.ChromeDriver
Command: [3bb3de8ffe9eb8c41e67c0c728953bf9, clickElement {id=f.D22BE76B3779A1279B9C5376A1B0D31F.d.F7A6195D7522A7A559C5A00ED77DA51F.e.1214}]
Capabilities {acceptInsecureCerts: false, browserName: chrome, browserVersion: 137.0.7151.69, chrome: {chromedriverVersion: 137.0.7151.70 (dfa4dc56b2ab..., userDataDir: C:\Users\VSRIKA~1\AppData\L...}, fedcm:accounts: true, goog:chromeOptions: {debuggerAddress: localhost:61553}, networkConnectionEnabled: false, pageLoadStrategy: normal, platformName: windows, proxy: Proxy(), se:cdp: ws://localhost:61553/devtoo..., se:cdpVersion: 137.0.7151.69, setWindowRect: true, strictFileInteractability: false, timeouts: {implicit: 0, pageLoad: 300000, script: 30000}, unhandledPromptBehavior: dismiss and notify, webauthn:extension:credBlob: true, webauthn:extension:largeBlob: true, webauthn:extension:minPinLength: true, webauthn:extension:prf: true, webauthn:virtualAuthenticators: true}
Element: [[[[ChromeDriver: chrome on windows (3bb3de8ffe9eb8c41e67c0c728953bf9)] -> xpath: //select[contains(@class,'form-control ng-untouched ng-pristine ng-valid')]]] -> tag name: option]
Session ID: 3bb3de8ffe9eb8c41e67c0c728953bf9
	at java.base/jdk.internal.reflect.DirectConstructorHandleAccessor.newInstance(DirectConstructorHandleAccessor.java:62) ~[?:?]
	at java.base/java.lang.reflect.Constructor.newInstanceWithCaller(Constructor.java:502) ~[?:?]
	at java.base/java.lang.reflect.Constructor.newInstance(Constructor.java:486) ~[?:?]
	at org.openqa.selenium.remote.ErrorCodec.decode(ErrorCodec.java:167) ~[selenium-remote-driver-4.31.0.jar:?]
	at org.openqa.selenium.remote.codec.w3c.W3CHttpResponseCodec.decode(W3CHttpResponseCodec.java:138) ~[selenium-remote-driver-4.31.0.jar:?]
	at org.openqa.selenium.remote.codec.w3c.W3CHttpResponseCodec.decode(W3CHttpResponseCodec.java:50) ~[selenium-remote-driver-4.31.0.jar:?]
	at org.openqa.selenium.remote.HttpCommandExecutor.execute(HttpCommandExecutor.java:215) ~[selenium-remote-driver-4.31.0.jar:?]
	at org.openqa.selenium.remote.service.DriverCommandExecutor.invokeExecute(DriverCommandExecutor.java:216) ~[selenium-remote-driver-4.31.0.jar:?]
	at org.openqa.selenium.remote.service.DriverCommandExecutor.execute(DriverCommandExecutor.java:174) ~[selenium-remote-driver-4.31.0.jar:?]
	at org.openqa.selenium.remote.RemoteWebDriver.execute(RemoteWebDriver.java:545) ~[selenium-remote-driver-4.31.0.jar:?]
	at org.openqa.selenium.remote.RemoteWebElement.execute(RemoteWebElement.java:223) ~[selenium-remote-driver-4.31.0.jar:?]
	at org.openqa.selenium.remote.RemoteWebElement.click(RemoteWebElement.java:76) ~[selenium-remote-driver-4.31.0.jar:?]
	at org.openqa.selenium.support.ui.Select.setSelected(Select.java:419) ~[selenium-support-4.31.0.jar:?]
	at org.openqa.selenium.support.ui.Select.setSelectedByIndex(Select.java:403) ~[selenium-support-4.31.0.jar:?]
	at org.openqa.selenium.support.ui.Select.selectByIndex(Select.java:262) ~[selenium-support-4.31.0.jar:?]
	at testcases.stepactionwithdataentries.Textdataentry(stepactionwithdataentries.java:190) ~[test-classes/:?]
	at java.base/jdk.internal.reflect.DirectMethodHandleAccessor.invoke(DirectMethodHandleAccessor.java:103) ~[?:?]
	at java.base/java.lang.reflect.Method.invoke(Method.java:580) ~[?:?]
	at org.testng.internal.MethodInvocationHelper.invokeMethod(MethodInvocationHelper.java:133) ~[testng-7.4.0.jar:7.4.0]
	at org.testng.internal.TestInvoker.invokeMethod(TestInvoker.java:598) ~[testng-7.4.0.jar:7.4.0]
	at org.testng.internal.TestInvoker.invokeTestMethod(TestInvoker.java:173) ~[testng-7.4.0.jar:7.4.0]
	at org.testng.internal.MethodRunner.runInSequence(MethodRunner.java:46) ~[testng-7.4.0.jar:7.4.0]
	at org.testng.internal.TestInvoker$MethodInvocationAgent.invoke(TestInvoker.java:824) ~[testng-7.4.0.jar:7.4.0]
	at org.testng.internal.TestInvoker.invokeTestMethods(TestInvoker.java:146) ~[testng-7.4.0.jar:7.4.0]
	at org.testng.internal.TestMethodWorker.invokeTestMethods(TestMethodWorker.java:146) ~[testng-7.4.0.jar:7.4.0]
	at org.testng.internal.TestMethodWorker.run(TestMethodWorker.java:128) ~[testng-7.4.0.jar:7.4.0]
	at java.base/java.util.ArrayList.forEach(ArrayList.java:1596) [?:?]
	at org.testng.TestRunner.privateRun(TestRunner.java:794) [testng-7.4.0.jar:7.4.0]
	at org.testng.TestRunner.run(TestRunner.java:596) [testng-7.4.0.jar:7.4.0]
	at org.testng.SuiteRunner.runTest(SuiteRunner.java:377) [testng-7.4.0.jar:7.4.0]
	at org.testng.SuiteRunner.runSequentially(SuiteRunner.java:371) [testng-7.4.0.jar:7.4.0]
	at org.testng.SuiteRunner.privateRun(SuiteRunner.java:332) [testng-7.4.0.jar:7.4.0]
	at org.testng.SuiteRunner.run(SuiteRunner.java:276) [testng-7.4.0.jar:7.4.0]
	at org.testng.SuiteRunnerWorker.runSuite(SuiteRunnerWorker.java:53) [testng-7.4.0.jar:7.4.0]
	at org.testng.SuiteRunnerWorker.run(SuiteRunnerWorker.java:96) [testng-7.4.0.jar:7.4.0]
	at org.testng.TestNG.runSuitesSequentially(TestNG.java:1212) [testng-7.4.0.jar:7.4.0]
	at org.testng.TestNG.runSuitesLocally(TestNG.java:1134) [testng-7.4.0.jar:7.4.0]
	at org.testng.TestNG.runSuites(TestNG.java:1063) [testng-7.4.0.jar:7.4.0]
	at org.testng.TestNG.run(TestNG.java:1031) [testng-7.4.0.jar:7.4.0]
	at org.testng.remote.AbstractRemoteTestNG.run(AbstractRemoteTestNG.java:115) [testng-remote.jar:?]
	at org.testng.remote.RemoteTestNG.initAndRun(RemoteTestNG.java:293) [testng-remote.jar:?]
	at org.testng.remote.RemoteTestNG.main(RemoteTestNG.java:91) [testng-remote.jar:?]
14:44:25.775 [main] ERROR testcases.Basiccontrol - Error occurred in Datatypedropdown1 method: 
org.openqa.selenium.NoSuchElementException: Cannot locate option with index: 2
For documentation on this error, please visit: https://www.selenium.dev/documentation/webdriver/troubleshooting/errors#no-such-element-exception
Build info: version: '4.31.0', revision: '1ef9f18787*'
System info: os.name: 'Windows 11', os.arch: 'amd64', os.version: '10.0', java.version: '21.0.7'
Driver info: driver.version: unknown
	at org.openqa.selenium.support.ui.Select.setSelectedByIndex(Select.java:407) ~[selenium-support-4.31.0.jar:?]
	at org.openqa.selenium.support.ui.Select.selectByIndex(Select.java:262) ~[selenium-support-4.31.0.jar:?]
	at testcases.stepactionwithdataentries.Datatypedropdown12(stepactionwithdataentries.java:209) ~[test-classes/:?]
	at java.base/jdk.internal.reflect.DirectMethodHandleAccessor.invoke(DirectMethodHandleAccessor.java:103) ~[?:?]
	at java.base/java.lang.reflect.Method.invoke(Method.java:580) ~[?:?]
	at org.testng.internal.MethodInvocationHelper.invokeMethod(MethodInvocationHelper.java:133) ~[testng-7.4.0.jar:7.4.0]
	at org.testng.internal.TestInvoker.invokeMethod(TestInvoker.java:598) ~[testng-7.4.0.jar:7.4.0]
	at org.testng.internal.TestInvoker.invokeTestMethod(TestInvoker.java:173) ~[testng-7.4.0.jar:7.4.0]
	at org.testng.internal.MethodRunner.runInSequence(MethodRunner.java:46) ~[testng-7.4.0.jar:7.4.0]
	at org.testng.internal.TestInvoker$MethodInvocationAgent.invoke(TestInvoker.java:824) ~[testng-7.4.0.jar:7.4.0]
	at org.testng.internal.TestInvoker.invokeTestMethods(TestInvoker.java:146) ~[testng-7.4.0.jar:7.4.0]
	at org.testng.internal.TestMethodWorker.invokeTestMethods(TestMethodWorker.java:146) ~[testng-7.4.0.jar:7.4.0]
	at org.testng.internal.TestMethodWorker.run(TestMethodWorker.java:128) ~[testng-7.4.0.jar:7.4.0]
	at java.base/java.util.ArrayList.forEach(ArrayList.java:1596) [?:?]
	at org.testng.TestRunner.privateRun(TestRunner.java:794) [testng-7.4.0.jar:7.4.0]
	at org.testng.TestRunner.run(TestRunner.java:596) [testng-7.4.0.jar:7.4.0]
	at org.testng.SuiteRunner.runTest(SuiteRunner.java:377) [testng-7.4.0.jar:7.4.0]
	at org.testng.SuiteRunner.runSequentially(SuiteRunner.java:371) [testng-7.4.0.jar:7.4.0]
	at org.testng.SuiteRunner.privateRun(SuiteRunner.java:332) [testng-7.4.0.jar:7.4.0]
	at org.testng.SuiteRunner.run(SuiteRunner.java:276) [testng-7.4.0.jar:7.4.0]
	at org.testng.SuiteRunnerWorker.runSuite(SuiteRunnerWorker.java:53) [testng-7.4.0.jar:7.4.0]
	at org.testng.SuiteRunnerWorker.run(SuiteRunnerWorker.java:96) [testng-7.4.0.jar:7.4.0]
	at org.testng.TestNG.runSuitesSequentially(TestNG.java:1212) [testng-7.4.0.jar:7.4.0]
	at org.testng.TestNG.runSuitesLocally(TestNG.java:1134) [testng-7.4.0.jar:7.4.0]
	at org.testng.TestNG.runSuites(TestNG.java:1063) [testng-7.4.0.jar:7.4.0]
	at org.testng.TestNG.run(TestNG.java:1031) [testng-7.4.0.jar:7.4.0]
	at org.testng.remote.AbstractRemoteTestNG.run(AbstractRemoteTestNG.java:115) [testng-remote.jar:?]
	at org.testng.remote.RemoteTestNG.initAndRun(RemoteTestNG.java:293) [testng-remote.jar:?]
	at org.testng.remote.RemoteTestNG.main(RemoteTestNG.java:91) [testng-remote.jar:?]
14:44:27.926 [main] ERROR testcases.Basiccontrol - Error occurred in Textareadataentry method: 
org.openqa.selenium.ElementNotInteractableException: element not interactable: Element is not currently visible and may not be manipulated
  (Session info: chrome=137.0.7151.69)
Build info: version: '4.31.0', revision: '1ef9f18787*'
System info: os.name: 'Windows 11', os.arch: 'amd64', os.version: '10.0', java.version: '21.0.7'
Driver info: org.openqa.selenium.chrome.ChromeDriver
Command: [3bb3de8ffe9eb8c41e67c0c728953bf9, clickElement {id=f.D22BE76B3779A1279B9C5376A1B0D31F.d.F7A6195D7522A7A559C5A00ED77DA51F.e.1216}]
Capabilities {acceptInsecureCerts: false, browserName: chrome, browserVersion: 137.0.7151.69, chrome: {chromedriverVersion: 137.0.7151.70 (dfa4dc56b2ab..., userDataDir: C:\Users\VSRIKA~1\AppData\L...}, fedcm:accounts: true, goog:chromeOptions: {debuggerAddress: localhost:61553}, networkConnectionEnabled: false, pageLoadStrategy: normal, platformName: windows, proxy: Proxy(), se:cdp: ws://localhost:61553/devtoo..., se:cdpVersion: 137.0.7151.69, setWindowRect: true, strictFileInteractability: false, timeouts: {implicit: 0, pageLoad: 300000, script: 30000}, unhandledPromptBehavior: dismiss and notify, webauthn:extension:credBlob: true, webauthn:extension:largeBlob: true, webauthn:extension:minPinLength: true, webauthn:extension:prf: true, webauthn:virtualAuthenticators: true}
Element: [[ChromeDriver: chrome on windows (3bb3de8ffe9eb8c41e67c0c728953bf9)] -> xpath: (//option[@class='ng-star-inserted'])[2]]
Session ID: 3bb3de8ffe9eb8c41e67c0c728953bf9
	at java.base/jdk.internal.reflect.DirectConstructorHandleAccessor.newInstance(DirectConstructorHandleAccessor.java:62) ~[?:?]
	at java.base/java.lang.reflect.Constructor.newInstanceWithCaller(Constructor.java:502) ~[?:?]
	at java.base/java.lang.reflect.Constructor.newInstance(Constructor.java:486) ~[?:?]
	at org.openqa.selenium.remote.ErrorCodec.decode(ErrorCodec.java:167) ~[selenium-remote-driver-4.31.0.jar:?]
	at org.openqa.selenium.remote.codec.w3c.W3CHttpResponseCodec.decode(W3CHttpResponseCodec.java:138) ~[selenium-remote-driver-4.31.0.jar:?]
	at org.openqa.selenium.remote.codec.w3c.W3CHttpResponseCodec.decode(W3CHttpResponseCodec.java:50) ~[selenium-remote-driver-4.31.0.jar:?]
	at org.openqa.selenium.remote.HttpCommandExecutor.execute(HttpCommandExecutor.java:215) ~[selenium-remote-driver-4.31.0.jar:?]
	at org.openqa.selenium.remote.service.DriverCommandExecutor.invokeExecute(DriverCommandExecutor.java:216) ~[selenium-remote-driver-4.31.0.jar:?]
	at org.openqa.selenium.remote.service.DriverCommandExecutor.execute(DriverCommandExecutor.java:174) ~[selenium-remote-driver-4.31.0.jar:?]
	at org.openqa.selenium.remote.RemoteWebDriver.execute(RemoteWebDriver.java:545) ~[selenium-remote-driver-4.31.0.jar:?]
	at org.openqa.selenium.remote.RemoteWebElement.execute(RemoteWebElement.java:223) ~[selenium-remote-driver-4.31.0.jar:?]
	at org.openqa.selenium.remote.RemoteWebElement.click(RemoteWebElement.java:76) ~[selenium-remote-driver-4.31.0.jar:?]
	at testcases.stepactionwithdataentries.Textareadataentry2(stepactionwithdataentries.java:215) ~[test-classes/:?]
	at java.base/jdk.internal.reflect.DirectMethodHandleAccessor.invoke(DirectMethodHandleAccessor.java:103) ~[?:?]
	at java.base/java.lang.reflect.Method.invoke(Method.java:580) ~[?:?]
	at org.testng.internal.MethodInvocationHelper.invokeMethod(MethodInvocationHelper.java:133) ~[testng-7.4.0.jar:7.4.0]
	at org.testng.internal.TestInvoker.invokeMethod(TestInvoker.java:598) ~[testng-7.4.0.jar:7.4.0]
	at org.testng.internal.TestInvoker.invokeTestMethod(TestInvoker.java:173) ~[testng-7.4.0.jar:7.4.0]
	at org.testng.internal.MethodRunner.runInSequence(MethodRunner.java:46) ~[testng-7.4.0.jar:7.4.0]
	at org.testng.internal.TestInvoker$MethodInvocationAgent.invoke(TestInvoker.java:824) ~[testng-7.4.0.jar:7.4.0]
	at org.testng.internal.TestInvoker.invokeTestMethods(TestInvoker.java:146) ~[testng-7.4.0.jar:7.4.0]
	at org.testng.internal.TestMethodWorker.invokeTestMethods(TestMethodWorker.java:146) ~[testng-7.4.0.jar:7.4.0]
	at org.testng.internal.TestMethodWorker.run(TestMethodWorker.java:128) ~[testng-7.4.0.jar:7.4.0]
	at java.base/java.util.ArrayList.forEach(ArrayList.java:1596) [?:?]
	at org.testng.TestRunner.privateRun(TestRunner.java:794) [testng-7.4.0.jar:7.4.0]
	at org.testng.TestRunner.run(TestRunner.java:596) [testng-7.4.0.jar:7.4.0]
	at org.testng.SuiteRunner.runTest(SuiteRunner.java:377) [testng-7.4.0.jar:7.4.0]
	at org.testng.SuiteRunner.runSequentially(SuiteRunner.java:371) [testng-7.4.0.jar:7.4.0]
	at org.testng.SuiteRunner.privateRun(SuiteRunner.java:332) [testng-7.4.0.jar:7.4.0]
	at org.testng.SuiteRunner.run(SuiteRunner.java:276) [testng-7.4.0.jar:7.4.0]
	at org.testng.SuiteRunnerWorker.runSuite(SuiteRunnerWorker.java:53) [testng-7.4.0.jar:7.4.0]
	at org.testng.SuiteRunnerWorker.run(SuiteRunnerWorker.java:96) [testng-7.4.0.jar:7.4.0]
	at org.testng.TestNG.runSuitesSequentially(TestNG.java:1212) [testng-7.4.0.jar:7.4.0]
	at org.testng.TestNG.runSuitesLocally(TestNG.java:1134) [testng-7.4.0.jar:7.4.0]
	at org.testng.TestNG.runSuites(TestNG.java:1063) [testng-7.4.0.jar:7.4.0]
	at org.testng.TestNG.run(TestNG.java:1031) [testng-7.4.0.jar:7.4.0]
	at org.testng.remote.AbstractRemoteTestNG.run(AbstractRemoteTestNG.java:115) [testng-remote.jar:?]
	at org.testng.remote.RemoteTestNG.initAndRun(RemoteTestNG.java:293) [testng-remote.jar:?]
	at org.testng.remote.RemoteTestNG.main(RemoteTestNG.java:91) [testng-remote.jar:?]
14:44:32.218 [main] ERROR testcases.Basiccontrol - Error occurred in Numberdataentry method: 
org.openqa.selenium.ElementNotInteractableException: element not interactable: Element is not currently visible and may not be manipulated
  (Session info: chrome=137.0.7151.69)
Build info: version: '4.31.0', revision: '1ef9f18787*'
System info: os.name: 'Windows 11', os.arch: 'amd64', os.version: '10.0', java.version: '21.0.7'
Driver info: org.openqa.selenium.chrome.ChromeDriver
Command: [3bb3de8ffe9eb8c41e67c0c728953bf9, clickElement {id=f.D22BE76B3779A1279B9C5376A1B0D31F.d.F7A6195D7522A7A559C5A00ED77DA51F.e.1218}]
Capabilities {acceptInsecureCerts: false, browserName: chrome, browserVersion: 137.0.7151.69, chrome: {chromedriverVersion: 137.0.7151.70 (dfa4dc56b2ab..., userDataDir: C:\Users\VSRIKA~1\AppData\L...}, fedcm:accounts: true, goog:chromeOptions: {debuggerAddress: localhost:61553}, networkConnectionEnabled: false, pageLoadStrategy: normal, platformName: windows, proxy: Proxy(), se:cdp: ws://localhost:61553/devtoo..., se:cdpVersion: 137.0.7151.69, setWindowRect: true, strictFileInteractability: false, timeouts: {implicit: 0, pageLoad: 300000, script: 30000}, unhandledPromptBehavior: dismiss and notify, webauthn:extension:credBlob: true, webauthn:extension:largeBlob: true, webauthn:extension:minPinLength: true, webauthn:extension:prf: true, webauthn:virtualAuthenticators: true}
Element: [[ChromeDriver: chrome on windows (3bb3de8ffe9eb8c41e67c0c728953bf9)] -> xpath: (//option[@class='ng-star-inserted'])[3]]
Session ID: 3bb3de8ffe9eb8c41e67c0c728953bf9
	at java.base/jdk.internal.reflect.DirectConstructorHandleAccessor.newInstance(DirectConstructorHandleAccessor.java:62) ~[?:?]
	at java.base/java.lang.reflect.Constructor.newInstanceWithCaller(Constructor.java:502) ~[?:?]
	at java.base/java.lang.reflect.Constructor.newInstance(Constructor.java:486) ~[?:?]
	at org.openqa.selenium.remote.ErrorCodec.decode(ErrorCodec.java:167) ~[selenium-remote-driver-4.31.0.jar:?]
	at org.openqa.selenium.remote.codec.w3c.W3CHttpResponseCodec.decode(W3CHttpResponseCodec.java:138) ~[selenium-remote-driver-4.31.0.jar:?]
	at org.openqa.selenium.remote.codec.w3c.W3CHttpResponseCodec.decode(W3CHttpResponseCodec.java:50) ~[selenium-remote-driver-4.31.0.jar:?]
	at org.openqa.selenium.remote.HttpCommandExecutor.execute(HttpCommandExecutor.java:215) ~[selenium-remote-driver-4.31.0.jar:?]
	at org.openqa.selenium.remote.service.DriverCommandExecutor.invokeExecute(DriverCommandExecutor.java:216) ~[selenium-remote-driver-4.31.0.jar:?]
	at org.openqa.selenium.remote.service.DriverCommandExecutor.execute(DriverCommandExecutor.java:174) ~[selenium-remote-driver-4.31.0.jar:?]
	at org.openqa.selenium.remote.RemoteWebDriver.execute(RemoteWebDriver.java:545) ~[selenium-remote-driver-4.31.0.jar:?]
	at org.openqa.selenium.remote.RemoteWebElement.execute(RemoteWebElement.java:223) ~[selenium-remote-driver-4.31.0.jar:?]
	at org.openqa.selenium.remote.RemoteWebElement.click(RemoteWebElement.java:76) ~[selenium-remote-driver-4.31.0.jar:?]
	at testcases.stepactionwithdataentries.Numberdataentry2(stepactionwithdataentries.java:234) ~[test-classes/:?]
	at java.base/jdk.internal.reflect.DirectMethodHandleAccessor.invoke(DirectMethodHandleAccessor.java:103) ~[?:?]
	at java.base/java.lang.reflect.Method.invoke(Method.java:580) ~[?:?]
	at org.testng.internal.MethodInvocationHelper.invokeMethod(MethodInvocationHelper.java:133) ~[testng-7.4.0.jar:7.4.0]
	at org.testng.internal.TestInvoker.invokeMethod(TestInvoker.java:598) ~[testng-7.4.0.jar:7.4.0]
	at org.testng.internal.TestInvoker.invokeTestMethod(TestInvoker.java:173) ~[testng-7.4.0.jar:7.4.0]
	at org.testng.internal.MethodRunner.runInSequence(MethodRunner.java:46) ~[testng-7.4.0.jar:7.4.0]
	at org.testng.internal.TestInvoker$MethodInvocationAgent.invoke(TestInvoker.java:824) ~[testng-7.4.0.jar:7.4.0]
	at org.testng.internal.TestInvoker.invokeTestMethods(TestInvoker.java:146) ~[testng-7.4.0.jar:7.4.0]
	at org.testng.internal.TestMethodWorker.invokeTestMethods(TestMethodWorker.java:146) ~[testng-7.4.0.jar:7.4.0]
	at org.testng.internal.TestMethodWorker.run(TestMethodWorker.java:128) ~[testng-7.4.0.jar:7.4.0]
	at java.base/java.util.ArrayList.forEach(ArrayList.java:1596) [?:?]
	at org.testng.TestRunner.privateRun(TestRunner.java:794) [testng-7.4.0.jar:7.4.0]
	at org.testng.TestRunner.run(TestRunner.java:596) [testng-7.4.0.jar:7.4.0]
	at org.testng.SuiteRunner.runTest(SuiteRunner.java:377) [testng-7.4.0.jar:7.4.0]
	at org.testng.SuiteRunner.runSequentially(SuiteRunner.java:371) [testng-7.4.0.jar:7.4.0]
	at org.testng.SuiteRunner.privateRun(SuiteRunner.java:332) [testng-7.4.0.jar:7.4.0]
	at org.testng.SuiteRunner.run(SuiteRunner.java:276) [testng-7.4.0.jar:7.4.0]
	at org.testng.SuiteRunnerWorker.runSuite(SuiteRunnerWorker.java:53) [testng-7.4.0.jar:7.4.0]
	at org.testng.SuiteRunnerWorker.run(SuiteRunnerWorker.java:96) [testng-7.4.0.jar:7.4.0]
	at org.testng.TestNG.runSuitesSequentially(TestNG.java:1212) [testng-7.4.0.jar:7.4.0]
	at org.testng.TestNG.runSuitesLocally(TestNG.java:1134) [testng-7.4.0.jar:7.4.0]
	at org.testng.TestNG.runSuites(TestNG.java:1063) [testng-7.4.0.jar:7.4.0]
	at org.testng.TestNG.run(TestNG.java:1031) [testng-7.4.0.jar:7.4.0]
	at org.testng.remote.AbstractRemoteTestNG.run(AbstractRemoteTestNG.java:115) [testng-remote.jar:?]
	at org.testng.remote.RemoteTestNG.initAndRun(RemoteTestNG.java:293) [testng-remote.jar:?]
	at org.testng.remote.RemoteTestNG.main(RemoteTestNG.java:91) [testng-remote.jar:?]
14:44:32.346 [main] ERROR testcases.Basiccontrol - Error occurred in Column4 method: 
org.openqa.selenium.NoSuchElementException: no such element: Unable to locate element: {"method":"xpath","selector":"(//td[@class='text-center'])[4]"}
  (Session info: chrome=137.0.7151.69)
For documentation on this error, please visit: https://www.selenium.dev/documentation/webdriver/troubleshooting/errors#no-such-element-exception
Build info: version: '4.31.0', revision: '1ef9f18787*'
System info: os.name: 'Windows 11', os.arch: 'amd64', os.version: '10.0', java.version: '21.0.7'
Driver info: org.openqa.selenium.chrome.ChromeDriver
Command: [3bb3de8ffe9eb8c41e67c0c728953bf9, findElement {value=(//td[@class='text-center'])[4], using=xpath}]
Capabilities {acceptInsecureCerts: false, browserName: chrome, browserVersion: 137.0.7151.69, chrome: {chromedriverVersion: 137.0.7151.70 (dfa4dc56b2ab..., userDataDir: C:\Users\VSRIKA~1\AppData\L...}, fedcm:accounts: true, goog:chromeOptions: {debuggerAddress: localhost:61553}, networkConnectionEnabled: false, pageLoadStrategy: normal, platformName: windows, proxy: Proxy(), se:cdp: ws://localhost:61553/devtoo..., se:cdpVersion: 137.0.7151.69, setWindowRect: true, strictFileInteractability: false, timeouts: {implicit: 0, pageLoad: 300000, script: 30000}, unhandledPromptBehavior: dismiss and notify, webauthn:extension:credBlob: true, webauthn:extension:largeBlob: true, webauthn:extension:minPinLength: true, webauthn:extension:prf: true, webauthn:virtualAuthenticators: true}
Session ID: 3bb3de8ffe9eb8c41e67c0c728953bf9
	at java.base/jdk.internal.reflect.DirectConstructorHandleAccessor.newInstance(DirectConstructorHandleAccessor.java:62) ~[?:?]
	at java.base/java.lang.reflect.Constructor.newInstanceWithCaller(Constructor.java:502) ~[?:?]
	at java.base/java.lang.reflect.Constructor.newInstance(Constructor.java:486) ~[?:?]
	at org.openqa.selenium.remote.ErrorCodec.decode(ErrorCodec.java:167) ~[selenium-remote-driver-4.31.0.jar:?]
	at org.openqa.selenium.remote.codec.w3c.W3CHttpResponseCodec.decode(W3CHttpResponseCodec.java:138) ~[selenium-remote-driver-4.31.0.jar:?]
	at org.openqa.selenium.remote.codec.w3c.W3CHttpResponseCodec.decode(W3CHttpResponseCodec.java:50) ~[selenium-remote-driver-4.31.0.jar:?]
	at org.openqa.selenium.remote.HttpCommandExecutor.execute(HttpCommandExecutor.java:215) ~[selenium-remote-driver-4.31.0.jar:?]
	at org.openqa.selenium.remote.service.DriverCommandExecutor.invokeExecute(DriverCommandExecutor.java:216) ~[selenium-remote-driver-4.31.0.jar:?]
	at org.openqa.selenium.remote.service.DriverCommandExecutor.execute(DriverCommandExecutor.java:174) ~[selenium-remote-driver-4.31.0.jar:?]
	at org.openqa.selenium.remote.RemoteWebDriver.execute(RemoteWebDriver.java:545) ~[selenium-remote-driver-4.31.0.jar:?]
	at org.openqa.selenium.remote.ElementLocation$ElementFinder$2.findElement(ElementLocation.java:165) ~[selenium-remote-driver-4.31.0.jar:?]
	at org.openqa.selenium.remote.ElementLocation.findElement(ElementLocation.java:59) ~[selenium-remote-driver-4.31.0.jar:?]
	at org.openqa.selenium.remote.RemoteWebDriver.findElement(RemoteWebDriver.java:368) ~[selenium-remote-driver-4.31.0.jar:?]
	at org.openqa.selenium.remote.RemoteWebDriver.findElement(RemoteWebDriver.java:362) ~[selenium-remote-driver-4.31.0.jar:?]
	at testcases.stepactionwithdataentries.Column4(stepactionwithdataentries.java:242) ~[test-classes/:?]
	at java.base/jdk.internal.reflect.DirectMethodHandleAccessor.invoke(DirectMethodHandleAccessor.java:103) ~[?:?]
	at java.base/java.lang.reflect.Method.invoke(Method.java:580) ~[?:?]
	at org.testng.internal.MethodInvocationHelper.invokeMethod(MethodInvocationHelper.java:133) ~[testng-7.4.0.jar:7.4.0]
	at org.testng.internal.TestInvoker.invokeMethod(TestInvoker.java:598) ~[testng-7.4.0.jar:7.4.0]
	at org.testng.internal.TestInvoker.invokeTestMethod(TestInvoker.java:173) ~[testng-7.4.0.jar:7.4.0]
	at org.testng.internal.MethodRunner.runInSequence(MethodRunner.java:46) ~[testng-7.4.0.jar:7.4.0]
	at org.testng.internal.TestInvoker$MethodInvocationAgent.invoke(TestInvoker.java:824) ~[testng-7.4.0.jar:7.4.0]
	at org.testng.internal.TestInvoker.invokeTestMethods(TestInvoker.java:146) ~[testng-7.4.0.jar:7.4.0]
	at org.testng.internal.TestMethodWorker.invokeTestMethods(TestMethodWorker.java:146) ~[testng-7.4.0.jar:7.4.0]
	at org.testng.internal.TestMethodWorker.run(TestMethodWorker.java:128) ~[testng-7.4.0.jar:7.4.0]
	at java.base/java.util.ArrayList.forEach(ArrayList.java:1596) [?:?]
	at org.testng.TestRunner.privateRun(TestRunner.java:794) [testng-7.4.0.jar:7.4.0]
	at org.testng.TestRunner.run(TestRunner.java:596) [testng-7.4.0.jar:7.4.0]
	at org.testng.SuiteRunner.runTest(SuiteRunner.java:377) [testng-7.4.0.jar:7.4.0]
	at org.testng.SuiteRunner.runSequentially(SuiteRunner.java:371) [testng-7.4.0.jar:7.4.0]
	at org.testng.SuiteRunner.privateRun(SuiteRunner.java:332) [testng-7.4.0.jar:7.4.0]
	at org.testng.SuiteRunner.run(SuiteRunner.java:276) [testng-7.4.0.jar:7.4.0]
	at org.testng.SuiteRunnerWorker.runSuite(SuiteRunnerWorker.java:53) [testng-7.4.0.jar:7.4.0]
	at org.testng.SuiteRunnerWorker.run(SuiteRunnerWorker.java:96) [testng-7.4.0.jar:7.4.0]
	at org.testng.TestNG.runSuitesSequentially(TestNG.java:1212) [testng-7.4.0.jar:7.4.0]
	at org.testng.TestNG.runSuitesLocally(TestNG.java:1134) [testng-7.4.0.jar:7.4.0]
	at org.testng.TestNG.runSuites(TestNG.java:1063) [testng-7.4.0.jar:7.4.0]
	at org.testng.TestNG.run(TestNG.java:1031) [testng-7.4.0.jar:7.4.0]
	at org.testng.remote.AbstractRemoteTestNG.run(AbstractRemoteTestNG.java:115) [testng-remote.jar:?]
	at org.testng.remote.RemoteTestNG.initAndRun(RemoteTestNG.java:293) [testng-remote.jar:?]
	at org.testng.remote.RemoteTestNG.main(RemoteTestNG.java:91) [testng-remote.jar:?]
14:44:41.546 [main] ERROR testcases.Basiccontrol - Error occurred in Datatypedropdown3 method: 
org.openqa.selenium.NoSuchElementException: Cannot locate option with index: 3
For documentation on this error, please visit: https://www.selenium.dev/documentation/webdriver/troubleshooting/errors#no-such-element-exception
Build info: version: '4.31.0', revision: '1ef9f18787*'
System info: os.name: 'Windows 11', os.arch: 'amd64', os.version: '10.0', java.version: '21.0.7'
Driver info: driver.version: unknown
	at org.openqa.selenium.support.ui.Select.setSelectedByIndex(Select.java:407) ~[selenium-support-4.31.0.jar:?]
	at org.openqa.selenium.support.ui.Select.selectByIndex(Select.java:262) ~[selenium-support-4.31.0.jar:?]
	at testcases.stepactionwithdataentries.Datatypedropdown2(stepactionwithdataentries.java:253) ~[test-classes/:?]
	at java.base/jdk.internal.reflect.DirectMethodHandleAccessor.invoke(DirectMethodHandleAccessor.java:103) ~[?:?]
	at java.base/java.lang.reflect.Method.invoke(Method.java:580) ~[?:?]
	at org.testng.internal.MethodInvocationHelper.invokeMethod(MethodInvocationHelper.java:133) ~[testng-7.4.0.jar:7.4.0]
	at org.testng.internal.TestInvoker.invokeMethod(TestInvoker.java:598) ~[testng-7.4.0.jar:7.4.0]
	at org.testng.internal.TestInvoker.invokeTestMethod(TestInvoker.java:173) ~[testng-7.4.0.jar:7.4.0]
	at org.testng.internal.MethodRunner.runInSequence(MethodRunner.java:46) ~[testng-7.4.0.jar:7.4.0]
	at org.testng.internal.TestInvoker$MethodInvocationAgent.invoke(TestInvoker.java:824) ~[testng-7.4.0.jar:7.4.0]
	at org.testng.internal.TestInvoker.invokeTestMethods(TestInvoker.java:146) ~[testng-7.4.0.jar:7.4.0]
	at org.testng.internal.TestMethodWorker.invokeTestMethods(TestMethodWorker.java:146) ~[testng-7.4.0.jar:7.4.0]
	at org.testng.internal.TestMethodWorker.run(TestMethodWorker.java:128) ~[testng-7.4.0.jar:7.4.0]
	at java.base/java.util.ArrayList.forEach(ArrayList.java:1596) [?:?]
	at org.testng.TestRunner.privateRun(TestRunner.java:794) [testng-7.4.0.jar:7.4.0]
	at org.testng.TestRunner.run(TestRunner.java:596) [testng-7.4.0.jar:7.4.0]
	at org.testng.SuiteRunner.runTest(SuiteRunner.java:377) [testng-7.4.0.jar:7.4.0]
	at org.testng.SuiteRunner.runSequentially(SuiteRunner.java:371) [testng-7.4.0.jar:7.4.0]
	at org.testng.SuiteRunner.privateRun(SuiteRunner.java:332) [testng-7.4.0.jar:7.4.0]
	at org.testng.SuiteRunner.run(SuiteRunner.java:276) [testng-7.4.0.jar:7.4.0]
	at org.testng.SuiteRunnerWorker.runSuite(SuiteRunnerWorker.java:53) [testng-7.4.0.jar:7.4.0]
	at org.testng.SuiteRunnerWorker.run(SuiteRunnerWorker.java:96) [testng-7.4.0.jar:7.4.0]
	at org.testng.TestNG.runSuitesSequentially(TestNG.java:1212) [testng-7.4.0.jar:7.4.0]
	at org.testng.TestNG.runSuitesLocally(TestNG.java:1134) [testng-7.4.0.jar:7.4.0]
	at org.testng.TestNG.runSuites(TestNG.java:1063) [testng-7.4.0.jar:7.4.0]
	at org.testng.TestNG.run(TestNG.java:1031) [testng-7.4.0.jar:7.4.0]
	at org.testng.remote.AbstractRemoteTestNG.run(AbstractRemoteTestNG.java:115) [testng-remote.jar:?]
	at org.testng.remote.RemoteTestNG.initAndRun(RemoteTestNG.java:293) [testng-remote.jar:?]
	at org.testng.remote.RemoteTestNG.main(RemoteTestNG.java:91) [testng-remote.jar:?]
14:44:43.661 [main] ERROR testcases.Basiccontrol - Error occurred in Datedataentry method: 
org.openqa.selenium.NoSuchElementException: no such element: Unable to locate element: {"method":"xpath","selector":"//option[@value='DateDataEntry']"}
  (Session info: chrome=137.0.7151.69)
For documentation on this error, please visit: https://www.selenium.dev/documentation/webdriver/troubleshooting/errors#no-such-element-exception
Build info: version: '4.31.0', revision: '1ef9f18787*'
System info: os.name: 'Windows 11', os.arch: 'amd64', os.version: '10.0', java.version: '21.0.7'
Driver info: org.openqa.selenium.chrome.ChromeDriver
Command: [3bb3de8ffe9eb8c41e67c0c728953bf9, findElement {value=//option[@value='DateDataEntry'], using=xpath}]
Capabilities {acceptInsecureCerts: false, browserName: chrome, browserVersion: 137.0.7151.69, chrome: {chromedriverVersion: 137.0.7151.70 (dfa4dc56b2ab..., userDataDir: C:\Users\VSRIKA~1\AppData\L...}, fedcm:accounts: true, goog:chromeOptions: {debuggerAddress: localhost:61553}, networkConnectionEnabled: false, pageLoadStrategy: normal, platformName: windows, proxy: Proxy(), se:cdp: ws://localhost:61553/devtoo..., se:cdpVersion: 137.0.7151.69, setWindowRect: true, strictFileInteractability: false, timeouts: {implicit: 0, pageLoad: 300000, script: 30000}, unhandledPromptBehavior: dismiss and notify, webauthn:extension:credBlob: true, webauthn:extension:largeBlob: true, webauthn:extension:minPinLength: true, webauthn:extension:prf: true, webauthn:virtualAuthenticators: true}
Session ID: 3bb3de8ffe9eb8c41e67c0c728953bf9
	at java.base/jdk.internal.reflect.DirectConstructorHandleAccessor.newInstance(DirectConstructorHandleAccessor.java:62) ~[?:?]
	at java.base/java.lang.reflect.Constructor.newInstanceWithCaller(Constructor.java:502) ~[?:?]
	at java.base/java.lang.reflect.Constructor.newInstance(Constructor.java:486) ~[?:?]
	at org.openqa.selenium.remote.ErrorCodec.decode(ErrorCodec.java:167) ~[selenium-remote-driver-4.31.0.jar:?]
	at org.openqa.selenium.remote.codec.w3c.W3CHttpResponseCodec.decode(W3CHttpResponseCodec.java:138) ~[selenium-remote-driver-4.31.0.jar:?]
	at org.openqa.selenium.remote.codec.w3c.W3CHttpResponseCodec.decode(W3CHttpResponseCodec.java:50) ~[selenium-remote-driver-4.31.0.jar:?]
	at org.openqa.selenium.remote.HttpCommandExecutor.execute(HttpCommandExecutor.java:215) ~[selenium-remote-driver-4.31.0.jar:?]
	at org.openqa.selenium.remote.service.DriverCommandExecutor.invokeExecute(DriverCommandExecutor.java:216) ~[selenium-remote-driver-4.31.0.jar:?]
	at org.openqa.selenium.remote.service.DriverCommandExecutor.execute(DriverCommandExecutor.java:174) ~[selenium-remote-driver-4.31.0.jar:?]
	at org.openqa.selenium.remote.RemoteWebDriver.execute(RemoteWebDriver.java:545) ~[selenium-remote-driver-4.31.0.jar:?]
	at org.openqa.selenium.remote.ElementLocation$ElementFinder$2.findElement(ElementLocation.java:165) ~[selenium-remote-driver-4.31.0.jar:?]
	at org.openqa.selenium.remote.ElementLocation.findElement(ElementLocation.java:59) ~[selenium-remote-driver-4.31.0.jar:?]
	at org.openqa.selenium.remote.RemoteWebDriver.findElement(RemoteWebDriver.java:368) ~[selenium-remote-driver-4.31.0.jar:?]
	at org.openqa.selenium.remote.RemoteWebDriver.findElement(RemoteWebDriver.java:362) ~[selenium-remote-driver-4.31.0.jar:?]
	at testcases.stepactionwithdataentries.Datedataentry2(stepactionwithdataentries.java:259) ~[test-classes/:?]
	at java.base/jdk.internal.reflect.DirectMethodHandleAccessor.invoke(DirectMethodHandleAccessor.java:103) ~[?:?]
	at java.base/java.lang.reflect.Method.invoke(Method.java:580) ~[?:?]
	at org.testng.internal.MethodInvocationHelper.invokeMethod(MethodInvocationHelper.java:133) ~[testng-7.4.0.jar:7.4.0]
	at org.testng.internal.TestInvoker.invokeMethod(TestInvoker.java:598) ~[testng-7.4.0.jar:7.4.0]
	at org.testng.internal.TestInvoker.invokeTestMethod(TestInvoker.java:173) ~[testng-7.4.0.jar:7.4.0]
	at org.testng.internal.MethodRunner.runInSequence(MethodRunner.java:46) ~[testng-7.4.0.jar:7.4.0]
	at org.testng.internal.TestInvoker$MethodInvocationAgent.invoke(TestInvoker.java:824) ~[testng-7.4.0.jar:7.4.0]
	at org.testng.internal.TestInvoker.invokeTestMethods(TestInvoker.java:146) ~[testng-7.4.0.jar:7.4.0]
	at org.testng.internal.TestMethodWorker.invokeTestMethods(TestMethodWorker.java:146) ~[testng-7.4.0.jar:7.4.0]
	at org.testng.internal.TestMethodWorker.run(TestMethodWorker.java:128) ~[testng-7.4.0.jar:7.4.0]
	at java.base/java.util.ArrayList.forEach(ArrayList.java:1596) [?:?]
	at org.testng.TestRunner.privateRun(TestRunner.java:794) [testng-7.4.0.jar:7.4.0]
	at org.testng.TestRunner.run(TestRunner.java:596) [testng-7.4.0.jar:7.4.0]
	at org.testng.SuiteRunner.runTest(SuiteRunner.java:377) [testng-7.4.0.jar:7.4.0]
	at org.testng.SuiteRunner.runSequentially(SuiteRunner.java:371) [testng-7.4.0.jar:7.4.0]
	at org.testng.SuiteRunner.privateRun(SuiteRunner.java:332) [testng-7.4.0.jar:7.4.0]
	at org.testng.SuiteRunner.run(SuiteRunner.java:276) [testng-7.4.0.jar:7.4.0]
	at org.testng.SuiteRunnerWorker.runSuite(SuiteRunnerWorker.java:53) [testng-7.4.0.jar:7.4.0]
	at org.testng.SuiteRunnerWorker.run(SuiteRunnerWorker.java:96) [testng-7.4.0.jar:7.4.0]
	at org.testng.TestNG.runSuitesSequentially(TestNG.java:1212) [testng-7.4.0.jar:7.4.0]
	at org.testng.TestNG.runSuitesLocally(TestNG.java:1134) [testng-7.4.0.jar:7.4.0]
	at org.testng.TestNG.runSuites(TestNG.java:1063) [testng-7.4.0.jar:7.4.0]
	at org.testng.TestNG.run(TestNG.java:1031) [testng-7.4.0.jar:7.4.0]
	at org.testng.remote.AbstractRemoteTestNG.run(AbstractRemoteTestNG.java:115) [testng-remote.jar:?]
	at org.testng.remote.RemoteTestNG.initAndRun(RemoteTestNG.java:293) [testng-remote.jar:?]
	at org.testng.remote.RemoteTestNG.main(RemoteTestNG.java:91) [testng-remote.jar:?]
14:44:51.787 [main] ERROR testcases.Basiccontrol - Error occurred in Column5 method: 
org.openqa.selenium.NoSuchElementException: no such element: Unable to locate element: {"method":"xpath","selector":"(//td[normalize-space()='5'])[1]"}
  (Session info: chrome=137.0.7151.69)
For documentation on this error, please visit: https://www.selenium.dev/documentation/webdriver/troubleshooting/errors#no-such-element-exception
Build info: version: '4.31.0', revision: '1ef9f18787*'
System info: os.name: 'Windows 11', os.arch: 'amd64', os.version: '10.0', java.version: '21.0.7'
Driver info: org.openqa.selenium.chrome.ChromeDriver
Command: [3bb3de8ffe9eb8c41e67c0c728953bf9, findElement {value=(//td[normalize-space()='5'])[1], using=xpath}]
Capabilities {acceptInsecureCerts: false, browserName: chrome, browserVersion: 137.0.7151.69, chrome: {chromedriverVersion: 137.0.7151.70 (dfa4dc56b2ab..., userDataDir: C:\Users\VSRIKA~1\AppData\L...}, fedcm:accounts: true, goog:chromeOptions: {debuggerAddress: localhost:61553}, networkConnectionEnabled: false, pageLoadStrategy: normal, platformName: windows, proxy: Proxy(), se:cdp: ws://localhost:61553/devtoo..., se:cdpVersion: 137.0.7151.69, setWindowRect: true, strictFileInteractability: false, timeouts: {implicit: 0, pageLoad: 300000, script: 30000}, unhandledPromptBehavior: dismiss and notify, webauthn:extension:credBlob: true, webauthn:extension:largeBlob: true, webauthn:extension:minPinLength: true, webauthn:extension:prf: true, webauthn:virtualAuthenticators: true}
Session ID: 3bb3de8ffe9eb8c41e67c0c728953bf9
	at java.base/jdk.internal.reflect.DirectConstructorHandleAccessor.newInstance(DirectConstructorHandleAccessor.java:62) ~[?:?]
	at java.base/java.lang.reflect.Constructor.newInstanceWithCaller(Constructor.java:502) ~[?:?]
	at java.base/java.lang.reflect.Constructor.newInstance(Constructor.java:486) ~[?:?]
	at org.openqa.selenium.remote.ErrorCodec.decode(ErrorCodec.java:167) ~[selenium-remote-driver-4.31.0.jar:?]
	at org.openqa.selenium.remote.codec.w3c.W3CHttpResponseCodec.decode(W3CHttpResponseCodec.java:138) ~[selenium-remote-driver-4.31.0.jar:?]
	at org.openqa.selenium.remote.codec.w3c.W3CHttpResponseCodec.decode(W3CHttpResponseCodec.java:50) ~[selenium-remote-driver-4.31.0.jar:?]
	at org.openqa.selenium.remote.HttpCommandExecutor.execute(HttpCommandExecutor.java:215) ~[selenium-remote-driver-4.31.0.jar:?]
	at org.openqa.selenium.remote.service.DriverCommandExecutor.invokeExecute(DriverCommandExecutor.java:216) ~[selenium-remote-driver-4.31.0.jar:?]
	at org.openqa.selenium.remote.service.DriverCommandExecutor.execute(DriverCommandExecutor.java:174) ~[selenium-remote-driver-4.31.0.jar:?]
	at org.openqa.selenium.remote.RemoteWebDriver.execute(RemoteWebDriver.java:545) ~[selenium-remote-driver-4.31.0.jar:?]
	at org.openqa.selenium.remote.ElementLocation$ElementFinder$2.findElement(ElementLocation.java:165) ~[selenium-remote-driver-4.31.0.jar:?]
	at org.openqa.selenium.remote.ElementLocation.findElement(ElementLocation.java:59) ~[selenium-remote-driver-4.31.0.jar:?]
	at org.openqa.selenium.remote.RemoteWebDriver.findElement(RemoteWebDriver.java:368) ~[selenium-remote-driver-4.31.0.jar:?]
	at org.openqa.selenium.remote.RemoteWebDriver.findElement(RemoteWebDriver.java:362) ~[selenium-remote-driver-4.31.0.jar:?]
	at testcases.stepactionwithdataentries.Column5(stepactionwithdataentries.java:268) ~[test-classes/:?]
	at java.base/jdk.internal.reflect.DirectMethodHandleAccessor.invoke(DirectMethodHandleAccessor.java:103) ~[?:?]
	at java.base/java.lang.reflect.Method.invoke(Method.java:580) ~[?:?]
	at org.testng.internal.MethodInvocationHelper.invokeMethod(MethodInvocationHelper.java:133) ~[testng-7.4.0.jar:7.4.0]
	at org.testng.internal.TestInvoker.invokeMethod(TestInvoker.java:598) ~[testng-7.4.0.jar:7.4.0]
	at org.testng.internal.TestInvoker.invokeTestMethod(TestInvoker.java:173) ~[testng-7.4.0.jar:7.4.0]
	at org.testng.internal.MethodRunner.runInSequence(MethodRunner.java:46) ~[testng-7.4.0.jar:7.4.0]
	at org.testng.internal.TestInvoker$MethodInvocationAgent.invoke(TestInvoker.java:824) ~[testng-7.4.0.jar:7.4.0]
	at org.testng.internal.TestInvoker.invokeTestMethods(TestInvoker.java:146) ~[testng-7.4.0.jar:7.4.0]
	at org.testng.internal.TestMethodWorker.invokeTestMethods(TestMethodWorker.java:146) ~[testng-7.4.0.jar:7.4.0]
	at org.testng.internal.TestMethodWorker.run(TestMethodWorker.java:128) ~[testng-7.4.0.jar:7.4.0]
	at java.base/java.util.ArrayList.forEach(ArrayList.java:1596) [?:?]
	at org.testng.TestRunner.privateRun(TestRunner.java:794) [testng-7.4.0.jar:7.4.0]
	at org.testng.TestRunner.run(TestRunner.java:596) [testng-7.4.0.jar:7.4.0]
	at org.testng.SuiteRunner.runTest(SuiteRunner.java:377) [testng-7.4.0.jar:7.4.0]
	at org.testng.SuiteRunner.runSequentially(SuiteRunner.java:371) [testng-7.4.0.jar:7.4.0]
	at org.testng.SuiteRunner.privateRun(SuiteRunner.java:332) [testng-7.4.0.jar:7.4.0]
	at org.testng.SuiteRunner.run(SuiteRunner.java:276) [testng-7.4.0.jar:7.4.0]
	at org.testng.SuiteRunnerWorker.runSuite(SuiteRunnerWorker.java:53) [testng-7.4.0.jar:7.4.0]
	at org.testng.SuiteRunnerWorker.run(SuiteRunnerWorker.java:96) [testng-7.4.0.jar:7.4.0]
	at org.testng.TestNG.runSuitesSequentially(TestNG.java:1212) [testng-7.4.0.jar:7.4.0]
	at org.testng.TestNG.runSuitesLocally(TestNG.java:1134) [testng-7.4.0.jar:7.4.0]
	at org.testng.TestNG.runSuites(TestNG.java:1063) [testng-7.4.0.jar:7.4.0]
	at org.testng.TestNG.run(TestNG.java:1031) [testng-7.4.0.jar:7.4.0]
	at org.testng.remote.AbstractRemoteTestNG.run(AbstractRemoteTestNG.java:115) [testng-remote.jar:?]
	at org.testng.remote.RemoteTestNG.initAndRun(RemoteTestNG.java:293) [testng-remote.jar:?]
	at org.testng.remote.RemoteTestNG.main(RemoteTestNG.java:91) [testng-remote.jar:?]
14:44:53.981 [main] ERROR testcases.Basiccontrol - Error occurred in Datatypedropdown4 method: 
org.openqa.selenium.NoSuchElementException: Cannot locate option with index: 4
For documentation on this error, please visit: https://www.selenium.dev/documentation/webdriver/troubleshooting/errors#no-such-element-exception
Build info: version: '4.31.0', revision: '1ef9f18787*'
System info: os.name: 'Windows 11', os.arch: 'amd64', os.version: '10.0', java.version: '21.0.7'
Driver info: driver.version: unknown
	at org.openqa.selenium.support.ui.Select.setSelectedByIndex(Select.java:407) ~[selenium-support-4.31.0.jar:?]
	at org.openqa.selenium.support.ui.Select.selectByIndex(Select.java:262) ~[selenium-support-4.31.0.jar:?]
	at testcases.stepactionwithdataentries.Datatypedropdown4(stepactionwithdataentries.java:279) ~[test-classes/:?]
	at java.base/jdk.internal.reflect.DirectMethodHandleAccessor.invoke(DirectMethodHandleAccessor.java:103) ~[?:?]
	at java.base/java.lang.reflect.Method.invoke(Method.java:580) ~[?:?]
	at org.testng.internal.MethodInvocationHelper.invokeMethod(MethodInvocationHelper.java:133) ~[testng-7.4.0.jar:7.4.0]
	at org.testng.internal.TestInvoker.invokeMethod(TestInvoker.java:598) ~[testng-7.4.0.jar:7.4.0]
	at org.testng.internal.TestInvoker.invokeTestMethod(TestInvoker.java:173) ~[testng-7.4.0.jar:7.4.0]
	at org.testng.internal.MethodRunner.runInSequence(MethodRunner.java:46) ~[testng-7.4.0.jar:7.4.0]
	at org.testng.internal.TestInvoker$MethodInvocationAgent.invoke(TestInvoker.java:824) ~[testng-7.4.0.jar:7.4.0]
	at org.testng.internal.TestInvoker.invokeTestMethods(TestInvoker.java:146) ~[testng-7.4.0.jar:7.4.0]
	at org.testng.internal.TestMethodWorker.invokeTestMethods(TestMethodWorker.java:146) ~[testng-7.4.0.jar:7.4.0]
	at org.testng.internal.TestMethodWorker.run(TestMethodWorker.java:128) ~[testng-7.4.0.jar:7.4.0]
	at java.base/java.util.ArrayList.forEach(ArrayList.java:1596) [?:?]
	at org.testng.TestRunner.privateRun(TestRunner.java:794) [testng-7.4.0.jar:7.4.0]
	at org.testng.TestRunner.run(TestRunner.java:596) [testng-7.4.0.jar:7.4.0]
	at org.testng.SuiteRunner.runTest(SuiteRunner.java:377) [testng-7.4.0.jar:7.4.0]
	at org.testng.SuiteRunner.runSequentially(SuiteRunner.java:371) [testng-7.4.0.jar:7.4.0]
	at org.testng.SuiteRunner.privateRun(SuiteRunner.java:332) [testng-7.4.0.jar:7.4.0]
	at org.testng.SuiteRunner.run(SuiteRunner.java:276) [testng-7.4.0.jar:7.4.0]
	at org.testng.SuiteRunnerWorker.runSuite(SuiteRunnerWorker.java:53) [testng-7.4.0.jar:7.4.0]
	at org.testng.SuiteRunnerWorker.run(SuiteRunnerWorker.java:96) [testng-7.4.0.jar:7.4.0]
	at org.testng.TestNG.runSuitesSequentially(TestNG.java:1212) [testng-7.4.0.jar:7.4.0]
	at org.testng.TestNG.runSuitesLocally(TestNG.java:1134) [testng-7.4.0.jar:7.4.0]
	at org.testng.TestNG.runSuites(TestNG.java:1063) [testng-7.4.0.jar:7.4.0]
	at org.testng.TestNG.run(TestNG.java:1031) [testng-7.4.0.jar:7.4.0]
	at org.testng.remote.AbstractRemoteTestNG.run(AbstractRemoteTestNG.java:115) [testng-remote.jar:?]
	at org.testng.remote.RemoteTestNG.initAndRun(RemoteTestNG.java:293) [testng-remote.jar:?]
	at org.testng.remote.RemoteTestNG.main(RemoteTestNG.java:91) [testng-remote.jar:?]
14:44:56.099 [main] ERROR testcases.Basiccontrol - Error occurred in Datedataentry method: 
org.openqa.selenium.NoSuchElementException: no such element: Unable to locate element: {"method":"xpath","selector":"(//td[normalize-space()='5'])[1]"}
  (Session info: chrome=137.0.7151.69)
For documentation on this error, please visit: https://www.selenium.dev/documentation/webdriver/troubleshooting/errors#no-such-element-exception
Build info: version: '4.31.0', revision: '1ef9f18787*'
System info: os.name: 'Windows 11', os.arch: 'amd64', os.version: '10.0', java.version: '21.0.7'
Driver info: org.openqa.selenium.chrome.ChromeDriver
Command: [3bb3de8ffe9eb8c41e67c0c728953bf9, findElement {value=(//td[normalize-space()='5'])[1], using=xpath}]
Capabilities {acceptInsecureCerts: false, browserName: chrome, browserVersion: 137.0.7151.69, chrome: {chromedriverVersion: 137.0.7151.70 (dfa4dc56b2ab..., userDataDir: C:\Users\VSRIKA~1\AppData\L...}, fedcm:accounts: true, goog:chromeOptions: {debuggerAddress: localhost:61553}, networkConnectionEnabled: false, pageLoadStrategy: normal, platformName: windows, proxy: Proxy(), se:cdp: ws://localhost:61553/devtoo..., se:cdpVersion: 137.0.7151.69, setWindowRect: true, strictFileInteractability: false, timeouts: {implicit: 0, pageLoad: 300000, script: 30000}, unhandledPromptBehavior: dismiss and notify, webauthn:extension:credBlob: true, webauthn:extension:largeBlob: true, webauthn:extension:minPinLength: true, webauthn:extension:prf: true, webauthn:virtualAuthenticators: true}
Session ID: 3bb3de8ffe9eb8c41e67c0c728953bf9
	at java.base/jdk.internal.reflect.DirectConstructorHandleAccessor.newInstance(DirectConstructorHandleAccessor.java:62) ~[?:?]
	at java.base/java.lang.reflect.Constructor.newInstanceWithCaller(Constructor.java:502) ~[?:?]
	at java.base/java.lang.reflect.Constructor.newInstance(Constructor.java:486) ~[?:?]
	at org.openqa.selenium.remote.ErrorCodec.decode(ErrorCodec.java:167) ~[selenium-remote-driver-4.31.0.jar:?]
	at org.openqa.selenium.remote.codec.w3c.W3CHttpResponseCodec.decode(W3CHttpResponseCodec.java:138) ~[selenium-remote-driver-4.31.0.jar:?]
	at org.openqa.selenium.remote.codec.w3c.W3CHttpResponseCodec.decode(W3CHttpResponseCodec.java:50) ~[selenium-remote-driver-4.31.0.jar:?]
	at org.openqa.selenium.remote.HttpCommandExecutor.execute(HttpCommandExecutor.java:215) ~[selenium-remote-driver-4.31.0.jar:?]
	at org.openqa.selenium.remote.service.DriverCommandExecutor.invokeExecute(DriverCommandExecutor.java:216) ~[selenium-remote-driver-4.31.0.jar:?]
	at org.openqa.selenium.remote.service.DriverCommandExecutor.execute(DriverCommandExecutor.java:174) ~[selenium-remote-driver-4.31.0.jar:?]
	at org.openqa.selenium.remote.RemoteWebDriver.execute(RemoteWebDriver.java:545) ~[selenium-remote-driver-4.31.0.jar:?]
	at org.openqa.selenium.remote.ElementLocation$ElementFinder$2.findElement(ElementLocation.java:165) ~[selenium-remote-driver-4.31.0.jar:?]
	at org.openqa.selenium.remote.ElementLocation.findElement(ElementLocation.java:59) ~[selenium-remote-driver-4.31.0.jar:?]
	at org.openqa.selenium.remote.RemoteWebDriver.findElement(RemoteWebDriver.java:368) ~[selenium-remote-driver-4.31.0.jar:?]
	at org.openqa.selenium.remote.RemoteWebDriver.findElement(RemoteWebDriver.java:362) ~[selenium-remote-driver-4.31.0.jar:?]
	at testcases.stepactionwithdataentries.Datedataentry1(stepactionwithdataentries.java:287) ~[test-classes/:?]
	at java.base/jdk.internal.reflect.DirectMethodHandleAccessor.invoke(DirectMethodHandleAccessor.java:103) ~[?:?]
	at java.base/java.lang.reflect.Method.invoke(Method.java:580) ~[?:?]
	at org.testng.internal.MethodInvocationHelper.invokeMethod(MethodInvocationHelper.java:133) ~[testng-7.4.0.jar:7.4.0]
	at org.testng.internal.TestInvoker.invokeMethod(TestInvoker.java:598) ~[testng-7.4.0.jar:7.4.0]
	at org.testng.internal.TestInvoker.invokeTestMethod(TestInvoker.java:173) ~[testng-7.4.0.jar:7.4.0]
	at org.testng.internal.MethodRunner.runInSequence(MethodRunner.java:46) ~[testng-7.4.0.jar:7.4.0]
	at org.testng.internal.TestInvoker$MethodInvocationAgent.invoke(TestInvoker.java:824) ~[testng-7.4.0.jar:7.4.0]
	at org.testng.internal.TestInvoker.invokeTestMethods(TestInvoker.java:146) ~[testng-7.4.0.jar:7.4.0]
	at org.testng.internal.TestMethodWorker.invokeTestMethods(TestMethodWorker.java:146) ~[testng-7.4.0.jar:7.4.0]
	at org.testng.internal.TestMethodWorker.run(TestMethodWorker.java:128) ~[testng-7.4.0.jar:7.4.0]
	at java.base/java.util.ArrayList.forEach(ArrayList.java:1596) [?:?]
	at org.testng.TestRunner.privateRun(TestRunner.java:794) [testng-7.4.0.jar:7.4.0]
	at org.testng.TestRunner.run(TestRunner.java:596) [testng-7.4.0.jar:7.4.0]
	at org.testng.SuiteRunner.runTest(SuiteRunner.java:377) [testng-7.4.0.jar:7.4.0]
	at org.testng.SuiteRunner.runSequentially(SuiteRunner.java:371) [testng-7.4.0.jar:7.4.0]
	at org.testng.SuiteRunner.privateRun(SuiteRunner.java:332) [testng-7.4.0.jar:7.4.0]
	at org.testng.SuiteRunner.run(SuiteRunner.java:276) [testng-7.4.0.jar:7.4.0]
	at org.testng.SuiteRunnerWorker.runSuite(SuiteRunnerWorker.java:53) [testng-7.4.0.jar:7.4.0]
	at org.testng.SuiteRunnerWorker.run(SuiteRunnerWorker.java:96) [testng-7.4.0.jar:7.4.0]
	at org.testng.TestNG.runSuitesSequentially(TestNG.java:1212) [testng-7.4.0.jar:7.4.0]
	at org.testng.TestNG.runSuitesLocally(TestNG.java:1134) [testng-7.4.0.jar:7.4.0]
	at org.testng.TestNG.runSuites(TestNG.java:1063) [testng-7.4.0.jar:7.4.0]
	at org.testng.TestNG.run(TestNG.java:1031) [testng-7.4.0.jar:7.4.0]
	at org.testng.remote.AbstractRemoteTestNG.run(AbstractRemoteTestNG.java:115) [testng-remote.jar:?]
	at org.testng.remote.RemoteTestNG.initAndRun(RemoteTestNG.java:293) [testng-remote.jar:?]
	at org.testng.remote.RemoteTestNG.main(RemoteTestNG.java:91) [testng-remote.jar:?]
14:44:58.213 [main] ERROR testcases.Basiccontrol - Error occurred in Ok1 method: 
org.openqa.selenium.NoSuchElementException: no such element: Unable to locate element: {"method":"xpath","selector":"(//button[@class='borderenable btn btn-sm button-border ng-star-inserted'])[2]"}
  (Session info: chrome=137.0.7151.69)
For documentation on this error, please visit: https://www.selenium.dev/documentation/webdriver/troubleshooting/errors#no-such-element-exception
Build info: version: '4.31.0', revision: '1ef9f18787*'
System info: os.name: 'Windows 11', os.arch: 'amd64', os.version: '10.0', java.version: '21.0.7'
Driver info: org.openqa.selenium.chrome.ChromeDriver
Command: [3bb3de8ffe9eb8c41e67c0c728953bf9, findElement {value=(//button[@class='borderenable btn btn-sm button-border ng-star-inserted'])[2], using=xpath}]
Capabilities {acceptInsecureCerts: false, browserName: chrome, browserVersion: 137.0.7151.69, chrome: {chromedriverVersion: 137.0.7151.70 (dfa4dc56b2ab..., userDataDir: C:\Users\VSRIKA~1\AppData\L...}, fedcm:accounts: true, goog:chromeOptions: {debuggerAddress: localhost:61553}, networkConnectionEnabled: false, pageLoadStrategy: normal, platformName: windows, proxy: Proxy(), se:cdp: ws://localhost:61553/devtoo..., se:cdpVersion: 137.0.7151.69, setWindowRect: true, strictFileInteractability: false, timeouts: {implicit: 0, pageLoad: 300000, script: 30000}, unhandledPromptBehavior: dismiss and notify, webauthn:extension:credBlob: true, webauthn:extension:largeBlob: true, webauthn:extension:minPinLength: true, webauthn:extension:prf: true, webauthn:virtualAuthenticators: true}
Session ID: 3bb3de8ffe9eb8c41e67c0c728953bf9
	at java.base/jdk.internal.reflect.DirectConstructorHandleAccessor.newInstance(DirectConstructorHandleAccessor.java:62) ~[?:?]
	at java.base/java.lang.reflect.Constructor.newInstanceWithCaller(Constructor.java:502) ~[?:?]
	at java.base/java.lang.reflect.Constructor.newInstance(Constructor.java:486) ~[?:?]
	at org.openqa.selenium.remote.ErrorCodec.decode(ErrorCodec.java:167) ~[selenium-remote-driver-4.31.0.jar:?]
	at org.openqa.selenium.remote.codec.w3c.W3CHttpResponseCodec.decode(W3CHttpResponseCodec.java:138) ~[selenium-remote-driver-4.31.0.jar:?]
	at org.openqa.selenium.remote.codec.w3c.W3CHttpResponseCodec.decode(W3CHttpResponseCodec.java:50) ~[selenium-remote-driver-4.31.0.jar:?]
	at org.openqa.selenium.remote.HttpCommandExecutor.execute(HttpCommandExecutor.java:215) ~[selenium-remote-driver-4.31.0.jar:?]
	at org.openqa.selenium.remote.service.DriverCommandExecutor.invokeExecute(DriverCommandExecutor.java:216) ~[selenium-remote-driver-4.31.0.jar:?]
	at org.openqa.selenium.remote.service.DriverCommandExecutor.execute(DriverCommandExecutor.java:174) ~[selenium-remote-driver-4.31.0.jar:?]
	at org.openqa.selenium.remote.RemoteWebDriver.execute(RemoteWebDriver.java:545) ~[selenium-remote-driver-4.31.0.jar:?]
	at org.openqa.selenium.remote.ElementLocation$ElementFinder$2.findElement(ElementLocation.java:165) ~[selenium-remote-driver-4.31.0.jar:?]
	at org.openqa.selenium.remote.ElementLocation.findElement(ElementLocation.java:59) ~[selenium-remote-driver-4.31.0.jar:?]
	at org.openqa.selenium.remote.RemoteWebDriver.findElement(RemoteWebDriver.java:368) ~[selenium-remote-driver-4.31.0.jar:?]
	at org.openqa.selenium.remote.RemoteWebDriver.findElement(RemoteWebDriver.java:362) ~[selenium-remote-driver-4.31.0.jar:?]
	at testcases.stepactionwithdataentries.Ok1(stepactionwithdataentries.java:297) ~[test-classes/:?]
	at java.base/jdk.internal.reflect.DirectMethodHandleAccessor.invoke(DirectMethodHandleAccessor.java:103) ~[?:?]
	at java.base/java.lang.reflect.Method.invoke(Method.java:580) ~[?:?]
	at org.testng.internal.MethodInvocationHelper.invokeMethod(MethodInvocationHelper.java:133) ~[testng-7.4.0.jar:7.4.0]
	at org.testng.internal.TestInvoker.invokeMethod(TestInvoker.java:598) ~[testng-7.4.0.jar:7.4.0]
	at org.testng.internal.TestInvoker.invokeTestMethod(TestInvoker.java:173) ~[testng-7.4.0.jar:7.4.0]
	at org.testng.internal.MethodRunner.runInSequence(MethodRunner.java:46) ~[testng-7.4.0.jar:7.4.0]
	at org.testng.internal.TestInvoker$MethodInvocationAgent.invoke(TestInvoker.java:824) ~[testng-7.4.0.jar:7.4.0]
	at org.testng.internal.TestInvoker.invokeTestMethods(TestInvoker.java:146) ~[testng-7.4.0.jar:7.4.0]
	at org.testng.internal.TestMethodWorker.invokeTestMethods(TestMethodWorker.java:146) ~[testng-7.4.0.jar:7.4.0]
	at org.testng.internal.TestMethodWorker.run(TestMethodWorker.java:128) ~[testng-7.4.0.jar:7.4.0]
	at java.base/java.util.ArrayList.forEach(ArrayList.java:1596) [?:?]
	at org.testng.TestRunner.privateRun(TestRunner.java:794) [testng-7.4.0.jar:7.4.0]
	at org.testng.TestRunner.run(TestRunner.java:596) [testng-7.4.0.jar:7.4.0]
	at org.testng.SuiteRunner.runTest(SuiteRunner.java:377) [testng-7.4.0.jar:7.4.0]
	at org.testng.SuiteRunner.runSequentially(SuiteRunner.java:371) [testng-7.4.0.jar:7.4.0]
	at org.testng.SuiteRunner.privateRun(SuiteRunner.java:332) [testng-7.4.0.jar:7.4.0]
	at org.testng.SuiteRunner.run(SuiteRunner.java:276) [testng-7.4.0.jar:7.4.0]
	at org.testng.SuiteRunnerWorker.runSuite(SuiteRunnerWorker.java:53) [testng-7.4.0.jar:7.4.0]
	at org.testng.SuiteRunnerWorker.run(SuiteRunnerWorker.java:96) [testng-7.4.0.jar:7.4.0]
	at org.testng.TestNG.runSuitesSequentially(TestNG.java:1212) [testng-7.4.0.jar:7.4.0]
	at org.testng.TestNG.runSuitesLocally(TestNG.java:1134) [testng-7.4.0.jar:7.4.0]
	at org.testng.TestNG.runSuites(TestNG.java:1063) [testng-7.4.0.jar:7.4.0]
	at org.testng.TestNG.run(TestNG.java:1031) [testng-7.4.0.jar:7.4.0]
	at org.testng.remote.AbstractRemoteTestNG.run(AbstractRemoteTestNG.java:115) [testng-remote.jar:?]
	at org.testng.remote.RemoteTestNG.initAndRun(RemoteTestNG.java:293) [testng-remote.jar:?]
	at org.testng.remote.RemoteTestNG.main(RemoteTestNG.java:91) [testng-remote.jar:?]
